,PC1,PC2,PC3,PC4,PC5,PC6,PC7,PC8,PC9,PC10,PC11,PC12,PC13,PC14,PC15,PC16,PC17,PC18,PC19,PC20,PC21,PC22,PC23,PC24,PC25,PC26,PC27
var_explained_%,19.543268,17.252087,8.236883,5.0463667,4.8876896,3.2924764,3.0699728,2.6268392,2.2160017,1.863417,1.5493804,1.3856813,1.0814036,1.0649853,1.0082438,0.8984965,0.84741014,0.79066056,0.7576684,0.70168877,0.6594894,0.5970179,0.5789845,0.5689259,0.544509,0.51163274,0.46304506
C5_FFA_C5_1MON,0.05395005,0.055474456,0.01187917,0.059007104,0.028794583,0.025218807,0.019986406,-0.007944366,0.026218293,-0.019428741,-0.009829702,0.014427017,-0.034298714,0.043099105,-0.013263928,-0.025139134,-0.011542518,-0.031139826,-0.010828245,-0.018513592,0.0069668004,-0.010964965,0.013370944,0.008223454,0.014987984,0.026342897,-0.0046080896
C5_FFA_C5_2MON,0.056806657,0.054412097,0.0064969305,0.038095534,0.031007603,0.01296663,0.024765087,-0.038346764,0.034167122,-0.010089319,-0.012816134,0.016223932,-0.03670266,0.04879703,-0.0039911726,-0.025963861,-0.014915399,-0.033629898,-0.0052532866,-0.01199866,0.026461322,-0.027726993,0.017508907,-0.019053707,-0.0029068068,0.010697376,0.005344056
C3_FFA_C3_1MON,0.061036095,0.043265063,0.0009058237,0.06078993,0.027979532,0.02604397,0.012173293,-0.026993312,0.03824427,-0.02234044,-0.0151019925,0.016214537,-0.033940617,0.050977312,-0.00129677,-0.025161745,-0.0179829,-0.04002026,-0.0015761965,-0.0063438355,0.01289822,-0.023024172,0.00024410246,-0.0071757017,-0.0033170523,0.012308715,0.0061024474
C3_FFA_C3_2MON,0.06240917,0.040068332,-0.0016650412,0.045568194,0.029899536,0.015779078,0.01740119,-0.050576348,0.04321161,-0.011238989,-0.014353754,0.019414885,-0.03803654,0.0570768,0.0073921042,-0.028722761,-0.019268867,-0.043086756,0.0036478117,-0.0011878622,0.029660698,-0.043457676,0.005454839,-0.02409544,-0.01143847,0.0068122954,0.01742439
China_M2_bn_USD,0.07122473,-0.036826786,0.031247865,-0.026940005,-0.009502641,-0.03291471,0.0180519,0.02172068,0.03093911,0.006939912,0.008388768,0.007194615,0.009208105,-0.010238485,-0.009438883,0.0224981,0.010847682,-0.001887094,-0.01450007,0.011075307,0.00476696,0.0061778617,-0.012332425,-0.02385758,0.0049082353,0.0060047065,-0.0069017634
China_New_Loan_bn_CNY,-0.0004374488,0.00598338,-0.00028509335,-0.052930184,0.017535169,-0.030793486,0.02696786,-0.060561907,-0.0040984116,0.046973806,0.0030179892,-0.054166608,0.035829373,0.05099365,-0.1278394,0.025985409,-0.060123857,-0.115292005,0.028765874,-0.015504955,0.0033982699,0.12498049,-0.014254273,-0.078420326,-0.11479136,0.04282831,0.032762557
China_Property_Price_YoY,-0.063187994,0.052484285,-0.013249691,0.034628518,-0.0022749812,0.022209022,-0.0060706264,-0.025766378,-0.034504026,0.0014493162,-0.022675358,-0.015906999,-0.012166502,0.017985344,0.0046530645,0.019951941,0.03424333,3.0124454e-06,0.025929075,0.030814338,0.0029034007,0.004907898,0.0013318453,-0.016078066,0.009427114,-0.011094499,-0.0144176595
USD_Index_DXY,0.041834764,-0.05783672,-0.04941002,-0.020971224,0.049672835,0.020740746,-0.030365732,-0.013177081,-0.019159826,0.017811986,-0.010203774,-0.030418396,0.0047043324,0.028662177,-0.0028110512,-0.034573928,-0.042338237,0.01574184,0.020593343,-0.010937431,-0.009628172,-0.016496213,0.015475062,0.037388027,-0.016252596,0.003974068,-0.007600029
China_PMI_Official,-0.012188034,0.011324401,0.035018623,-0.014778993,0.00702984,-0.015694972,-0.017234612,0.06147689,0.050211098,-0.019669715,-0.006049589,0.021411514,0.022684248,0.041877028,0.049669724,0.021467907,0.00294582,0.0076038395,0.012509845,-0.010170803,0.12964249,0.017146107,-0.03737358,0.11769411,0.1423351,0.1921499,-0.0065198024
China_IP_YoY_pct,-0.005150213,0.01340584,0.059303977,-0.019844167,-0.020195227,-0.03312228,-0.021921258,0.03140287,0.012846807,0.025055796,0.013625599,0.007826619,0.15932816,0.03584114,0.042306807,0.008899158,0.016693601,-0.012339634,-0.017428555,0.020643087,0.02139231,0.02869189,-0.09620809,0.08700894,0.033998948,-0.0051415116,0.10550367
Japan_IP_YoY_pct,0.04006678,0.031219587,0.017062254,0.011638272,-0.04255926,-0.08180949,-0.027205221,-0.005583997,-0.048255794,0.033064567,-0.07214988,0.036277857,0.0111544775,-0.051794942,-0.0023219928,-0.04652256,-0.016023612,-0.026133418,0.024912238,-0.00056273374,0.03394199,-0.01846664,0.03422884,0.06737569,0.008437842,0.013923625,-0.07237108
SouthKorea_IP_YoY_pct,0.0151624475,0.030689383,0.028769502,0.03322174,-0.046097986,-0.06763284,0.0370228,0.0009861576,-0.014865295,-0.048750915,-0.034626774,-0.017109005,0.039887715,0.10694007,0.060406547,-0.037601374,-0.017701095,-0.032815937,0.034476425,-0.008273994,-0.05506546,-0.056355305,0.11474199,-0.01103069,-0.06647921,0.0048949993,0.0019172522
China_Steel_Prod_kt,-0.019017957,0.01999648,0.042890057,-0.035145286,0.042553127,-0.035359234,-0.03721416,-0.061140392,0.087182626,-0.031016864,-0.041954186,0.052131627,-0.0053345594,0.00074912026,0.020503875,0.020262105,-0.12768528,0.09344647,-0.018181376,0.02663407,0.067664936,-0.069472626,-0.06843199,0.0073630465,0.06526061,0.01713697,0.009154446
Japan_Steel_Prod_kt,0.008944504,0.0611225,-0.025168533,0.03506616,-0.03438234,-0.015457188,-0.0007333886,-0.04342762,-0.0849559,0.00551622,-0.08165443,-0.019500166,0.022864789,-0.04585994,0.07022609,0.019653143,0.023707032,-0.00033260585,-0.050951846,0.04527444,-0.030415168,-0.0012619894,-0.03157518,0.0715646,0.039241605,0.010228064,-0.033300586
SouthKorea_Steel_Prod_kt,-0.018367609,0.05652495,-0.008100482,0.022553185,-0.040101897,-0.0059196167,-0.04338705,-0.023614177,-0.03360182,-0.010089353,0.0023096986,0.01521731,-0.018932786,0.017792698,0.06520076,0.042015377,0.004977901,0.032774087,-0.060784586,0.057377007,0.03326139,-0.051017866,-0.013106663,0.0021506923,0.15093124,-0.0098190615,0.008912217
China_BFI_Prod_kt,-0.0102726305,0.0065168147,0.035152923,-0.03354223,0.05303891,-0.038636655,-0.05685521,-0.050340403,0.114881046,-0.016034521,-0.0072373985,0.063475706,-0.019805977,-0.025884626,0.00994777,0.039349396,-0.105819896,0.08236339,-0.04144376,0.04480485,0.037043754,-0.07315438,-0.06367679,-0.0035966795,0.03367828,0.008061179,-0.006653345
Japan_BFI_Prod_kt,-0.060626276,0.057297938,-0.0021109844,0.034048732,-0.022868391,0.007466741,0.007915163,0.0042519206,-0.0008584364,0.00038906067,0.003635449,-0.007715755,-0.016105663,0.008778565,0.025262093,0.012882862,0.0035121802,0.035833403,-0.018045815,0.012059659,-0.007809944,-0.009471894,-0.009810294,0.037018273,0.01488268,-0.010056142,-0.017062338
Korea_BFI_Prod_kt,-0.026970798,0.00874956,0.022920335,0.05012707,-0.049997095,0.008579325,-0.032795873,0.01775206,-0.010667727,0.026576214,0.0168274,-0.012501423,-0.057921324,0.08335285,0.07296222,0.094416454,0.068079375,0.034603674,-0.06543289,0.051255655,0.04112857,-0.07111208,-0.022099338,-0.011588094,0.0715263,-0.07302918,0.0045026736
Japan_Steel_ShipPlate_USD_t,0.054892316,0.049544603,-0.050744265,-0.034814063,0.018158657,0.013745734,-0.024402985,0.03411357,-0.021969344,0.02580582,0.010767627,0.0038463979,-0.020123333,-0.014935561,-0.017767832,0.0122270435,0.022085814,0.016414085,-0.00073027506,0.023274796,0.01986713,0.0016404394,-0.0029290821,-0.029661283,-0.007559187,0.009642855,-0.03685886
Korea_Steel_ShipPlate_USD_t,0.03350253,0.06842749,-0.026004381,-0.04398738,0.0057703103,-0.0038808358,-0.05231836,0.038063824,-0.026698861,0.01795883,0.008896945,0.014223537,-0.040349513,-0.01967199,-0.003699432,0.03368617,0.028845413,0.020408424,-0.029279584,-0.007959206,0.023222467,0.008359145,-0.0076187127,-0.05825855,0.016685562,0.015891911,-0.042602308
IronOre_Spot_CFR_NChina_USD_t,0.009436021,0.0654316,0.055304177,-0.03942131,-0.014672807,-0.07827177,-0.05741221,0.008277099,-0.00487988,0.010857253,-0.03023379,-0.013786537,-0.00089734094,0.029011102,0.011043636,-0.0071066697,-0.005749776,-0.00957091,0.020996729,-0.024644163,-0.019730272,-0.012546615,0.014085051,-0.02548608,0.009732411,-0.013630865,0.003474668
ThermalCoal_FOB_AUS_USD_t,0.050026797,0.01767381,-0.06942478,-0.047843512,0.046205543,0.010943627,-0.043919023,0.022105712,-0.0010041826,-0.0027217595,0.023412421,0.058222428,0.044894885,-0.04134081,-0.017908102,-0.071117915,0.008829038,-0.03019165,-0.0022620629,-0.019693684,0.012101422,-0.025782473,0.0009811342,0.02433015,-0.02191795,-0.034657605,0.023202423
AUS_IronOre_Seaborne_Exports_Mt_SIN,0.01520926,-0.018099474,0.0035964095,0.03695079,0.015611511,0.017758496,-0.041658513,0.10852281,0.07503211,-0.034551997,-0.06418212,0.073349185,-0.010036186,-0.064052634,0.08180196,-0.00025312166,0.00094829185,0.13489495,0.017880062,0.04923931,0.052024152,-0.080048256,-0.014667256,-0.008401342,0.02105905,0.0026669477,-0.043455
China_IronOre_Seaborne_Imports_Mt_SIN,0.006958239,-0.042044017,0.04166062,0.032184243,-0.023432955,0.035033774,-0.034438495,0.05210837,0.037314802,-0.03672022,0.080195256,-0.039286435,0.03192912,-0.0012511642,0.0066553326,0.042328805,-0.011864507,-0.0045407913,0.04452454,-0.0024510128,0.09427031,-0.05857182,0.035367902,0.121279195,0.019861586,-0.030502774,-0.070492044
China_Coal_Seaborne_Imports_Mt_SIN,0.03696789,-0.045272045,0.013536835,0.026606617,-0.020450646,-0.0044816276,-0.00047836202,0.045686174,-0.013038208,0.045316312,-0.025451176,-0.08882671,-0.08332213,0.0045893257,0.059445545,0.07735901,-0.032794207,0.078148134,0.020475805,-0.014966312,0.027375566,0.007285426,0.0013872513,0.038785137,-0.026943453,-0.061870486,0.015837077
China_Steel_Seaborne_Exports_Mt_SIN,0.049402695,-0.05395998,0.03848122,0.018552095,-0.0029116336,-0.040644217,0.019573828,-0.015004085,0.04752649,0.004758798,-0.061813913,0.004761534,0.0032605303,0.016474083,0.04008366,0.04177623,0.00090420956,0.013450821,-0.012520273,0.029036252,0.014263062,-0.0024509083,-0.016404763,0.04771085,0.02929871,-0.0009859886,-0.009669495
Cape_Deliveries_No_SIN,-0.05414423,0.025831714,0.00035386454,-0.0055513307,-0.0003019582,0.014541331,0.010566734,-0.0126938475,-0.014450886,-0.0027393019,-0.008604952,-0.031329207,0.025530336,-0.01329385,0.01864822,0.0483129,0.03351497,0.024822913,0.01757748,0.01068276,0.05991752,-0.05632077,0.0022938477,0.049406666,0.0264757,0.09417973,0.02594922
Cape_Fleet_DWT_mn_SIN,0.07021358,-0.044578653,0.02664574,-0.023504624,-0.0043211877,-0.022267662,0.0028703003,0.028686399,0.023637902,0.008308534,0.011222852,-0.0026205296,0.0041927486,-0.0017189212,-0.008635313,0.014693606,0.00054183765,0.0012337415,-0.015710998,0.008415743,-0.005128952,0.0015512684,-0.005920995,-0.018147778,-0.0053307875,0.01695705,-0.010827453
Cape_Fleet_Growth_YoY_pct,-0.051439874,0.058813635,-0.022821836,-0.007931303,0.005249637,0.013754372,0.01589381,0.021594422,0.028045166,-0.02352547,0.052693263,0.006332286,-0.008104303,0.06843045,0.019423049,-0.017114079,-0.034710344,0.016793197,0.013059009,-0.016884815,-0.029480929,-0.034049533,-0.0035296993,-0.031750273,-0.043763965,0.008971816,-0.003135022
AUDUSD_SIN,0.010901313,-0.076222844,-0.027183268,0.016370876,0.03581501,0.003118881,0.018609807,-0.0073228697,0.007187246,0.03878765,-0.03921579,-0.038161654,-0.0077013816,0.024995374,0.0011545643,0.022860905,0.022710903,0.013136941,-0.0014499617,0.021836571,-0.03902141,-8.4794956e-05,0.061923955,-0.018701043,-0.007999205,0.0460259,-0.064236574
EURUSD_SIN,-0.031495776,0.04436106,0.07200061,0.022190843,-0.0585778,-0.030356327,0.020579776,0.017823718,0.026480403,-0.019512895,0.014551151,0.029078236,-0.004693631,-0.033357736,0.0020116991,0.046609305,0.04539645,-0.02613215,-0.023152325,0.015623287,0.011470938,0.017821051,-0.01598583,-0.035595052,0.015266374,0.013714768,0.018306762
CNYUSD_SIN,0.005852338,-0.081552796,0.0061702514,0.033162907,0.028322108,0.024603743,-0.028350562,-0.031114422,-0.0017834358,0.013024848,-0.031031799,-0.03848936,-0.018580534,0.032110136,-0.0104938615,0.0033092352,-0.0038256468,0.010207152,0.017699758,0.017240139,-0.014789601,-0.012747294,0.03993228,0.015260267,-0.03261394,0.010819335,-0.03093207
China_PBOC_Rate_pct,-0.05373509,0.055091772,-0.043206237,0.022111926,0.007820807,0.030120844,-0.023556042,-0.026911626,-0.046960726,0.005572511,-0.015533608,-0.01878199,-0.024490813,-0.0032885754,0.011553575,-0.0015591824,-0.035433844,-0.008061617,-0.0029088908,0.005529373,0.019483503,-0.0027248524,-0.024824647,0.012821655,-0.005487822,-0.013943382,0.014252129
China_SteelPlate_CNY_t,0.018017884,0.08539649,-0.0011307175,-0.017414918,-0.00045765506,-0.0223062,-0.008109485,0.027042309,0.00032441752,0.015699312,-0.002276455,-0.018217467,-0.015913786,-0.011877976,-0.026820613,0.027990552,0.0045890734,0.029399617,-0.01427164,0.0036178068,0.011825608,0.01924315,0.00011416126,0.020352015,-0.008003671,0.007934585,-0.022628026
China_SteelPlate_USD_t,0.014063686,0.08694639,-0.0012528553,-0.020744136,-0.008207237,-0.024139587,0.0032745777,0.029188704,0.0016040145,0.009605359,0.0031300355,-0.006056802,-0.009723854,-0.015893118,-0.018846154,0.02173258,0.0070805764,0.022179771,-0.01421667,-0.0030491343,0.012249407,0.019809894,-0.0056406744,0.013057766,-0.0005485966,0.0039810496,-0.011123366
Brent_1M_USD_bbl_SIN,0.07373777,0.014580331,-0.030871239,-0.036295414,0.021314953,0.031740714,-0.029535292,-0.03697945,-0.035512343,-0.02203763,-0.005104182,0.006236823,0.02750501,0.0124571975,0.0061142817,-0.015068705,0.011251989,-0.005573519,0.022276457,0.011326554,0.018059513,-0.013793022,-0.012831497,0.0048230374,-0.015983738,0.01080463,0.008706574
Cape_PortCongestion_pct_fleet,-0.014468499,0.062637314,-0.043219518,-0.03285951,0.0005905801,-0.006637123,0.06578821,-0.020263094,0.0032290102,-0.05579789,-0.03596595,0.001252778,0.0036390338,-0.029872986,-0.031280596,0.021937074,-0.06326678,0.010453774,-0.036101043,0.0070739044,0.009550459,0.016967978,0.012513473,-0.036380768,0.0036390172,0.022550866,-0.067157485
Cape_PortCongestion_CHN_mDWT,-0.017856363,0.029184418,-0.0010453366,0.0077279746,-0.056552626,0.06317883,0.08878659,-0.0035097874,0.024463244,-0.093100056,0.07537527,0.026957517,0.027042847,-0.04176597,-0.051442888,0.05519356,-0.004771537,-0.06149641,-0.046849657,-0.024484854,0.034084123,-0.060502503,0.011704688,-0.037871603,0.004308484,-0.021610782,-0.025580576
China_IronOre_Prod_cum_10kt,0.0090723215,-0.010074676,-0.016266946,0.028407386,-0.07041674,0.068944514,-0.06593902,0.10270891,-0.059722442,-0.023282116,0.008414154,0.02732908,0.033077396,-0.017513007,0.013731337,0.05363382,0.022855448,0.0116864685,0.02301093,-0.10046098,-0.026886867,-0.07831592,0.05220484,0.06437426,0.062393155,0.0038359738,0.025740417
Cape_Atlantic_at_sea_ballast,0.040665913,-0.051674306,0.036827445,0.007655286,0.01853013,-0.029715782,0.008796754,-0.020347157,-0.014771692,0.03372068,0.058353674,-0.015148935,-0.06492601,0.010375698,0.023519257,-0.082573965,0.0366842,0.04524637,0.026521027,0.016189171,0.0016334708,0.044260137,-0.032041002,-0.040327,0.048453555,0.00816879,0.014272827
Cape_Atlantic_at_sea_laden,0.039597347,-0.06094416,0.037636835,0.034716357,0.00033527656,0.0011136093,0.0047543165,0.023787169,0.016818743,-0.0025869089,-0.03456612,-0.011419724,0.01368955,0.007190252,0.057309527,-0.015727296,-0.017438361,0.0070483335,0.02640509,-0.024459744,0.033434484,-0.015988208,0.005368469,-0.00058506615,-0.07435564,-0.02448624,0.029560415
Cape_Indian_at_sea_ballast,0.033214655,-0.04489755,0.028282383,-0.009866407,-0.025146402,-0.0273134,0.00031456372,-0.03169376,0.023907738,0.055313375,0.059306994,0.0014104252,-0.06313107,0.07610891,-0.054301344,-0.038453575,0.032560177,-0.012007637,0.012458387,0.060656387,-0.057483297,0.03047639,-0.014979519,0.0116185285,0.072817214,0.0066960813,0.052539986
Cape_Indian_at_sea_laden,0.044765092,-0.04739698,0.039265834,0.017933907,-0.012607128,-0.0027539625,-0.030875871,0.02574656,0.029750772,-0.010088637,-0.038643464,0.0098126745,0.027841123,0.006780961,-0.0115453005,0.026089594,0.011860736,-0.026327232,-0.0010901017,0.020339202,0.009633014,-0.045492023,0.023226524,-0.024512459,-0.011798593,0.026899263,0.020449065
Cape_Pacific_at_sea_ballast,0.04639957,-0.031577226,0.006320831,-0.028262567,-0.009562156,-0.007008593,-0.020641102,-0.0029633392,0.029003479,0.034655366,0.05353389,0.008479072,-0.04125217,0.045446716,-0.07472522,0.08334364,0.052325778,-0.01494539,-0.046862464,0.0016545437,-0.02568765,-0.0062659644,0.009469367,0.07021557,-0.039227266,-0.019323226,-0.072180375
Cape_Pacific_at_sea_laden,0.028606452,-0.038993724,0.0023559637,-0.008655399,-0.009852704,0.035023987,-0.042540543,0.08289914,-0.03537314,-0.026632225,-0.07254805,-0.023418266,0.07109587,-0.03810177,0.056329936,0.083776236,-0.02589774,-0.013895828,0.005891577,-0.016516266,0.008150551,-0.078172594,-0.03204778,-0.003841721,0.04341946,0.053945437,0.0329874
CITIsteel_PMI,-0.006384819,-0.02031135,0.076520324,-0.020227196,0.012101033,0.015296028,-0.0072913677,-0.024049483,0.01300344,-0.026946435,0.0039747083,-0.058658537,-0.012417181,-0.013463268,-0.06056574,-0.0061915857,0.04220696,0.09991356,0.02246721,-0.14196426,-0.06194818,-0.042052574,0.027049685,0.09286802,-0.04334859,-0.030929903,-0.067142725
CITIsteel_Production,-0.01582225,-0.00049532915,0.0711351,-0.026139207,0.01017229,0.013954522,-0.0060162987,-0.02472069,0.024996158,-0.022796623,0.018234778,-0.045886073,-0.019109193,0.0031747392,-0.07035898,-0.015320662,0.046239007,0.11679518,0.02363896,-0.14621954,-0.066953726,-0.030524865,0.024258513,0.10049233,-0.034250647,-0.035066847,-0.052452713
CITIsteel_NewOrders,-0.001856403,-0.038143612,0.07141047,-0.018312102,0.019445676,0.008465823,-0.020623524,-0.013299229,0.013725104,-0.03408085,-0.0039151465,-0.05267257,-0.026337404,-0.013483756,-0.042073473,0.00061884284,0.023586296,0.06702062,0.013348781,-0.12598802,-0.04308443,-0.034469582,0.04355499,0.087634176,-0.04729429,-0.027635451,-0.04751252
CITIsteel_ExportOrders,0.02647482,-0.013303911,0.030593455,-0.031168347,-0.00024927576,-0.024094734,-0.07391475,-0.053606544,-0.068707526,-0.012360766,0.010192756,-0.03418911,0.07989888,-0.00037374304,0.08619289,-0.021412555,-0.004767386,-0.0024378286,-0.07766253,0.025362045,-0.053579982,0.008725335,-0.048407312,0.13021651,-0.022065472,-0.05744957,-0.0048946585
CITI_IronOre_CFR62_USD_t,0.079578295,-0.0123454705,-0.00807248,-0.022381132,0.00036607523,-0.009813754,-0.0050242757,0.037435222,0.00958533,0.032208983,5.3799085e-05,-0.00672974,-0.036106985,-0.012186008,-0.030980915,0.009925708,0.023293782,0.013623337,-0.009997711,0.0016680204,0.011898812,-0.014058312,0.03128163,-0.06372203,0.012984136,0.03229279,-0.036172275
CITI_ShanghaiCoke_CNY_t,-0.07282656,0.018728133,0.0010587991,0.028616788,0.0038329568,0.019024173,-0.007792319,-0.059443414,-0.014472868,-0.029585155,-0.021468008,-0.02718167,-0.033435512,0.03828954,0.0018369592,-0.013080671,0.0025377604,-0.0089215385,0.051185373,-0.024445813,-0.017346237,-0.058533523,0.06322215,-0.067556806,0.019675463,-0.017427681,-0.008494695
CITI_CokingCoal_Shanxi_Liulin_#4,0.048120476,0.0494547,-0.046790823,-0.012376971,0.020172255,0.040002584,-0.012306084,0.050510265,-0.005717651,0.014809862,0.035500653,-0.06964065,-0.011052736,-0.004797382,-0.026541425,0.034910616,0.043087646,-0.018074045,-0.009309139,-0.015589684,-0.028782606,0.020647433,0.027584348,-0.0077747195,-0.020574214,0.023372607,0.008555725
CITI_SteelProd_national_10mt,-0.011410362,0.024798976,0.046661228,-0.0050044865,0.037929766,-0.051161945,-0.084456325,-0.08252423,0.07618123,-0.00961058,0.019677294,0.10176427,0.006487329,-0.00044913797,0.007543665,-0.0017389357,-0.050525006,0.05676577,0.009819092,-0.03141723,0.017581884,-0.05275952,-0.021366548,-0.001987842,0.005643604,0.0043857256,-0.022303605
CITI_SteelProd_key_Mtpd,0.0014705713,0.009517305,0.068414085,-0.029524544,0.03082025,-0.056678664,-0.05356004,-0.07098482,0.07365037,-0.014997649,0.007041761,0.08678042,0.019918643,-0.03187446,-0.006493197,0.01944181,-0.09708606,0.050089058,2.2107506e-05,-0.0046435213,0.007592633,-0.008301683,-0.047167256,0.0017789003,0.0436636,0.028953426,0.006319947
CITI_Rebar_Shanghai_CNY_t,0.016863644,0.08652563,-0.0053309496,-0.010974885,-0.00024219084,-0.016644161,-0.005920197,0.017893925,-0.010868572,0.014379704,-0.022830239,-0.02092591,-0.024836125,-0.005487585,-0.027764514,0.011595496,0.013124667,0.022680735,0.0039610905,-0.016561328,0.009913972,0.017742759,0.017480273,0.018323509,-0.008247648,0.013425032,-0.025475131
CITI_PigIron_Steelhome_China_output_pi,0.012149836,-0.0036971944,0.038950916,-0.01162716,0.01596847,-0.03476909,-0.08960285,-0.06510445,0.0719529,0.024902372,0.01648489,0.07229179,0.010084646,-0.011596449,-0.038394988,0.051449604,-0.046923146,0.022981768,-0.0010672368,-0.00969268,0.023785792,0.0010911422,0.00019355705,-0.027376637,-0.051728025,0.013433045,0.054860137
CITI_OreInv_ports_Mt,0.055555183,-0.008090017,-0.006829665,-0.035483293,-0.04221464,-0.004310428,0.11570859,0.0011085131,-0.009145397,-0.034522634,0.005083855,0.032596886,-0.009175836,-0.024822889,0.036638174,-0.03617193,-0.07923414,0.00926549,-0.02338489,-0.07705742,0.020618953,0.013145322,-0.024249587,0.04855023,0.017729683,-0.011280712,0.035923682
CITI_OreInv_AUS_Mt,0.0061723087,0.027831597,-0.032765232,-0.028615229,-0.032351296,-0.0012227092,0.13607465,-0.025030468,-0.0038254147,-0.026534785,-0.0072255745,0.018533295,-0.087022096,-0.016508767,0.02082707,-0.055973947,-0.10787769,0.042705633,-0.017709138,-0.12033588,0.027329728,-0.023994217,0.02001871,0.04821249,-0.021678453,-0.04378672,0.032873433
CITI_OreInv_BRA_Mt,0.04560573,-0.03700721,0.029773058,-0.0034763792,-0.031122992,-0.024271313,0.073212914,0.013543206,0.015172771,-0.030109456,-0.021379424,0.093303666,0.071925335,-0.061730605,-0.03725916,0.014602101,0.11872573,-0.043784115,0.0012013251,0.053368848,0.008944483,0.014915795,-0.004468582,-0.011316852,0.02902667,-0.028072594,-0.039564155
CITI_OreInv_days_mills,-0.02850876,0.039968517,-0.0117096305,-0.0006382702,-0.03379716,-0.005861739,0.059061274,-0.042744186,-0.056465514,-0.017992413,-0.008532247,-0.018015858,0.052473243,0.044346962,-0.034890592,-0.009915256,0.016209614,-0.042567264,0.041901205,0.008142004,-0.079318434,-0.06438335,0.006000591,0.011770615,-0.00056841195,0.0032974114,0.019397663
CITI_AppConsump_Rebar_Mt,0.06521299,-0.05283744,0.031173013,-0.015048455,-0.0070517883,-0.022492545,0.010965803,0.020264752,0.025053672,0.0070979684,0.0015053033,0.00014130754,0.0066237133,-0.006050604,-0.009807952,0.013936858,0.009512892,-0.0012681102,-0.0109755425,0.007812763,-0.003827585,0.00078181963,0.00233865,-0.014239716,0.0020031785,0.012619717,-0.01011333
CITI_AppConsump_HRC_Mt,0.06521299,-0.05283744,0.031173013,-0.015048458,-0.00705178,-0.022492543,0.010965799,0.020264752,0.02505368,0.007097974,0.0015053016,0.00014131093,0.006623713,-0.006050597,-0.009807951,0.013936836,0.009512882,-0.0012680979,-0.010975566,0.007812766,-0.0038276056,0.00078181055,0.002338629,-0.014239728,0.0020031808,0.012619702,-0.010113318
CITI_AppConsump_Total_Mt,0.06521299,-0.05283744,0.031173013,-0.01504846,-0.007051784,-0.022492545,0.010965801,0.020264745,0.025053682,0.007097976,0.0015052971,0.00014131558,0.0066237175,-0.006050594,-0.009807945,0.013936836,0.0095129,-0.0012681003,-0.010975556,0.0078127505,-0.0038276082,0.0007818191,0.0023386339,-0.014239722,0.002003173,0.012619715,-0.010113316
CITI_IronOreSpot_MB_USD_t,0.009656568,0.06325644,0.05716055,-0.04070599,-0.01522011,-0.077253126,-0.053620473,0.0031902757,-0.0021138082,0.012714709,-0.028835637,-0.016266366,0.007810605,0.025852099,0.011018246,-0.002181736,-0.004940907,-0.012235642,0.022198679,-0.03244399,-0.017028924,-0.034550197,0.016740307,-0.026319982,0.023095874,-0.009532213,0.0022135656
CITI_Rebar_Shanghai2_CNY_t,0.015798297,0.08552557,-0.0034891728,-0.015297308,-0.0046522794,-0.0067996597,-0.0053054634,0.038998205,-0.019608708,0.008387935,-0.011696277,-0.017622383,-0.009752922,-0.009874602,-0.021342635,0.018103894,0.016615687,0.0070955423,-0.006604595,-0.02149141,-0.0004025783,0.030531973,-0.0038889893,0.028698754,0.008264084,0.015373316,-0.011000027
CITI_Scrap_Turkey_USD_t,0.050536264,0.055171378,0.010708507,-0.06026991,-0.0063277353,-0.03156947,0.008428236,0.028042117,-0.013282238,-0.01968465,0.00069283077,-0.025005655,0.0039069518,-0.02506966,0.028375147,0.035539113,-0.00013599794,0.02232237,-0.00032609198,-0.029214073,-0.0006373273,0.005974275,-0.0077530546,-0.01725399,0.023263656,-0.027246293,0.029152183
CITI_Steel_SEA_USD_t,0.029014561,0.08102745,0.008182113,-0.025147915,-0.0111727845,-0.0357115,0.00114757,0.026952712,-0.005920619,0.006848584,-0.011123274,-0.008346212,-0.019985614,-0.023972794,-0.0048476257,0.013848108,0.0098454505,0.015194247,-0.004247664,-0.026172569,0.0044168406,0.009816412,0.020148534,0.008310006,-0.0023379682,0.006170426,-0.008021432
CITI_Steel_US_USD_t,0.036577027,0.07015395,0.010799448,0.004502637,-0.028427524,-0.037757464,0.020641237,0.048481695,0.008227221,0.042887066,-0.005111141,-0.024578715,-0.011968373,-0.03875232,-0.017450536,0.061907075,0.024223102,0.026646312,0.00094122,0.03257975,-0.0027321894,0.03738547,-0.009314946,-0.008606157,0.0136376405,0.0030132197,-0.03158337
CITI_China_Rebar12mm_CNY_t,0.019569665,0.08554638,0.0014866206,-0.01770425,0.0011258352,-0.019698095,-0.009423616,0.025621288,-0.0070605935,0.014389968,-0.015616554,-0.019144414,-0.024702106,-0.0096517475,-0.021919798,0.013026114,0.016945418,0.014667477,0.0020611722,-0.0158901,0.008809213,0.020577932,0.01268285,0.025222844,-0.010274258,0.0057927105,-0.019618046
CITI_China_HRC3mm_CNY_t,0.013254373,0.08586722,0.014794335,-0.019096652,-0.01200684,-0.021864496,-0.016421797,0.030307995,-0.008029069,0.011871084,-0.009516828,-0.023672014,-0.021231152,-0.01588848,-0.01738539,0.00903944,0.001215353,0.009583946,-0.0075829094,-0.010208269,0.0034156272,0.020766683,0.013881433,0.018317772,-0.0101054115,0.018059725,-0.009739851
CITI_China_Billet_Q235_CNY_t,0.020463035,0.0853415,0.001856114,-0.017893663,0.000774433,-0.020036362,-0.009470753,0.025839018,-0.006930664,0.013211949,-0.0142143695,-0.019755282,-0.02475137,-0.010740645,-0.021679955,0.011893523,0.01633897,0.0130731305,0.0006142677,-0.015929366,0.008408984,0.020212173,0.013390805,0.023931544,-0.010668779,0.004813969,-0.020507937
China_Steel_Exports_Mt_CLRK,0.049402695,-0.05395998,0.03848122,0.018552095,-0.0029116336,-0.040644217,0.019573828,-0.015004085,0.04752649,0.004758798,-0.061813913,0.004761534,0.00326053,0.016474083,0.04008366,0.04177623,0.00090420904,0.013450822,-0.012520272,0.029036248,0.014263068,-0.002450894,-0.016404763,0.047710855,0.029298699,-0.0009859899,-0.009669499
China_Mainland_TPU,-0.03228429,-0.010745368,0.017374989,0.028571783,-0.023377275,0.032442123,0.03345071,-0.007587561,0.014306938,-0.055999592,-0.020683957,0.081495374,0.078155965,-0.09163915,-0.031492826,-0.009070179,0.03879441,0.042040747,0.08332873,0.003467137,0.00987069,0.050797112,0.034585096,0.031119546,0.14020137,0.11594794,-0.021650711
Bunker_HSFO380_CLRK_W_USD_t,0.073731065,0.011748685,-0.0041290224,-0.023269664,0.010718172,0.03351833,0.0037726979,-0.0648211,-0.010395913,-0.03791228,0.00010461,0.00020468913,-0.012540649,0.009299352,0.059122745,0.057224926,0.028137034,0.011496871,0.036881905,-0.011516637,-0.021002796,0.001714293,-0.039059382,-0.013863731,0.017746193,-0.0042851632,0.01876145
Bunker_MGO_CLRK_W_USD_t,0.06449956,0.0043013594,-0.04794776,-0.040649958,0.03833654,0.033475854,-0.047055107,-0.039785046,-0.037671216,-0.028417882,-0.002973453,0.019071162,0.04291527,0.0036468296,-0.002340176,-0.01382599,0.029690165,-0.020062067,0.034499515,0.015593633,0.001050362,-0.018263856,0.0005271575,0.008240615,-0.0141629875,0.0011972825,0.0049993023
Coal_Price_AUS_USD_t,0.05407201,0.018203774,-0.04915922,-0.054517537,0.048585746,0.0076677464,-0.055192836,0.03823297,-0.022101121,-0.0076599806,0.01796907,-0.011508382,0.041234586,-0.05450248,-0.026662597,-0.056072902,-0.0019324049,-0.019324949,-0.028046262,-0.05978845,-0.008665814,-0.02295058,0.023628004,0.052033134,-0.0003327055,-0.005302409,0.03305608
Brent_Crude_USD_bbl,0.074251465,0.01537151,-0.028644295,-0.03925573,0.021479005,0.039364565,-0.028818905,-0.034708615,-0.03450931,-0.012808027,-0.010961114,0.013071963,0.034715574,0.020644026,0.009005087,-0.021224748,0.006478162,0.00012875137,0.008129455,0.017930193,0.011587363,-0.0051773232,0.007926215,0.0025621604,-0.011883492,-0.004833432,-9.552868e-05
MSCI_WorldEnergy,0.068505295,-0.044360727,-0.0014461416,-0.019047683,0.007340862,0.028617876,-0.009345927,-0.035252992,-0.04079448,-0.004840431,-0.047958296,-0.013476183,-0.005907421,-0.005362102,-0.022498308,0.0027102418,0.0062899,0.010157136,0.006315675,0.0072893254,0.017437307,-0.0019285524,0.0014703915,0.00017032892,-0.0024395061,-0.022916263,0.002932023
Wheat_CBOT_USdc_bu,0.038637694,0.050255552,-0.05057908,-0.065149635,0.0388403,0.0044347835,-0.0066698394,0.004321763,0.013123386,-0.03503769,0.013247293,0.04864403,0.046102494,-0.03246508,0.0132447975,-0.006069173,-0.0046391236,0.0014659592,-0.022687705,-0.02542442,-0.033426084,-0.004295451,-0.00079602184,0.012604501,0.01319446,-0.0101412535,-0.010387412
Aluminum_LME_USD_t,0.07133306,0.024380153,0.0038720865,-0.045634277,-0.013229803,-0.0012208851,0.056999363,0.017123243,0.009728834,-0.031458773,-0.005487362,0.022631466,-0.010896858,-0.032899003,0.011524552,0.002382801,0.031214604,-0.0058801617,-0.012627075,-0.042013288,-0.0076494073,0.014770756,0.023575034,-0.015897017,0.009895684,-0.003676896,0.012280584
SP500,0.06367026,-0.034924723,0.04890924,-0.00075181515,-0.045741625,-0.019780885,0.057429194,0.01893684,0.019874858,-0.00085362035,0.00544215,0.013835552,-0.005105921,0.00501599,0.00084917113,-0.0012503156,0.010704646,0.010515635,-0.0015662764,-0.01656367,-0.004339428,-0.00038633047,0.009595161,-0.008695411,-0.0009889824,-0.010095748,0.01317187
HangSeng,-0.049197093,0.048327647,0.026222898,0.0203083,-0.045635935,-0.024880523,0.05419237,-0.0361989,-0.0038349861,-0.012192851,-0.033348672,0.06870444,0.018230299,-0.04464724,-0.029712526,-0.014346117,0.057436552,-1.2878532e-05,0.0012349371,0.024144957,0.025767744,0.008317096,0.00069518504,0.01587738,-0.0035621072,-0.018959973,-0.0013082688
EuroStoxx50,0.059763543,-0.038850408,0.05203751,0.008971479,-0.0445952,-0.008397025,0.054794297,-0.0072161625,-0.009249477,0.007585131,-0.030532911,-0.014816511,-0.024195053,-0.024127232,-0.032634374,0.009476387,-0.007214337,0.01719183,0.0026317993,0.033083253,0.013312373,0.0066835964,-0.002276246,-0.031181343,-0.0010592862,0.011320941,-0.0045527276
MSCI_Global,0.062430542,-0.02794763,0.055344295,0.0021445358,-0.053430595,-0.021136906,0.062046427,0.01784805,0.016316423,-9.920773e-05,0.0025296877,0.015784096,-0.005326353,-0.0035531162,-0.004280572,0.0010330293,0.0145358145,0.010649946,-0.002331176,-0.009628529,-0.0011361262,0.002163825,0.0049498477,-0.012188086,-0.002068373,-0.010503574,0.01336781
MSCI_EM,0.0053579146,0.05100402,0.06809907,0.0056590238,-0.08466334,-0.035262443,0.055970054,0.007764583,-6.977422e-05,-0.009541104,0.009965251,0.054197554,0.027549634,-0.027703159,-0.0024377082,-0.01673895,0.022518555,-0.008356584,-0.014354849,0.0029664198,0.0049769217,0.0085476935,-0.028549263,0.022889137,-0.025962686,-0.015949614,0.028837942
KOSPI,0.043636907,0.042310677,0.066521764,-0.0043248283,-0.05655146,-0.04373063,0.015318119,0.034457896,0.007111353,0.020145852,0.014495669,0.035177197,0.011464321,-0.0242611,-0.0057207593,0.0054595675,0.026228825,-0.0056914506,-0.021077538,0.032477345,0.018153733,0.014116163,-0.04665771,0.0009226091,-0.034949478,-0.019302847,0.024896713
VIX,-0.03354148,0.0055613825,-0.047605705,-0.02688225,0.05922681,-0.064796254,0.039781764,0.03669816,0.093325995,-0.023088528,0.022153048,0.02615473,0.046127044,-0.0038580808,0.08119491,0.006015345,0.035658877,-0.064272396,-0.04695572,-0.011944351,-0.048685413,0.001994031,0.061912432,0.017369399,-0.031114103,0.07768501,-0.0161603
VHSI,0.005845622,-0.018277219,-0.050921585,-0.03896838,0.08066532,-0.0375074,0.013139473,0.032530893,0.07238552,-0.0080947075,0.009806298,-0.032781184,0.00346764,-0.013462188,0.05583779,-0.011108439,0.07436681,-0.051719923,-0.0429361,-0.016758014,-0.10602964,0.03765304,0.08490005,0.076292366,-0.035936695,0.071554564,0.008430289
VSTOXX,-0.028126677,0.0107730385,-0.048686534,-0.032291014,0.06560791,-0.05721642,0.043985177,0.037887193,0.09438273,-0.028488696,0.022172518,0.025808536,0.023444133,0.011237272,0.1015039,0.011408253,0.05959722,-0.048967678,-0.034283005,-0.026351107,-0.040752333,-0.00698748,0.06352414,-6.457207e-05,-0.031091334,0.06418293,-0.007335044
Nikkei225,0.060985416,-0.04190849,0.05608203,0.004809587,-0.039645657,-0.013559809,0.024746483,0.009240234,0.007235617,0.01097356,-0.001519044,-0.014477169,0.0038076953,0.03008056,0.013847146,-0.008015811,-0.019719934,0.0070706713,-0.0037369197,0.017578643,-0.007452572,0.0009770481,-0.025227137,0.018678505,-0.029337224,0.00595602,0.027774628
Guinea_CHN_Bauxite_Import_MT,0.018811606,-0.026003592,0.0106543945,-0.018812321,0.0023600382,-0.009867876,0.015129965,-0.0004018078,0.0016834536,-0.014771017,-0.008692403,-0.019588035,0.017372629,-0.022364365,0.0060083466,-0.0046733366,-0.010022752,0.014797031,-0.021568356,-0.013156917,-0.020428361,0.037797168,-0.014074005,-0.0041538184,0.05122149,0.08283215,-0.0069540585
Guinea_Bauxite_Cape_Export_MT,0.017092884,-0.024990417,0.0114575755,-0.015660161,-0.00027545815,-0.0067480197,0.013257975,0.001556705,-0.0035405364,-0.01703455,-0.0056772316,-0.01674913,0.016098889,-0.024841197,-0.0050095147,-0.00987248,-0.0014846999,0.010259986,-0.027917704,-0.013111924,-0.0043385313,0.02967607,-0.01685813,-0.007708249,0.06731564,0.09567504,-0.022278175
AUS_IronOre_Exports_Mt_CLRK,0.01520926,-0.018099474,0.0035964095,0.03695079,0.015611511,0.017758496,-0.041658513,0.10852281,0.07503211,-0.034551997,-0.06418212,0.073349185,-0.010036186,-0.064052634,0.08180196,-0.00025312306,0.0009482924,0.13489494,0.017880056,0.04923932,0.05202414,-0.080048285,-0.014667302,-0.00840139,0.021058971,0.0026669658,-0.043455068
Brazil_IronOre_Exports_Mt_CLRK,0.02491545,-0.023128327,0.03430785,0.07767915,-0.019858332,0.02336307,-0.07001703,0.037407674,0.0210466,-0.021630527,0.057271577,0.083375394,-0.032621272,-0.0029538977,0.034572203,0.0030438434,0.08650151,-0.004104003,0.044113804,-0.02204453,0.041713245,-0.051296845,-0.016335625,-0.014554439,0.011910092,-0.06887015,-0.009096575
China_IronOre_Imports_Mt_CLRK,0.006958239,-0.042044017,0.04166062,0.032184243,-0.023432955,0.035033774,-0.034438495,0.05210837,0.037314802,-0.03672022,0.080195256,-0.039286435,0.03192912,-0.0012511638,0.006655332,0.04232881,-0.011864508,-0.0045407903,0.044524543,-0.002451017,0.094270326,-0.058571815,0.035367865,0.12127921,0.01986156,-0.030502718,-0.07049199
SKorea_IronOre_Imports_Mt_CLRK,-0.011566527,0.017509276,0.0046546594,0.036389828,-0.038212504,0.025019735,-0.0023347924,0.018197494,-0.004574912,-0.027473254,-0.026169688,0.020110462,0.08691417,0.041644584,0.07017928,0.04531304,-0.031405207,0.020586014,-0.013626072,0.046212513,0.09303864,0.00087627687,0.0017741205,0.08959816,0.065154575,0.039667517,-0.045568246
Japan_IronOre_Imports_Mt_CLRK,-0.0026794283,0.04393717,-0.023173472,0.03834187,-0.03438031,-0.0056680157,-0.0017813848,-0.017939925,-0.055184446,0.026184358,-0.10029377,0.016420132,0.035928942,-0.044262856,0.073007874,0.08560935,-0.0066417377,0.00074343954,0.0148015525,-0.06089559,0.023326788,0.0067947805,-0.055778123,0.021941867,0.051205922,-0.045085397,-0.03259126
Taiwan_IronOre_Imports_Mt_CLRK,-0.0065197116,0.055743717,-0.01715081,0.004940441,-0.000297791,-0.015945192,0.028442893,0.0013227566,0.00020609355,0.029825235,0.0051666517,-0.059281785,0.053852756,0.042648572,0.052005418,0.011963793,0.035894055,0.028687654,-0.095445275,0.015613657,0.007494459,-0.033867925,0.03054933,0.03677419,0.061675366,0.0060414006,0.049815357
China_LPI_Value,-0.016830098,0.004848907,0.042898588,0.028440261,-0.010112236,0.013975612,-0.024082378,0.059554905,0.024770612,-0.01618461,-0.04895823,0.020457145,0.03220483,0.08424056,0.0226675,0.05995076,-0.03137036,0.0699132,0.037285607,-0.042464472,0.08904753,0.04501092,-0.039327182,0.104249805,0.16485377,0.19988644,-0.009914637
Platts_HFO380_SIN_ext_USD_t,0.07498839,0.012486055,-0.00024743046,-0.027576054,0.011256744,0.041194122,0.005137491,-0.061439846,-0.007351991,-0.025887968,-0.0050136885,0.0032889668,-0.017152762,0.008087222,0.07116416,0.050186433,0.019954812,-0.0011402081,0.029866863,-0.0031883314,-0.028174527,0.006062765,-0.015561937,-0.011268849,0.028290872,-0.024321154,0.011693914
Platts_MGO_SIN_ext_USD_t,0.065280765,0.004870862,-0.04622625,-0.04245572,0.037316192,0.039275922,-0.046419736,-0.03948971,-0.035581425,-0.022498045,-0.009110305,0.022330461,0.04649043,0.007964278,0.0028032202,-0.017650373,0.027892075,-0.021368181,0.028951377,0.021038419,-0.0007963442,-0.013825803,0.0147899315,0.0071621924,-0.00769607,-0.0075392863,0.00038235105
TF_AUS_CHN_IronOre_MT,-0.04939469,-0.013059677,-0.0027551178,0.024306726,0.014437903,0.037688427,-0.028510459,0.0018791502,0.004787465,-0.015453722,-0.016793981,0.010911457,-0.037008498,0.002820933,0.034448914,0.050402235,0.006970833,0.050819013,-0.011942773,-0.0065208287,0.008568023,0.033116825,-0.0015644827,-0.05822789,-0.029774226,0.069069795,-0.053991735
TF_AUS_CHN_Coal_MT,0.032695092,0.006355338,0.007192838,-0.01610984,0.0066795237,-0.01890201,-0.008605723,0.023180772,0.001660545,0.02236297,-0.03104484,-0.012194033,0.00026015207,0.0120268455,-0.0090509085,0.011664733,0.0008183626,0.043763246,-0.03276903,0.013343136,0.011879575,0.007599133,-0.011039957,0.012027296,-0.04129206,-0.028919993,-0.036427442
TF_AUS_CHN_Bauxite_MT,0.018957287,-0.023587171,0.0027649798,0.017271936,-0.017915638,-0.0045853993,0.01145719,0.030129481,0.024160381,-0.010809576,0.0057095257,0.07419656,-0.030426037,-0.007495609,0.021769376,0.018185966,-0.011207817,0.031830024,-0.0075324667,0.055388246,-0.03662686,0.0002416776,-0.031950578,0.054611024,-0.017912326,-0.055327106,-0.08482004
TF_AUS_JPN_IronOre_MT,-0.01582218,0.0046388875,0.0011393087,-0.0017338245,-0.0017240591,0.010290931,-0.012141824,-0.0043148836,-0.010823304,-0.010923707,0.0019998592,0.006394706,-0.027149653,0.008532045,0.060242325,0.030911703,0.030290652,-0.043072816,-0.00042073335,0.08266003,-0.021984888,-0.029820424,-0.026664203,0.02510991,-0.09996892,0.036970533,-0.05471888
TF_AUS_SKorea_IronOre_MT,-0.0015317354,0.0063422443,-0.004299406,0.007834029,0.02350493,0.021634873,-0.016303347,-0.025472242,-0.016358975,0.0002041112,-0.009373364,0.016939284,0.010079308,-0.047716916,-0.011984018,0.08913095,-0.013744487,-0.0027402868,-0.035196763,0.012758416,-0.009848302,0.009042431,0.039661814,0.033281658,0.051940106,-0.036547616,-0.02660674
TF_AUS_Taiwan_IronOre_MT,-0.007879279,0.018823117,0.003813818,0.0005952608,0.027492305,0.008978231,-0.03094983,-0.027391965,0.01127768,-0.023870112,0.007698533,0.016305473,0.03377424,0.03933506,0.012337115,0.063349396,-0.023607545,0.054632746,-0.038819496,-0.0031885114,-0.070787676,0.0007387093,0.044967987,-0.031062797,0.104259774,0.045874033,-0.0009946536
TF_Brazil_CHN_IronOre_MT,-0.0006442122,-0.011549633,0.01297192,0.027106963,-0.0010223779,0.01903571,-0.022838354,0.017056435,-0.004906145,-0.0033069071,0.04225535,0.027959507,-0.03175087,0.0020712465,0.025689578,-0.0267528,0.049807943,0.04565612,0.026751727,-0.030797575,0.03836331,0.010345804,0.047339607,-0.03996019,0.030618653,-0.06540235,-0.041140772
TF_Brazil_SKorea_IronOre_MT,-0.016525822,-0.025642913,0.029176991,-0.014952823,-0.00959248,0.0043086284,-0.036445305,-0.027047964,-0.019382313,-0.027358001,0.034796845,-0.054909833,-0.03687962,0.08216392,0.067310765,0.048384078,-0.080173016,0.060843114,-0.12969905,0.06377859,-0.01028627,-0.027899588,-0.020207886,0.07391118,-0.1312973,-0.065128006,-0.03439462
TF_Brazil_Taiwan_IronOre_MT,-0.0013896741,-0.005301252,-0.016815482,-0.056707826,0.03679956,0.012917896,-0.059267666,0.087436795,0.0614855,-0.01934929,0.13457574,-0.03113209,-0.011688502,0.06398,0.064052746,0.035826586,-0.038448803,-0.037229702,-0.107163884,-0.028419357,-0.022978215,-0.0055058226,-0.05340387,-0.050554782,-0.033768825,-0.024890829,0.06710901
China_Finance_Initiation_CNY_bn,-0.0,0.0,-0.0,-0.0,-0.0,0.0,0.0,0.0,-0.0,-0.0,-0.0,-0.0,0.0,0.0,-0.0,0.0,0.0,-0.0,-0.0,-0.0,-0.0,-0.0,0.0,-0.0,0.0,-0.0,-0.0
China_CrudeSteel_Prod_Mtpd_CITI,-0.0,0.0,-0.0,-0.0,-0.0,0.0,0.0,0.0,-0.0,-0.0,-0.0,-0.0,0.0,0.0,-0.0,0.0,0.0,-0.0,-0.0,-0.0,-0.0,-0.0,0.0,-0.0,0.0,-0.0,-0.0
Value,0.027212126,-0.03686933,0.024885612,0.008270917,0.0053631435,-0.0113626905,0.04488652,0.0011583985,0.014631852,0.0014010121,0.009039037,-0.019955385,-0.018532423,0.05006015,0.0010121268,-0.042109326,-0.046116643,-0.009093306,-0.00807563,-0.023598094,0.0006053465,-0.023539802,-0.015812606,-0.014633781,-0.0065830573,0.027151182,0.0578172
price_volume,0.031169051,-0.030637387,0.027439045,0.021383436,0.011781639,-0.005588705,0.043707367,0.009221883,0.011158517,-0.0055354214,0.007931426,-0.023809653,-0.016555967,0.0501244,0.014438265,-0.052691884,-0.061402712,-0.014711804,-0.011135536,-0.019861704,-0.0034022017,-0.037035055,-0.025569258,-0.02024567,-0.011122373,0.026826305,0.05861217
vwap_7d,0.04758284,0.047209423,0.015571171,0.08311004,0.010790478,0.04235868,-0.0006200793,0.052105308,0.014969053,-0.033341907,-0.03620848,-0.028047381,-0.0047697453,0.0063000247,-0.006357617,-0.02864406,-0.007906634,-0.023441112,-0.024794593,-0.0108753415,-0.031012727,-0.01362649,-0.034696855,-0.014457849,0.0028466403,-0.012610796,-0.0056533036
vwap_30d,0.048569344,0.041416172,-0.011177742,0.075968735,-0.056961387,0.0447552,0.0018826692,0.040862948,0.025379326,-0.017157864,-0.0058763134,-0.029497556,-0.022161162,0.00991835,-0.015976304,0.0026047868,-0.014557516,-0.013772794,0.030344175,0.0114765875,-0.01080594,0.0011954409,0.020481324,0.023722094,0.0040504686,0.0042595444,-0.012143186
vwap_60d,0.045303714,0.032946218,-0.020295558,0.058731638,-0.07500284,0.03211738,0.039468233,0.067331135,-0.03682384,0.0022473026,0.02729347,-0.029294638,-0.025200397,0.01175578,0.024366913,0.013933189,-0.02716696,-0.013689862,-0.008407816,-0.0009353721,-0.04526328,-0.00048137206,-0.021925645,0.028675012,-0.04019489,0.015837897,-0.011265899
C5_lag_1d,0.046937674,0.047392488,0.019996788,0.08364931,0.025781743,0.040036738,0.005745219,0.05447947,0.00093161146,-0.027353372,-0.027017465,-0.01448725,-0.011291564,0.00318451,-0.0075332327,-0.017158575,-0.014877242,-0.020258008,-0.014820585,-0.006242093,-0.048169244,-0.010569989,-0.01714795,-0.009396152,-0.007086559,-0.00027539342,-0.0049577733
C5_lag_2d,0.047023125,0.047143415,0.016862318,0.08291031,0.018219352,0.041939177,0.0024183772,0.052207995,0.009807279,-0.03071522,-0.032668516,-0.02286679,-0.008551545,0.003288019,-0.008485284,-0.022946857,-0.009389836,-0.021659853,-0.025275676,-0.009682283,-0.04076269,-0.014843721,-0.027532665,-0.013058737,-0.0013319426,-0.006866856,-0.0059362273
C5_lag_3d,0.04706663,0.04687241,0.013806496,0.08206525,0.010848507,0.043355685,-0.0009152572,0.04999138,0.017931793,-0.034187157,-0.037455834,-0.030125516,-0.006409588,0.0037823576,-0.009945849,-0.026920404,-0.004782157,-0.022508373,-0.033008065,-0.012486313,-0.03245572,-0.016809903,-0.034742706,-0.015425947,0.003344334,-0.011260315,-0.006398759
C5_lag_5d,0.047066122,0.046207633,0.007813171,0.0802808,-0.0030946294,0.044939894,-0.0069490946,0.04580972,0.03174388,-0.040268432,-0.044131134,-0.042032845,-0.0024431157,0.0044738,-0.014441091,-0.029683966,0.002387753,-0.023456225,-0.0424075,-0.017210947,-0.016641827,-0.017711435,-0.04443626,-0.016832227,0.009793385,-0.01723579,-0.0067372317
C5_lag_10d,0.046688236,0.044127367,-0.0054528257,0.07308672,-0.033454314,0.04638125,-0.016618073,0.03602784,0.04918968,-0.041028492,-0.040583417,-0.04827542,0.000692447,0.013440116,-0.025835367,-0.016474746,0.0030646855,-0.020249626,-0.028214684,-0.012479422,0.0075855167,-0.0019729233,-0.009893823,0.0009511828,0.012238561,-0.01693877,0.0040677385
C5_lag_21d,0.044320956,0.03810403,-0.026829693,0.05575714,-0.071437925,0.03580285,-0.0148672685,0.02310442,0.03044032,-0.011744188,0.012303237,-0.011635504,-0.012311074,0.042220663,-0.025274267,0.033547048,-0.026805315,-0.010968921,0.04769505,0.024744501,0.016456459,0.02946095,0.08984879,0.046354637,0.004136104,0.020940084,0.03668501
C5_lag_42d,0.04145726,0.027606333,-0.033850998,0.03750534,-0.058289617,0.016837994,0.030274693,0.049688123,-0.060822416,0.009471976,0.04405028,0.039302956,-0.04215635,0.0764243,0.002678953,0.003732953,-0.030179514,-0.024668835,-3.6539263e-05,0.015478702,-0.07256237,-0.035278764,-0.07196003,0.011522548,0.05326688,0.0009184329,-0.046020146
C5_lag_62d,0.03791532,0.01982255,-0.04286843,0.007977454,-0.05924796,0.016465455,0.048593163,0.060479127,-0.07070863,0.029013742,0.016537074,0.012100447,0.015191861,0.04357445,0.06312111,-0.053533334,-0.040507637,0.028187763,-0.0018398052,-0.048868787,0.06740546,-0.05432637,-0.022705311,-0.029820336,-0.024454147,0.02580941,-0.019691093
C5_logret_1d,-0.0007875585,0.0012019596,0.01805231,-0.0013355726,0.039678544,-0.0110092135,0.01865324,0.006677939,-0.047640324,0.022307014,0.03919891,0.04939373,-0.018417362,0.014529114,-0.0029305844,0.032887705,-0.024966234,0.015216735,0.066083424,0.019497104,-0.005315987,0.04243829,0.08820504,0.034627464,-0.025705567,0.04665241,0.012064243
C5_logret_5d,-0.00048381308,0.0035756675,0.037843704,0.0050794403,0.0856054,-0.011290318,0.038802948,0.024114672,-0.0891004,0.035835847,0.05664585,0.08515883,-0.025515849,0.014024399,0.0067770598,0.038265225,-0.04804589,0.021730337,0.09726165,0.028915463,-0.059473604,0.038335435,0.09650344,0.027631406,-0.045882814,0.05567485,0.0084070545
C5_logret_10d,0.0004017445,0.00596939,0.048862148,0.014033068,0.109270945,-0.008753469,0.04293152,0.032722816,-0.08819246,0.021634134,0.036931723,0.06806692,-0.017209249,-0.0007360566,0.018085873,0.0052979104,-0.03253148,0.024975907,0.053817436,0.010213825,-0.0649703,0.001371769,0.0051396494,-0.013910296,-0.038692635,0.040093057,-0.009787212
C5_logret_21d,0.0029960927,0.010634237,0.058697734,0.028406136,0.1180327,0.0064590196,0.0274075,0.039276913,-0.038327668,-0.026154568,-0.024430046,0.0048215836,0.011210319,-0.037975587,0.01159407,-0.04775055,0.005078544,0.027599448,-0.028218472,-0.02149101,-0.036342986,-0.041913334,-0.10184485,-0.055348873,-0.018964272,-0.011129686,-0.041999422
C5_logret_42d,0.0052583567,0.019248601,0.060323928,0.042687353,0.09063625,0.025240788,-0.023299903,0.011599486,0.05542091,-0.05754012,-0.050780207,-0.036367964,0.037305687,-0.06691498,-0.024992216,-0.010081867,-0.009260867,0.027815746,0.02024122,0.0049436707,0.0507649,0.019323507,0.068568744,-0.011292217,-0.058031783,-0.013663974,0.040090084
C5_logret_62d,0.007598063,0.023434557,0.06273936,0.059705306,0.074731864,0.02494341,-0.040819842,-0.003116261,0.057003606,-0.068740904,-0.015945734,-0.00094563805,-0.017408883,-0.03453282,-0.07097727,0.034664076,-0.0040592244,-0.021666834,0.020929094,0.061282083,-0.06695033,0.018273355,0.02176734,0.016922165,0.028524546,-0.036831222,0.010252934
C5_FFA_C5_1MON_lag1d,0.054122295,0.055172708,0.0093263555,0.060293462,0.025087688,0.025570143,0.017640878,-0.007509473,0.030343395,-0.023301788,-0.011958663,0.010500132,-0.033335432,0.039920587,-0.013054809,-0.029021889,-0.009827195,-0.027443511,-0.011836376,-0.020367827,0.0012125216,-0.011359455,0.003002406,0.003332187,0.0122166,0.024730211,-0.0070676957
C5_FFA_C5_1MON_lag5d,0.054353476,0.05351661,-0.002050601,0.062652856,0.0059345425,0.024567187,0.0060677077,-0.007933759,0.047248896,-0.037925873,-0.0192098,-0.0022464327,-0.03149414,0.033937067,-0.014634669,-0.04139375,-0.0013418954,-0.010235234,-0.015716933,-0.023245072,-0.004505464,-0.0013078513,-0.020590413,-0.0105825905,0.0048358855,0.020206751,-0.011434539
C5_FFA_C5_1MON_lag21d,0.052786715,0.044811822,-0.032543648,0.057981774,-0.039466314,0.02291033,-0.0054562245,0.00036507886,0.04054854,-0.013180707,0.016468631,0.035117116,-0.03722013,0.034403738,0.011126133,-0.008377722,-0.036733042,0.013397423,0.056034274,0.02188402,0.00024835818,0.013282767,0.06650062,0.018693486,0.011435269,0.023718746,0.012848923
C5_FFA_C5_2MON_lag1d,0.056998007,0.05412813,0.0043521384,0.039685752,0.028801499,0.013076953,0.022959812,-0.03832036,0.03735507,-0.013028339,-0.013642092,0.0137532735,-0.036790147,0.046990596,-0.004136215,-0.028635493,-0.013507499,-0.032163877,-0.0059914216,-0.014158419,0.022000315,-0.02799888,0.009407067,-0.020954229,-0.0041843588,0.012353424,0.0022867066
C5_FFA_C5_2MON_lag5d,0.057428334,0.05265611,-0.0051039984,0.044314384,0.016943034,0.012156637,0.014544794,-0.039350994,0.050333664,-0.022587886,-0.014875076,0.0056978734,-0.038089745,0.04214568,-0.004700648,-0.037702337,-0.006993538,-0.022413338,-0.009343975,-0.017134398,0.015774768,-0.021824788,-0.0074417386,-0.024860494,-0.0054054,0.018242868,0.0011227716
C5_FFA_C5_2MON_lag21d,0.05697209,0.044486262,-0.033332784,0.05217398,-0.012631856,0.012108859,0.00264117,-0.028382707,0.050381117,-0.0046862746,0.017704384,0.041786347,-0.048706923,0.042190447,0.012285903,-0.026978265,-0.032426726,-0.0016073845,0.035093453,0.008855675,0.008501456,0.0075737964,0.04699593,0.007347678,0.005180799,0.034158796,0.0006834509
C3_FFA_C3_1MON_lag1d,0.061099622,0.04288942,-0.0014211468,0.06170427,0.024477322,0.026547886,0.010055382,-0.02658136,0.041567456,-0.024676468,-0.01657359,0.013889976,-0.033733997,0.049640212,-0.0014317739,-0.028485483,-0.017160399,-0.037916016,-0.0016477243,-0.007151281,0.008876004,-0.022664815,-0.006101281,-0.0093399035,-0.0034529325,0.011467945,0.004204082
C3_FFA_C3_1MON_lag5d,0.061035734,0.041057125,-0.011346542,0.06314152,0.0078056087,0.027558807,0.0006250089,-0.026392674,0.05427006,-0.030628888,-0.019719813,0.00803242,-0.034827728,0.04768657,-0.0027586957,-0.038784564,-0.012693088,-0.026419394,-0.0008329194,-0.0068339133,0.0027496938,-0.014420011,-0.016681066,-0.013266959,-0.0019196471,0.0073706675,0.004148291
C3_FFA_C3_1MON_lag21d,0.058614437,0.031497367,-0.038670465,0.062097043,-0.028454443,0.024886642,-0.0073361928,-0.014219732,0.037204433,-0.004516973,0.0199776,0.04812768,-0.04611275,0.051860284,0.015168579,-0.020606317,-0.037927378,0.0019331415,0.048425928,0.018770892,0.0005120909,-0.0025141353,0.045814563,0.023494191,0.014265127,0.017112624,0.012037188
C3_FFA_C3_2MON_lag1d,0.062487643,0.039705027,-0.0037093742,0.04686495,0.027495187,0.016074598,0.015674232,-0.05048408,0.045924198,-0.013021774,-0.014784521,0.017838074,-0.038291514,0.05616888,0.0071679996,-0.031600654,-0.018402819,-0.042011347,0.003384994,-0.0025286677,0.026241122,-0.042650383,-0.00018474126,-0.024811603,-0.011800036,0.007937245,0.014790927
C3_FFA_C3_2MON_lag5d,0.062550895,0.03799819,-0.012262705,0.05033172,0.01613252,0.016731847,0.008416719,-0.05052045,0.056022875,-0.017098628,-0.01437313,0.014686637,-0.041039653,0.05421051,0.005968129,-0.040415376,-0.014577839,-0.035251852,0.0026045856,-0.0036441246,0.019979931,-0.034603097,-0.00986006,-0.023994789,-0.00997209,0.009664091,0.01701005
C3_FFA_C3_2MON_lag21d,0.06089156,0.029217754,-0.03731619,0.058614142,-0.007977494,0.017341284,-0.00014633135,-0.03501022,0.044939905,0.0026881753,0.01978415,0.053409837,-0.052617848,0.056557495,0.019659923,-0.03740472,-0.034588687,-0.007334382,0.036451805,0.0073067215,0.008683864,-0.0047818525,0.03186899,0.011498542,0.0029528672,0.021997018,0.009109567
China_M2_bn_USD_lag21d,0.07235676,-0.037075285,0.02931194,-0.02281993,-0.004095466,-0.03183859,0.015659967,0.019074563,0.031655647,0.009508402,0.00821413,0.010384794,0.0069776177,-0.008635902,0.00047127908,0.020877883,0.011291031,0.010613948,-0.019670889,0.016339164,0.00399345,-0.0013966628,-0.013177946,-0.004344765,0.012507526,0.008838198,-0.016915815
China_M2_bn_USD_lag42d,0.07322417,-0.037751533,0.0266074,-0.019699344,-0.0027168244,-0.02650066,0.009555159,0.019132655,0.03403406,0.012962181,0.0040002624,0.015545069,0.009881334,-0.007013388,-7.89592e-05,0.021590775,0.007855956,0.010842857,-0.008867459,0.01194668,0.0013243554,0.01024635,-0.011623709,-0.0074595837,-0.0040697926,0.010471129,-0.012684388
China_M2_bn_USD_lag62d,0.073670894,-0.038840584,0.024039451,-0.016964417,-0.003253186,-0.021993425,0.0039719986,0.019386368,0.031146795,0.014104432,0.0028496985,0.018451588,0.0079498,-0.004037173,-0.004408028,0.015516721,0.017777009,0.012746489,-0.013057831,0.017030561,-0.006075521,-0.0020117057,-0.008202746,-0.0050282525,-0.0010273847,0.010920533,-0.0009175753
China_New_Loan_bn_CNY_lag21d,0.0038512608,0.0069299815,0.0061516156,-0.008886895,0.059327092,-0.037026215,0.027966253,-0.026483066,0.030598227,-0.007881002,-0.016976578,-0.06298864,-0.047288407,-0.043691948,0.040669713,-0.11423526,0.020958947,0.09230669,-0.06888529,0.1442835,-0.0138079,-0.068897635,-0.07113169,0.077992626,0.18234473,0.074843936,-0.041874606
China_New_Loan_bn_CNY_lag42d,0.0044045458,0.00535579,0.0011221209,-0.0033824588,0.02686133,-0.01066718,-0.0154627785,-0.008530285,0.07516566,0.008226372,-0.04377515,0.034419347,-0.009759447,-0.05052396,0.029477246,0.08514831,-0.12176689,0.008772437,0.15527576,0.031563185,0.1162339,0.16102384,0.014797696,-0.09108224,-0.13492006,-0.037214827,-0.013860968
China_New_Loan_bn_CNY_lag62d,0.006964515,0.0038721552,0.004251715,0.010093456,0.01762536,-0.008499799,-0.034405053,-0.007102568,0.061167076,0.005961681,-0.038287733,0.06381361,-0.050699044,0.019896371,-0.091387324,0.074595615,-0.0099851275,0.045809258,-0.08196838,0.07974107,-0.12097702,-0.19487399,-0.07831169,0.06802754,-0.0056474092,-0.0048685963,-0.0063100723
China_Property_Price_YoY_lag21d,-0.061731413,0.05283289,-0.017387021,0.036715467,-0.002114637,0.027631018,-0.00383074,-0.026335284,-0.034260258,-0.0012828929,-0.022289908,-0.017151555,-0.013205507,0.027464742,0.0125054,0.017320653,0.027603667,-0.00382742,0.027461408,0.024608824,-0.00096347526,-0.0025730082,-0.0003464242,-0.016483825,0.004015119,-0.0075716134,-0.0045677936
China_Property_Price_YoY_lag42d,-0.060655788,0.05251951,-0.021805117,0.03760381,-0.0023928194,0.032301225,-0.0014319082,-0.02719313,-0.03451174,-0.004115743,-0.02029849,-0.017095381,-0.013264698,0.036615822,0.01793796,0.01339629,0.020389102,-0.0042224783,0.030268634,0.017109418,-0.0054033436,-0.00947082,-0.002241374,-0.011535415,-0.0012449963,-0.008601103,0.004410544
China_Property_Price_YoY_lag62d,-0.060023658,0.051758926,-0.025658868,0.037695035,-0.0022473014,0.035797466,0.0014703575,-0.02775538,-0.035930134,-0.006742972,-0.017419748,-0.016340777,-0.012164755,0.042962868,0.022329224,0.007985785,0.012389548,-0.0036791197,0.03122303,0.009852216,-0.008484589,-0.015032865,-0.003336691,-0.005201968,-0.005312712,-0.0129599385,0.013916481
China_PMI_Official_lag21d,-0.0043251244,0.018051619,0.053616967,-0.012702458,-0.013154735,0.030307062,-0.020683493,-0.0018612186,0.011426316,0.011706899,0.02377271,0.038776003,0.05025641,0.00858443,-0.13351189,-0.0021890465,-0.08520231,0.073270775,0.10999995,-0.08981901,0.051476844,0.007872542,-0.1298061,0.019334406,0.028551856,-0.04077533,0.029940378
China_PMI_Official_lag42d,0.0013889729,0.020612253,0.047351465,-0.0025804532,-0.031099768,0.0007502697,-0.030808035,-0.02815926,-0.02300321,-0.038799323,0.04950785,0.013067261,-0.036151957,-0.0632924,0.0005898514,-0.09642743,0.00091326627,0.06899586,-0.03309465,0.08439084,-0.08792783,-0.040231742,0.071569696,0.06409927,0.037839625,0.022354735,0.084050074
China_IP_YoY_pct_lag21d,0.0025386766,0.020377452,0.06768793,-0.018864864,-0.022980908,-0.02176369,-0.01298871,-0.00509715,-0.004168107,0.020943377,0.015125037,0.0066616302,0.10000648,0.016526027,0.0017389574,-0.051521543,0.016397974,0.012150616,0.09152275,0.04919417,0.033405997,0.052681215,-0.14739035,0.19306278,0.00026929379,-0.066410355,0.010500595
China_IP_YoY_pct_lag42d,0.0110754715,0.028040435,0.07114147,0.005809767,-0.019656163,-0.027708387,-0.015160862,-0.028774546,-0.043863393,-0.022950336,-0.02346161,0.0074757515,0.03169815,-0.03863562,-0.022444695,-0.067425214,-0.031220738,0.032814793,0.05120197,0.018975165,0.042179115,0.031296413,-0.051028915,0.19282933,-0.045182467,-0.10966938,-0.003726237
China_IP_YoY_pct_lag62d,0.016926033,0.03448052,0.057522535,0.02408136,-0.029715125,-0.049837474,-0.022292687,-0.029405665,-0.03727588,-0.04756609,-0.07311616,0.005704686,0.0015878183,-0.04107352,-0.014133899,-0.031625517,-0.057436813,-0.029907601,-0.027649792,-0.00034944742,-0.0023708716,0.026427863,0.08525117,0.09936586,-0.05733109,-0.016089631,-0.0068680216
Japan_IP_YoY_pct_lag21d,0.04004291,0.02926365,0.0027282431,0.014950576,-0.034147475,-0.08295147,-0.014302512,0.004372689,-0.045361463,0.09235743,-0.08233502,0.03058411,-0.016556924,-0.04977955,-0.010122694,-0.04251841,0.0256911,-0.014851757,0.011363689,-0.0495752,-0.015160815,-0.0027350206,0.048385456,-0.0034420902,0.014635652,0.008831143,-0.04619911
Japan_IP_YoY_pct_lag42d,0.041039333,0.028681647,-0.005131365,0.01689359,-0.02084193,-0.04273602,0.006494795,0.016215768,-0.03005404,0.12858152,-0.08145965,-0.002426483,-0.028420163,-0.07968431,-0.0022420052,-0.029442843,0.093416855,-0.000379569,0.0093275495,-0.07211871,-0.02019028,0.015149869,0.03732916,-0.03604024,-0.03309179,0.029167483,-0.003507414
Japan_IP_YoY_pct_lag62d,0.041386206,0.027807761,-0.015898798,0.018190283,-0.007437159,-0.008801713,0.02990525,0.028488433,-0.018616525,0.115719706,-0.061507523,-0.03388664,-0.03374812,-0.08031648,-0.013102714,0.023417033,0.12798905,0.018883059,0.0042574247,-0.005835739,-0.0060091424,0.033309493,0.04914909,0.018901017,-0.08226617,0.042860933,0.030883403
SouthKorea_IP_YoY_pct_lag21d,0.01582217,0.02993332,0.010594365,0.035496928,-0.03559206,-0.06866254,0.050359413,0.01994517,0.031382065,0.019766318,-0.040544778,-0.009330457,0.07146159,0.10400638,0.072646685,-0.0324237,-0.03456384,-0.068797745,0.055842593,-0.017487152,-0.110678494,-0.07484462,0.05913211,-0.021361139,-0.004729294,0.014470933,-0.012007252
SouthKorea_IP_YoY_pct_lag42d,0.017608754,0.028987942,0.0025592886,0.024171364,-0.034245055,-0.0374098,0.06352628,0.0191893,0.051520832,0.07111502,-0.029010572,0.0028292076,0.029267017,0.092696294,0.020277917,-0.09021023,0.004941496,-0.053421203,0.08836504,-0.08330221,-0.08983323,-0.035413645,-0.0030722949,-0.014825,-0.040444415,-0.019255456,0.065077566
SouthKorea_IP_YoY_pct_lag62d,0.019620279,0.02789063,0.0012856397,0.018951075,-0.021251086,-0.018622879,0.08069885,0.038860757,0.03505357,0.045259397,-0.008236647,0.012819352,-0.0088015245,0.0568445,0.024876295,-0.11055922,0.026806844,0.008772798,0.07620844,-0.017900974,-0.06559497,-0.05921837,0.056891218,0.035869848,-0.09821524,0.01475767,0.14318354
China_PBOC_Rate_pct_lag1d,-0.053795,0.054964993,-0.043431543,0.022165028,0.00755058,0.03016019,-0.023365457,-0.02704254,-0.046721593,0.005928888,-0.01576818,-0.018805075,-0.024970194,-0.003227314,0.011817873,-0.001102796,-0.035210855,-0.008039396,-0.002961535,0.004930281,0.0194921,-0.0028517414,-0.025933586,0.012648359,-0.0057301987,-0.014642726,0.013199049
China_PBOC_Rate_pct_lag5d,-0.054052122,0.054412607,-0.04432842,0.022308344,0.006419663,0.029966485,-0.022689465,-0.02783809,-0.045850474,0.006894264,-0.01575985,-0.019078927,-0.027338514,-0.0029962752,0.012886031,0.0005990059,-0.033965874,-0.007011635,-0.002527807,0.0017609537,0.018767836,-0.003911252,-0.029467614,0.013269912,-0.0053543793,-0.017511759,0.0102505125
China_PBOC_Rate_pct_lag21d,-0.055132937,0.05240549,-0.04513129,0.021554338,0.00699572,0.03153196,-0.018720286,-0.027307775,-0.047930002,0.011582414,-0.016435856,-0.012422644,-0.03546702,0.006685438,0.016901424,0.0024090093,-0.028349916,0.0035420987,-0.009494203,-0.0052410252,0.016635368,-0.0034686648,-0.024559496,0.018485978,-0.008233359,-0.019046525,0.014619831
China_Finance_Initiation_CNY_bn_lag21d,-0.0,0.0,-0.0,-0.0,-0.0,0.0,0.0,0.0,-0.0,-0.0,-0.0,-0.0,0.0,0.0,-0.0,0.0,0.0,-0.0,-0.0,-0.0,-0.0,-0.0,0.0,-0.0,0.0,-0.0,-0.0
China_Finance_Initiation_CNY_bn_lag42d,-0.0,0.0,-0.0,-0.0,-0.0,0.0,0.0,0.0,-0.0,-0.0,-0.0,-0.0,0.0,0.0,-0.0,0.0,0.0,-0.0,-0.0,-0.0,-0.0,-0.0,0.0,-0.0,0.0,-0.0,-0.0
China_Finance_Initiation_CNY_bn_lag62d,-0.0,0.0,-0.0,-0.0,-0.0,0.0,0.0,0.0,-0.0,-0.0,-0.0,-0.0,0.0,0.0,-0.0,0.0,0.0,-0.0,-0.0,-0.0,-0.0,-0.0,0.0,-0.0,0.0,-0.0,-0.0
China_LPI_Value_lag21d,-0.010870004,0.010408582,0.05635385,0.0096004205,-0.05152563,0.05028905,-0.024232585,-0.002903233,-0.016653288,0.0042241975,-0.008189843,0.021453185,0.033702426,0.048619255,-0.11003097,0.00061224523,-0.0724016,0.099630825,0.119397394,-0.04171789,-0.009317875,-0.041187383,-0.104958795,-0.008950296,0.05720082,0.024844863,0.05737713
China_LPI_Value_lag42d,-0.006612568,0.012339178,0.05198482,0.0066837105,-0.067904875,0.013465915,-0.013764394,-0.040251166,-0.069974035,-0.032781705,0.044144265,-0.010198901,-0.0332932,-0.024004007,0.036225166,-0.090150654,-0.0040674135,0.052368984,0.008457134,0.109436125,-0.08817607,-0.07708663,0.04194355,-0.035286166,-0.020864224,0.011741444,0.06842885
China_LPI_Value_lag62d,-0.0040681004,0.014686559,0.038154617,0.024502335,-0.044304535,-0.028733438,0.012053384,-0.032425553,-0.061381143,-0.046810973,0.027716182,-0.047950156,0.040589415,-0.040255968,0.1435661,0.003965761,-0.017030576,-0.094757855,-0.0020581752,0.03081193,0.0069258614,-0.017378502,0.017040178,-0.068136126,-0.15037416,0.00052222965,-0.071161896
China_Mainland_TPU_lag21d,-0.033410452,-0.0053322692,0.024318157,0.013370537,-0.039882608,0.03439146,0.028056974,-0.022067059,-0.020141829,-0.063255794,-0.036747895,0.106513225,0.08491947,-0.09216333,-0.044885363,0.042592566,0.03446989,0.009746164,0.07523235,0.04254422,-0.07955955,-0.013084016,-0.0052802702,-0.048553172,0.031729896,0.030362045,0.041961763
China_Mainland_TPU_lag42d,-0.032749,0.00056229613,0.020376153,0.02326297,-0.03379877,0.016576793,0.034622908,-0.07029428,-0.04196938,-0.04885612,-0.010416825,0.053143695,0.106588505,-0.082850076,-0.019625619,0.024893207,0.100762405,-0.052176606,-0.017601144,0.065317355,-0.043261796,-0.075600296,-0.012383678,-0.053134754,0.044250518,-0.07035525,0.05668103
China_Mainland_TPU_lag62d,-0.034520198,0.00272282,0.009049398,0.018349832,-0.03144268,-0.01632981,0.04442738,-0.07749857,-0.04108313,-0.030143643,-0.0040966817,0.05217651,0.07878167,-0.03168335,0.03941549,-0.008758611,0.10784123,-0.1082943,0.0023724132,0.07878233,0.0047359164,0.06442818,-0.010181812,-0.01672528,-0.0037827257,-0.090427876,0.0015349303
China_Steel_Prod_kt_lag21d,-0.0117886895,0.022738215,0.046894945,-0.004368382,0.026397282,-0.021597942,-0.06955485,-0.09838806,0.078364335,0.017208453,0.03266583,0.10894724,-0.012392589,0.008154615,-0.03773678,0.0048938342,-0.078758866,0.026095195,0.014608506,-0.0022530672,0.005675334,-0.015284314,-0.0014198902,-0.05231982,-0.047788206,0.069702566,0.037278976
China_Steel_Prod_kt_lag42d,-0.0063336683,0.022881845,0.040484652,0.0439161,0.01702857,-0.022815943,-0.09349813,-0.06495897,0.054698285,0.001534815,0.053238936,0.10127465,-0.017634114,-0.017465431,0.0456178,-0.10039404,0.032572657,0.02525164,-0.04115431,0.05705369,-0.028684981,-0.06023442,-0.032928962,-0.021600755,-0.009167723,0.027909804,-0.02216135
China_Steel_Prod_kt_lag62d,-0.0057211947,0.020501984,0.022917833,0.061456956,-0.012915854,-0.017792419,-0.10684406,-0.022452086,0.034895897,0.0238163,0.05454289,0.106021054,-0.0044866335,-0.038091585,0.100938916,-0.026024815,0.04329762,-0.07059358,0.029246846,-0.018191557,0.06396659,0.048576128,0.012170451,-0.00090324075,-0.07691317,-0.017593803,0.008856164
Japan_Steel_Prod_kt_lag21d,0.0052970606,0.053926587,-0.046378452,0.030031659,-0.03213815,-0.024763623,0.0146993715,-0.041716643,-0.079903975,0.06429338,-0.086782224,0.006056979,0.007469093,0.003009362,0.045411542,0.06747629,0.012356244,-0.019028347,0.023801982,-0.006691851,0.0018768099,0.08140392,-0.023562672,0.011242047,-0.032633685,-0.024512816,-0.010054151
Japan_Steel_Prod_kt_lag42d,0.00067954406,0.048276223,-0.053852685,0.030019118,-0.007188878,-0.011698572,0.028801821,-0.015664514,-0.07606276,0.07523746,-0.11719772,-0.0029379874,-0.027206285,0.033315767,0.0411165,0.021205526,0.07482577,0.060189415,-0.014711424,0.037187397,-0.015121301,-0.029976502,-0.04841895,0.027992984,-0.0036527035,-0.03803128,0.033609893
SouthKorea_Steel_Prod_kt_lag21d,-0.018790053,0.05333378,-0.013437835,0.023493946,-0.029447438,-0.012630985,-0.010467296,-0.034536365,-0.07283027,0.055687223,0.037107207,0.03685745,-0.004668079,0.036609773,0.04988508,0.059213143,-0.032877095,-0.040460534,0.02588582,-0.007559332,0.09733623,0.045311708,-0.089393154,-0.08436802,0.031162655,0.016806867,0.0012794666
SouthKorea_Steel_Prod_kt_lag42d,-0.0175007,0.05348309,-0.018847808,0.029781392,-0.00475334,0.005204226,-0.0004680221,-0.010055598,-0.05375717,0.03688001,-0.033416897,-0.010806219,0.025637168,0.05100371,0.06889615,-0.051642913,0.049738236,0.044183552,-0.060751412,0.0021112831,0.0151733095,-0.04135388,-0.10402573,0.015431536,-0.024048412,0.059639484,-0.014518515
China_BFI_Prod_kt_lag21d,-0.0046493625,0.006964077,0.038868364,-0.005195571,0.034694254,-0.022643525,-0.08909858,-0.070489354,0.096227005,0.039060228,0.073924415,0.11244053,-0.01810506,-0.0028125835,-0.037153218,0.015750572,-0.052254245,0.016204013,-0.029910944,0.021096334,0.0008484023,-0.00034218514,-0.0077169323,-0.06469052,-0.06783132,0.052562594,0.031325262
China_BFI_Prod_kt_lag42d,-0.0009954076,0.0063343644,0.03551405,0.033919096,0.023172077,-0.024885317,-0.11239781,-0.01699402,0.06492654,0.013248468,0.08479445,0.09752071,-0.015932007,-0.0115783075,0.03909589,-0.08740683,0.05368631,0.004701641,-0.071398504,0.07594549,-0.0030883336,-0.029737232,-0.04569248,-0.030402413,-0.026335642,0.050028503,-0.024905762
China_BFI_Prod_kt_lag62d,-0.0010688335,0.0052556926,0.026137158,0.04217725,-0.0051269513,-0.012996676,-0.12277806,0.027532645,0.038215827,0.027747674,0.077584095,0.09323008,0.007386588,-0.029429292,0.07455874,-0.016785583,0.058510415,-0.06880688,0.012172405,-0.016647121,0.10030886,0.055947904,-0.01038615,0.019124309,-0.057768095,0.0017457333,-0.004235589
Japan_BFI_Prod_kt_lag21d,-0.059444647,0.058265693,-0.005071178,0.026010929,-0.02642668,0.0070466837,0.012917679,0.0004269218,-0.0134573355,0.009891134,0.01723254,0.007406836,-0.015635818,0.025277004,0.013812539,0.02664185,-0.011083258,0.0047103264,0.012270555,-0.015594758,0.011472264,0.036707677,-0.0049208202,-0.004436968,-0.026417524,0.008235408,-0.002755333
Japan_BFI_Prod_kt_lag42d,-0.05771779,0.06066832,-0.0054249167,0.023651889,-0.017848128,0.009808101,0.02065626,0.0087174615,-0.01952568,-0.00051881117,0.007331127,0.001397573,-0.0073649287,0.034852453,0.01869472,-0.0126355095,0.01253238,0.025411084,-0.024900882,0.003941595,-0.0107255615,-0.01595084,-0.014017099,0.003156622,-0.008360281,0.020305237,0.001377065
Korea_BFI_Prod_kt_lag21d,-0.027494632,0.010445842,0.025310105,0.03494914,-0.04115904,-0.00043108745,0.00032510897,0.010382068,-0.056670845,0.04682118,0.057426162,-0.02733387,-0.05463373,0.13533333,0.047645334,0.065808035,0.04193514,-0.034571562,0.014548931,-0.041041575,0.08281417,0.052409813,-0.058236614,-0.07478354,0.00045534055,-0.0026820863,-0.025761535
Korea_BFI_Prod_kt_lag42d,-0.025921877,0.015433908,0.02579048,0.038741127,-0.011570333,0.0044660517,0.018205717,0.033905078,-0.04952291,0.0074060056,0.0014274565,-0.08454099,0.016308967,0.13296425,0.061896507,-0.027567232,0.04840568,0.062037468,-0.043796398,-0.049070116,0.02602187,-0.038481746,-0.024583163,0.0175551,-0.019217096,0.07151646,-0.04232206
China_CrudeSteel_Prod_Mtpd_CITI_lag21d,-0.0,0.0,-0.0,-0.0,-0.0,0.0,0.0,0.0,-0.0,-0.0,-0.0,-0.0,0.0,0.0,-0.0,0.0,0.0,-0.0,-0.0,-0.0,-0.0,-0.0,0.0,-0.0,0.0,-0.0,-0.0
China_CrudeSteel_Prod_Mtpd_CITI_lag42d,-0.0,0.0,-0.0,-0.0,-0.0,0.0,0.0,0.0,-0.0,-0.0,-0.0,-0.0,0.0,0.0,-0.0,0.0,0.0,-0.0,-0.0,-0.0,-0.0,-0.0,0.0,-0.0,0.0,-0.0,-0.0
CITIsteel_PMI_lag21d,-0.0018159118,-0.015382213,0.0648355,0.017606357,0.00041649418,-0.006020567,-0.02647151,-0.05297958,0.021294156,-0.049716342,0.03268176,-0.08035265,0.0030517087,-0.05699168,0.02991919,0.03801427,-0.00044654967,0.06211128,0.0104668755,-0.016837427,-0.08188028,0.06347099,0.17309442,0.07008371,0.061311234,-0.083598554,0.040363654
CITIsteel_PMI_lag42d,-0.0015472228,-0.013323568,0.051799323,0.050424702,-0.01580407,-0.026863635,-0.024727374,-0.047897913,0.011446052,-0.018791508,0.002054801,-0.034775466,0.009176012,-0.010949592,0.023870802,0.071966834,-0.076317124,-0.065247044,-0.012640808,0.059885588,-0.039016515,0.11000799,0.03660344,-0.07900769,0.13864794,-0.110552646,0.0362048
CITIsteel_Production_lag21d,-0.00971036,0.003989987,0.061024286,0.015679123,0.003949491,-0.008039746,-0.024211498,-0.048836242,0.024118373,-0.052544165,0.050017413,-0.068461336,0.012208838,-0.052322492,0.025179401,0.010009047,-0.0056879143,0.08846921,0.012837518,-0.02217916,-0.054672573,0.05933637,0.17743263,0.08497077,0.06501095,-0.078056715,0.0067031803
CITIsteel_Production_lag42d,-0.00851474,0.0048253452,0.04512951,0.046962697,-0.02137879,-0.027428217,-0.027154626,-0.04531392,0.019713212,-0.022409724,0.017689738,-0.023440083,0.011810588,-0.03449399,0.019093074,0.058265716,-0.08772877,-0.062498413,0.0076672696,0.06442356,-0.0290715,0.12346623,0.050343007,-0.06175586,0.13595824,-0.08317153,0.017968731
CITIsteel_NewOrders_lag21d,0.0008312958,-0.03308818,0.062487613,0.014811712,0.0044383914,-0.011251579,-0.040024005,-0.040426318,0.024941923,-0.043290645,0.023228785,-0.0792317,-0.005129605,-0.042854935,0.022074472,0.04588735,-0.009543571,0.048332993,0.0049007004,-0.024838367,-0.08380183,0.039217718,0.1488967,0.04228859,0.07103822,-0.08861716,0.063456036
CITIsteel_NewOrders_lag42d,0.00029087943,-0.030360907,0.054953065,0.0427352,-0.009721815,-0.028211283,-0.038350116,-0.040469214,0.012184726,-0.0059080767,0.0024712537,-0.04130944,0.013035764,0.013274625,0.012992794,0.056228697,-0.068503246,-0.06178072,-0.02145391,0.028600901,-0.043994647,0.09344931,0.040293977,-0.09512055,0.12636037,-0.11459402,0.04233405
CITIsteel_ExportOrders_lag21d,0.027315153,-0.014431423,0.018810365,-0.019594636,0.001981814,-0.06459139,-0.078177206,-0.04642872,-0.05370077,0.014304537,-0.050235394,-0.035963163,0.041621324,-0.0054453746,0.10959486,0.017362332,-0.040548045,-0.05061212,0.009313177,-0.012600809,0.004338512,0.104048185,-0.035424985,0.13735928,0.0035629524,-0.03229177,0.016782079
CITIsteel_ExportOrders_lag42d,0.028093744,-0.012103949,0.022341223,0.0029010696,0.014339742,-0.06725687,-0.07355198,-0.026783846,-0.057779253,0.065136306,-0.11319171,-0.01759178,0.018296726,0.0014987189,0.021013455,0.024804758,-0.067692876,0.018453244,-0.011608395,-0.03428571,-0.02346297,0.032337904,-0.07888949,0.05346522,0.05307705,-0.035960536,0.098534115
CITI_SteelProd_national_10mt_lag21d,-0.00612543,0.026211096,0.04044234,0.0385035,0.02221503,-0.03312741,-0.11259518,-0.06228387,0.059428252,0.024068106,0.042486697,0.107692555,0.025391746,-0.02466469,0.02324413,-0.056204572,0.011891812,0.016469998,-0.009556399,-0.0071746013,-0.025128495,-0.028006574,0.017427195,-0.023538072,-0.029172601,0.028761204,0.0187413
CITI_SteelProd_national_10mt_lag42d,-0.0042932,0.025819544,0.026376998,0.062080532,-0.0030635677,-0.023569733,-0.122471645,-0.017768407,0.034351613,0.03480517,0.04299279,0.08937495,0.011015502,-0.019850684,0.04749695,-0.06364644,0.07751998,-0.075438656,-0.0055943145,-0.0013059073,-0.0094260955,0.012080325,0.013086717,0.0027303032,-0.033722084,0.029922338,0.044891164
CITI_SteelProd_key_Mtpd_lag21d,0.008975041,0.0136922775,0.0643251,0.01463022,0.016257646,-0.04338115,-0.08795008,-0.072839014,0.071635835,0.006585534,0.023487678,0.09235086,0.036764793,-0.04447429,0.013108193,-0.034464438,-0.021249525,0.04438886,-0.019105146,0.028460529,-0.02887028,-0.021153536,-0.032623358,-0.029211016,-0.008491178,0.04729965,0.020752471
CITI_SteelProd_key_Mtpd_lag42d,0.01283037,0.014168466,0.050664026,0.04463349,-0.009485413,-0.045585506,-0.1035649,-0.0452271,0.050281342,0.022257816,0.03368181,0.10292096,0.017034888,-0.036877107,0.04817552,-0.03487264,0.043796524,-0.05139578,-0.007818314,0.047104478,0.0038554585,0.01953997,-0.014552945,0.0019426993,-0.030457886,0.039038002,0.04947441
IronOre_Spot_CFR_NChina_USD_t_lag1d,0.009992478,0.065741524,0.0548825,-0.037891574,-0.014120237,-0.078048676,-0.05649423,0.0066015534,-0.0036512015,0.014641905,-0.027065394,-0.016474064,0.0016855728,0.02619583,0.01209263,-0.0059747654,-0.0062140846,-0.00864747,0.022915468,-0.026043732,-0.018666293,-0.019789835,0.015781367,-0.025515199,0.010353413,-0.012174235,0.00047411158
IronOre_Spot_CFR_NChina_USD_t_lag5d,0.012049896,0.06683645,0.05236316,-0.030897444,-0.0125556225,-0.07841901,-0.053356342,-0.0006195493,0.0014314002,0.027311372,-0.013340923,-0.028489722,0.009636297,0.013872349,0.013905981,-0.0014557241,-0.0046834648,-0.0038107072,0.029345136,-0.029368911,-0.010254929,-0.047738004,0.020138541,-0.024032902,0.011970116,-0.006309562,-0.0036101646
IronOre_Spot_CFR_NChina_USD_t_lag21d,0.019002503,0.06968706,0.042823117,-0.0013592103,-0.002948267,-0.071753584,-0.041201368,-0.012250319,0.009872344,0.059562653,0.011490627,-0.038855392,0.017498633,-0.0018978157,0.014890135,-0.0035351652,-0.0063137934,-0.0035254373,0.017431073,-0.012745889,-0.012641346,-0.021280479,0.023018643,-0.01804571,0.008012921,-0.015781052,0.0055392114
IronOre_Spot_CFR_NChina_USD_t_lag42d,0.027130753,0.07007682,0.027171843,0.029335774,-0.0015595522,-0.04740019,-0.030098462,-0.0009679851,0.028941404,0.07726225,0.011245643,-0.03593126,-0.0072108014,-0.0069272798,0.023920957,-0.017688772,-0.0008055949,-0.023817431,0.014076645,0.018573502,-0.013335256,0.05057398,-0.012198327,0.017697353,-0.00592899,0.0007024311,0.014266839
CITI_IronOre_CFR62_USD_t_lag1d,0.07953308,-0.012590445,-0.008426443,-0.022431737,0.00024173678,-0.009403737,-0.0048938347,0.037235275,0.009730848,0.032510232,0.0012537347,-0.0071373335,-0.03555896,-0.012626952,-0.030108567,0.010231662,0.023976976,0.013598776,-0.009158165,0.0014899941,0.012615191,-0.014345766,0.031140031,-0.0641406,0.012817295,0.03215653,-0.037214458
CITI_IronOre_CFR62_USD_t_lag5d,0.079320915,-0.013638945,-0.009739744,-0.022638505,-0.00012448986,-0.007507622,-0.004241961,0.036628306,0.009795634,0.033543583,0.0056072013,-0.007744918,-0.033524424,-0.014364678,-0.026329903,0.011596633,0.025750197,0.013303263,-0.0058724047,0.0016851539,0.014258714,-0.013264491,0.030057034,-0.06539154,0.010933122,0.031223435,-0.039283562
CITI_IronOre_CFR62_USD_t_lag21d,0.07844121,-0.01755237,-0.012709903,-0.02274401,0.0037713435,0.001111451,0.00072134973,0.03714668,0.005142827,0.034039095,0.017604403,-0.0069648107,-0.026583789,-0.019182667,-0.01608618,0.022652112,0.02660116,0.0061632437,-0.0013654312,0.0032350712,0.013063508,-0.00891,0.019122113,-0.05902244,0.0028146454,0.02964908,-0.037923582
CITI_IronOre_CFR62_USD_t_lag42d,0.077059664,-0.02273262,-0.016992344,-0.021427725,0.008607845,0.009215638,0.006621414,0.038919162,0.0020046725,0.023920504,0.024957916,-0.011914673,-0.018133672,-0.027530141,-0.01812774,0.029790696,0.027286878,0.0016620078,-0.016454475,0.005705267,0.008864359,0.00034989117,-0.0027255418,-0.04117718,-0.006586321,0.020654691,-0.020413505
CITI_IronOreSpot_MB_USD_t_lag1d,0.010153261,0.06355298,0.056448374,-0.039260123,-0.014926527,-0.07854181,-0.053310025,0.0016611665,-0.0013529403,0.013767395,-0.02633911,-0.01871826,0.0079497155,0.024453575,0.010177909,-0.0013299271,-0.0035421494,-0.0107684685,0.023703435,-0.0340904,-0.015837617,-0.037336484,0.017081445,-0.02650779,0.022019425,-0.0070536016,0.0017671095
CITI_IronOreSpot_MB_USD_t_lag5d,0.011971837,0.06452326,0.05320443,-0.03182166,-0.013482994,-0.08330099,-0.051840723,-0.003773177,0.0011262813,0.018878432,-0.014474314,-0.02825075,0.010808801,0.015908705,0.008525366,0.0005540859,0.0010658281,-0.001082028,0.029756987,-0.03595684,-0.013013822,-0.045491003,0.020125901,-0.027872257,0.016665684,0.00018202337,0.0035403296
CITI_IronOreSpot_MB_USD_t_lag21d,0.018792838,0.067589,0.04393204,-0.0017174451,-0.0024212298,-0.07430272,-0.03876293,-0.016017951,0.011250589,0.060717467,0.013230718,-0.038515113,0.026793905,-0.0035991168,0.015734771,-0.0009867715,-0.0062660063,-0.0026966908,0.019887337,-0.0147040505,-0.011170243,-0.036542866,0.03552403,-0.01818903,0.015670652,-0.013263648,0.0012897188
CITI_OreInv_ports_Mt_lag5d,0.05551907,-0.008570054,-0.0068193455,-0.03810514,-0.036400076,-0.0067179543,0.1156291,-0.0025277801,-0.0070401067,-0.036043692,-0.0031018166,0.04184837,-0.010589769,-0.030455723,0.045265388,-0.030428307,-0.07897176,0.022918839,-0.028024748,-0.07847771,0.020102138,0.011382093,-0.01913064,0.04340831,0.019284952,-0.007695227,0.03845851
CITI_OreInv_ports_Mt_lag10d,0.055541836,-0.008933057,-0.0064588604,-0.040402096,-0.029840091,-0.008473535,0.11522804,-0.0059273858,-0.0043728068,-0.03808804,-0.012544627,0.04987933,-0.009424565,-0.033353683,0.05037586,-0.025044817,-0.07663686,0.031331595,-0.032764003,-0.081260145,0.019257752,0.007871125,-0.015270456,0.038905587,0.017446268,-0.0044104564,0.04171238
CITI_OreInv_ports_Mt_lag21d,0.055661835,-0.009906981,-0.008049271,-0.043374944,-0.020024613,-0.013106327,0.107787944,-0.015368461,0.009247301,-0.043315522,-0.031430792,0.059640292,0.0013488493,-0.037071615,0.05137658,-0.011208632,-0.063107505,0.05036427,-0.046068598,-0.09459463,0.009499662,-0.006806845,-0.008342498,0.025971664,-0.0008323698,0.0062295366,0.034372993
CITI_OreInv_ports_Mt_lag42d,0.05563401,-0.012315554,-0.011639151,-0.045834903,-0.0055548386,-0.018723236,0.08764969,-0.040266905,0.03433811,-0.03250316,-0.0369067,0.08356925,0.008336573,-0.03445107,0.033038888,0.015917076,-0.029818453,0.047781613,-0.039646074,-0.09120217,-0.010246258,-0.01684051,0.023020478,0.011133996,-0.012145524,0.0082054995,0.043101255
CITI_OreInv_AUS_Mt_lag5d,0.006565668,0.027106637,-0.031958096,-0.029993216,-0.024919482,-0.00314853,0.13682808,-0.027222883,0.0011261997,-0.028775048,-0.0068946746,0.029310942,-0.08838158,-0.022936357,0.032859426,-0.050350703,-0.108034246,0.057925135,-0.028604832,-0.12303395,0.029878182,-0.018677559,0.028600419,0.03316238,-0.0130328005,-0.04211695,0.030135598
CITI_OreInv_AUS_Mt_lag10d,0.0070139216,0.026525598,-0.030801695,-0.031110866,-0.016617196,-0.0037751803,0.13709001,-0.0285776,0.006814745,-0.03161356,-0.008833847,0.039276373,-0.08662208,-0.025399156,0.04196137,-0.04499176,-0.10644632,0.06704626,-0.040947158,-0.12449122,0.033655223,-0.016177839,0.034841612,0.018807534,-0.009003415,-0.039601527,0.03043828
CITI_OreInv_AUS_Mt_lag21d,0.0078987945,0.024508422,-0.03340873,-0.02888751,-0.0056136595,-0.009835391,0.12964125,-0.03322548,0.0295114,-0.04090514,-0.012781256,0.048275188,-0.0664327,-0.03044519,0.04676604,-0.028909741,-0.08908732,0.085859835,-0.065003045,-0.13498434,0.03035684,-0.021703217,0.040575508,-0.008452474,-0.024329787,-0.014173819,0.013233499
CITI_OreInv_BRA_Mt_lag5d,0.046324,-0.0367686,0.028904345,-0.0062436378,-0.030289106,-0.025475234,0.07256736,0.012784205,0.0135763055,-0.030004716,-0.026322825,0.09380743,0.070445664,-0.060148653,-0.033976793,0.017795343,0.11714794,-0.04047413,0.0017427306,0.052139215,0.008692061,0.010237989,-0.004828063,-0.0077112163,0.027542207,-0.029212864,-0.037119992
CITI_OreInv_BRA_Mt_lag10d,0.047089886,-0.03645045,0.028241433,-0.009325287,-0.028986998,-0.026201798,0.07202675,0.011337701,0.012078047,-0.028852392,-0.031707253,0.09366178,0.06928992,-0.05788721,-0.031867735,0.020001365,0.115700886,-0.03823831,0.0015549716,0.049935974,0.0073520704,0.0035949405,-0.004992505,-0.004371027,0.02645988,-0.030528652,-0.033329483
CITI_OreInv_BRA_Mt_lag21d,0.04907364,-0.03563516,0.026684355,-0.016570054,-0.02573041,-0.028493088,0.069340006,0.00643928,0.0102736605,-0.027196234,-0.042765193,0.092265375,0.06386123,-0.050387036,-0.031440858,0.025614183,0.11245371,-0.03427159,-0.00063931657,0.040940378,0.003968168,-0.007309508,-0.0053641615,-0.0016772824,0.02146477,-0.03413188,-0.025880352
CITI_OreInv_days_mills_lag5d,-0.028143564,0.04030436,-0.012223519,0.00013891728,-0.028571384,-0.008819958,0.06491665,-0.051279325,-0.0589597,-0.006308067,-0.0056695277,-0.012298554,0.05098311,0.049622715,-0.04369085,-0.035546217,0.008845257,-0.040080596,0.01853835,0.0048622303,-0.09059416,-0.04157662,0.0117413215,-0.008271694,-0.015481619,-0.034926683,0.01572178
CITI_OreInv_days_mills_lag10d,-0.027789256,0.040887754,-0.011629339,-0.0034274405,-0.025998361,-0.0041499888,0.06562168,-0.05369709,-0.055521943,-0.0012937154,-0.014604902,-0.0075997356,0.040049404,0.04718721,-0.029967263,-0.070494704,0.00041852696,-0.03239066,0.0045786416,0.006687359,-0.09677584,-0.0054542003,0.014046212,-0.03134948,-0.012833817,-0.056646314,-0.006839121
CITI_OreInv_days_mills_lag21d,-0.026824038,0.04176783,-0.014522333,0.0010496837,-0.006858915,-0.0131265735,0.0694779,-0.04606729,-0.040183205,-0.014494397,-0.020778714,-0.020740356,0.020203728,0.0064075943,0.038707938,-0.08954811,0.004287129,-0.026448544,0.01757643,-0.0008535174,-0.013438036,0.016900863,0.014299604,-0.0391598,-0.0010934945,0.029256389,0.02560946
AUS_IronOre_Seaborne_Exports_Mt_SIN_lag21d,0.013952614,-0.018827606,0.010001455,-0.016654167,-0.050980262,0.05115251,-0.055859223,0.037192684,0.041095905,0.018875515,0.013643025,0.090876214,-0.00987284,0.023664728,-0.1257028,0.14572458,0.013189323,-0.082510866,0.062968336,-0.06950057,0.020262884,-0.07923199,0.04057192,0.015217804,-0.11225451,-0.021637024,0.030856667
AUS_IronOre_Seaborne_Exports_Mt_SIN_lag42d,0.015272886,-0.017138598,0.020976672,-0.01304653,-0.02180452,0.014267072,-0.011734511,0.010208149,-0.078308314,0.0039787483,0.13428739,0.021084804,-0.05282647,0.041530244,-0.09468857,-0.09699741,0.122243285,0.031416282,-0.11235712,-0.003303873,-0.095884435,-0.10675184,-0.004158093,-0.022341507,0.06486835,-0.06126411,-0.004989874
AUS_IronOre_Seaborne_Exports_Mt_SIN_lag62d,0.01434039,-0.014141717,0.015710376,-3.5615856e-05,-0.0005941115,0.008983347,-0.0055266004,0.03452701,-0.058085267,-0.045489144,0.08056135,-0.06962663,0.040364012,-0.06746809,0.14005648,-0.08508087,0.044276003,-0.037039224,-0.011799227,-0.05299932,0.18813485,0.0846912,0.0868883,-0.102785945,-0.00365685,-0.034497533,-0.008181527
China_IronOre_Seaborne_Imports_Mt_SIN_lag21d,0.007211876,-0.0388188,0.049013406,0.011833095,-0.03875522,0.022901846,-0.025221447,0.034581866,-0.02104862,-0.02732028,0.05874984,-0.0008483896,0.010329951,0.059119392,-0.07629289,0.011850409,-0.07698566,-0.0735765,-0.029658763,-0.047877226,-0.07588982,0.05938184,0.0030042094,0.038359404,0.037092105,0.015563158,-0.016273921
China_IronOre_Seaborne_Imports_Mt_SIN_lag42d,0.010857306,-0.032983653,0.050413977,-0.005593987,-0.041449428,0.00036585235,-0.008363553,0.031759966,-0.029044706,-0.039631784,0.035709385,-0.050120085,0.025132874,0.014018861,0.018991046,-0.09248991,-0.033237644,0.005302106,-0.0615088,-0.06383025,-0.037035197,-0.017007124,0.0041247373,-0.008323279,0.102002844,0.112709254,0.015917558
China_IronOre_Seaborne_Imports_Mt_SIN_lag62d,0.011452074,-0.030403346,0.041149218,-0.027235106,-0.059971023,-0.04406596,-0.0050354786,0.029040625,-0.011122455,-0.03222293,0.021900551,-0.04823326,0.0530151,-0.008491198,0.05930945,-0.018240152,-0.10465769,-0.042911783,0.03800129,-0.02113037,-0.040851705,0.0714694,0.022728201,-0.09067638,0.005317179,0.13289843,0.02723008
China_Coal_Seaborne_Imports_Mt_SIN_lag21d,0.033334646,-0.047010325,0.017393665,0.020591361,-0.022998996,0.009340316,0.012959334,0.025665287,-0.018390618,0.060085975,-0.033345558,-0.08945381,-0.049867667,0.048342966,-0.01478627,0.10906308,-0.03983852,0.042328324,-0.06008715,-0.041340444,-0.0022751968,-0.009596792,0.009284645,0.028548433,-0.027044637,-0.06374081,0.021822928
China_Coal_Seaborne_Imports_Mt_SIN_lag42d,0.03195736,-0.04879604,0.023637686,0.011408545,-0.017092505,0.020970523,0.041365452,0.0041359025,-0.020509861,0.05838193,0.000101075595,-0.091100864,-0.049460147,0.06942993,-0.012590461,0.020965165,0.015522779,0.058520358,-0.041997552,-0.0004901211,0.008324711,0.02485298,0.022389466,0.025289405,0.0030484789,0.02481525,-0.0050590276
China_Steel_Seaborne_Exports_Mt_SIN_lag21d,0.048271604,-0.0547656,0.038343094,0.02033717,-0.014732985,-0.03325754,0.012484324,-0.013297436,0.039191023,0.033371244,-0.0534441,0.032709222,-0.0128321005,0.050775047,-0.029300822,0.043199662,-0.0034013598,0.021900572,0.02205154,-0.0026769203,-0.0021354107,-0.0008095163,-0.009122752,0.019311229,-0.023522036,-0.021488432,0.01933077
China_Steel_Seaborne_Exports_Mt_SIN_lag42d,0.0472832,-0.055394914,0.040878665,0.021795226,-0.0196553,-0.02513693,0.013797077,-0.004630127,0.02264376,0.03397172,-0.03152665,0.017759873,-0.036640048,0.046055812,-0.014777413,-0.025875095,0.04324471,0.057271782,0.003567695,0.034834296,-0.0032113364,-0.06463133,0.023515861,0.015552579,0.0033356438,-0.011869701,0.010994388
AUS_IronOre_Exports_Mt_CLRK_lag21d,0.013952614,-0.018827606,0.010001455,-0.016654167,-0.050980262,0.05115251,-0.055859223,0.037192684,0.041095905,0.018875515,0.013643025,0.090876214,-0.00987284,0.023664728,-0.1257028,0.14572458,0.013189323,-0.082510866,0.062968336,-0.06950057,0.020262884,-0.07923199,0.04057192,0.015217804,-0.11225451,-0.021637024,0.030856667
AUS_IronOre_Exports_Mt_CLRK_lag42d,0.015272886,-0.017138598,0.020976672,-0.01304653,-0.02180452,0.014267072,-0.011734511,0.010208149,-0.078308314,0.0039787483,0.13428739,0.021084804,-0.05282647,0.041530244,-0.09468857,-0.09699741,0.122243285,0.031416282,-0.11235712,-0.003303873,-0.095884435,-0.10675184,-0.004158093,-0.022341507,0.06486835,-0.06126411,-0.004989874
AUS_IronOre_Exports_Mt_CLRK_lag62d,0.01434039,-0.014141717,0.015710376,-3.5615856e-05,-0.0005941115,0.008983347,-0.0055266004,0.03452701,-0.058085267,-0.045489144,0.08056135,-0.06962663,0.040364012,-0.06746809,0.14005648,-0.08508087,0.044276003,-0.037039224,-0.011799227,-0.05299932,0.18813485,0.0846912,0.0868883,-0.102785945,-0.00365685,-0.034497533,-0.008181527
Brazil_IronOre_Exports_Mt_CLRK_lag21d,0.020749351,-0.02381039,0.022628156,0.06680854,-0.056725338,0.04025743,-0.06360632,0.02904997,-0.032215398,0.018364266,0.07116736,0.045658942,0.0355738,0.022203036,0.0018115691,0.033336364,0.046160482,-0.0662946,-0.031323243,-0.0843499,0.0058661248,-0.023404095,0.02758049,0.002344425,0.00041096157,-0.05683788,0.0032475314
Brazil_IronOre_Exports_Mt_CLRK_lag42d,0.017841682,-0.023101613,0.017866189,0.04879644,-0.05026836,0.04207134,-0.021836294,0.039581183,-0.09108678,0.015653694,0.06826083,-0.011155717,0.057234462,0.028134415,0.02949487,-0.04247689,0.0862981,-0.07570804,-0.057450872,-0.08861318,-0.020137114,0.026301596,-0.012214182,0.074212976,0.06571578,0.08224309,-0.03802119
Brazil_IronOre_Exports_Mt_CLRK_lag62d,0.015523542,-0.02193131,0.0107884975,0.021317575,-0.05610593,0.031906463,-0.0006382821,0.054989904,-0.1011226,-0.020004015,-0.005285226,-0.06775643,0.07624716,-0.0028350041,0.064834766,-0.05136807,0.04261757,-0.031216081,0.0370565,-0.08910921,0.003897819,0.102764755,-0.01704921,0.08306935,0.03582888,0.075741924,0.015201232
China_IronOre_Imports_Mt_CLRK_lag21d,0.007211876,-0.0388188,0.049013406,0.011833095,-0.03875522,0.022901846,-0.025221447,0.034581866,-0.02104862,-0.02732028,0.05874984,-0.0008483896,0.010329951,0.059119392,-0.07629289,0.011850409,-0.07698566,-0.0735765,-0.029658763,-0.047877226,-0.07588982,0.05938184,0.0030042094,0.038359404,0.037092105,0.015563158,-0.016273921
China_IronOre_Imports_Mt_CLRK_lag42d,0.010857306,-0.032983653,0.050413977,-0.005593987,-0.041449428,0.00036585235,-0.008363553,0.031759966,-0.029044706,-0.039631784,0.035709385,-0.050120085,0.025132874,0.014018861,0.018991046,-0.09248991,-0.033237644,0.005302106,-0.0615088,-0.06383025,-0.037035197,-0.017007124,0.0041247373,-0.008323279,0.102002844,0.112709254,0.015917558
China_IronOre_Imports_Mt_CLRK_lag62d,0.011452074,-0.030403346,0.041149218,-0.027235106,-0.059971023,-0.04406596,-0.0050354786,0.029040625,-0.011122455,-0.03222293,0.021900551,-0.04823326,0.0530151,-0.008491198,0.05930945,-0.018240152,-0.10465769,-0.042911783,0.03800129,-0.02113037,-0.040851705,0.0714694,0.022728201,-0.09067638,0.005317179,0.13289843,0.02723008
SKorea_IronOre_Imports_Mt_CLRK_lag21d,-0.012183931,0.015593738,0.0042252876,0.010980305,-0.05647223,0.008700331,0.0037742383,-0.031792134,-0.05599285,0.0025287666,-0.015422372,0.047219858,-0.0014122793,0.067227006,-0.050572295,0.019523876,-0.006677103,-0.020722069,0.064941466,-0.083027564,-0.06185602,0.038933825,-0.10713077,0.03642628,-0.012969941,0.013026285,0.02313283
SKorea_IronOre_Imports_Mt_CLRK_lag42d,-0.012716603,0.015886163,0.003263715,0.023360277,-0.022328347,-0.018013936,0.03264262,-0.0078841,-0.082288235,-0.0061245603,-0.016124664,-0.0047585373,0.040962327,-0.0046845875,0.07741716,-0.05522278,0.028949628,0.06641857,-0.046744004,0.016455296,-0.039832786,-0.11864915,0.05358729,0.030848688,0.02528501,-0.007831494,0.049308058
Japan_IronOre_Imports_Mt_CLRK_lag21d,-0.0059382217,0.040861886,-0.03327756,0.017987829,-0.029720953,-0.0109527,0.014454637,-0.03848219,-0.079329245,0.06397728,-0.08185853,0.036732845,-0.018798027,0.035107855,-0.016313575,0.073325716,0.05253498,0.0062864274,-0.026125867,-0.038281348,-0.044427406,0.037369456,0.011321101,0.045406044,0.022023084,0.07004758,0.08661556
Japan_IronOre_Imports_Mt_CLRK_lag42d,-0.005944028,0.041543525,-0.028770097,0.018733578,0.0054997867,0.014339681,0.03693657,-0.012366367,-0.0741161,0.041317947,-0.09486684,-0.008849962,0.0045224153,0.029820608,0.026585247,-0.03285837,0.09175176,0.08148626,0.0052212416,0.0050182687,-0.010903489,-0.029596442,-0.059167486,-0.054077066,-0.025167562,0.016291145,-0.00078497955
China_Steel_Exports_Mt_CLRK_lag21d,0.048271604,-0.0547656,0.038343094,0.02033717,-0.014732985,-0.03325754,0.012484324,-0.013297436,0.039191023,0.033371244,-0.0534441,0.032709222,-0.0128321005,0.050775047,-0.029300822,0.043199662,-0.0034013598,0.021900572,0.02205154,-0.0026769203,-0.0021354107,-0.0008095163,-0.009122752,0.019311229,-0.023522036,-0.021488432,0.01933077
China_Steel_Exports_Mt_CLRK_lag42d,0.0472832,-0.055394914,0.040878665,0.021795226,-0.0196553,-0.02513693,0.013797077,-0.004630127,0.02264376,0.03397172,-0.03152665,0.017759873,-0.036640048,0.046055812,-0.014777413,-0.025875095,0.04324471,0.057271782,0.003567695,0.034834296,-0.0032113364,-0.06463133,0.023515861,0.015552579,0.0033356438,-0.011869701,0.010994388
TF_AUS_CHN_IronOre_MT_lag1d,-0.049603913,-0.01289347,-0.0025851505,0.024550831,0.013887991,0.038180638,-0.029620185,0.0022933725,0.0040196585,-0.016664146,-0.017173367,0.011259443,-0.034044996,0.0028895633,0.034792718,0.056103326,0.008112612,0.049157895,-0.009375923,-0.008001755,0.011749727,0.025475135,-0.0009533627,-0.059550323,-0.039960016,0.067988135,-0.058242306
TF_AUS_CHN_IronOre_MT_lag5d,-0.0499269,-0.012420399,-0.00026027838,0.02047694,0.010288459,0.0408804,-0.031110462,0.0031744053,0.0032744373,-0.018603869,-0.020827243,0.011266375,-0.026872003,0.010272186,0.024505468,0.06896476,0.015843788,0.02981618,-0.011404406,-0.0044824174,0.01410965,0.00021363622,0.0069293105,-0.05308062,-0.027472049,0.072254434,-0.011216981
TF_AUS_CHN_IronOre_MT_lag10d,-0.049975112,-0.01211287,0.0020010828,0.01711967,0.0042811865,0.042231396,-0.032059863,-0.0006296512,0.0057494305,-0.016739571,-0.01779759,0.005705605,-0.017847281,0.013152079,0.012585605,0.07575011,0.028649695,0.0046849656,-0.0142487055,-0.008687259,0.012363317,-0.032238893,0.0042962558,-0.04129569,-0.002254612,0.072455496,0.012189049
TF_AUS_CHN_IronOre_MT_lag21d,-0.050451454,-0.011350459,0.004705446,0.01202587,-0.004259376,0.035391238,-0.032819666,-0.0066838227,0.00012878989,-0.026668636,0.004794195,7.119302e-05,-0.0140515305,0.027384857,-0.017593622,0.07322298,0.049343724,0.002928211,-0.0004461392,-0.0018702049,-0.023827827,-0.023537772,0.0042300983,-0.037067495,-0.010846246,0.065615915,-0.0060794535
TF_AUS_CHN_IronOre_MT_lag42d,-0.050506335,-0.008350878,0.013900757,0.009739349,-0.004030681,0.022897087,-0.025003303,-0.010691071,-0.028518386,-0.02521228,0.040260192,-0.019833602,0.0037224474,0.039049007,0.0016186666,0.017013408,0.062176812,0.008812577,0.018843291,0.024954284,-0.038406264,-0.0002159915,-0.007522799,-0.058863647,0.035631586,-0.0037194532,-0.013765923
TF_AUS_CHN_Coal_MT_lag1d,0.03274319,0.0062980265,0.007053493,-0.015834423,0.0066797948,-0.018127892,-0.009100072,0.022342702,0.00245405,0.021987252,-0.030018795,-0.012045337,0.0014619352,0.013487949,-0.0097663095,0.012031194,0.0034447787,0.041932307,-0.029603297,0.011086498,0.017139867,0.00548808,-0.010817524,0.00992981,-0.040586263,-0.036477257,-0.043448772
TF_AUS_CHN_Coal_MT_lag5d,0.033214483,0.0056637917,0.0052896407,-0.014703176,0.0042105424,-0.020690924,-0.010734233,0.019160694,0.0066880244,0.018735828,-0.02235289,-0.02068104,-0.005254611,0.0055636,-0.013126917,0.012493582,0.005717488,0.037350994,-0.01953481,0.011646548,0.026396165,-0.01652883,-0.019970633,0.014010131,-0.023805501,-0.01972719,-0.028752238
TF_AUS_CHN_Coal_MT_lag10d,0.03361082,0.0048940685,0.0031706763,-0.013912016,-0.0003028784,-0.02097604,-0.012638181,0.015832711,0.011765485,0.0225617,-0.013533556,-0.02527495,-0.006325023,0.0019921176,-0.01618768,0.01178209,0.010528647,0.040652398,-0.013401023,0.023919998,0.028977748,-0.025990717,-0.019546842,0.0281229,-0.032643784,-0.027182562,-0.022413835
TF_AUS_CHN_Coal_MT_lag21d,0.03417773,0.003896142,0.0023062832,-0.013509518,-0.000987503,-0.015333226,-0.012396337,0.014121538,0.009901627,0.028004434,-0.006882748,-0.015021938,-0.021327429,0.010817451,-0.01980595,0.017161377,0.0066193906,0.029388903,0.003131898,0.03489298,0.017492948,0.0030897039,0.012325733,0.024983583,-0.036598895,-0.03963335,-0.043442897
TF_AUS_CHN_Bauxite_MT_lag1d,0.01887829,-0.023733001,0.003417905,0.016444983,-0.017844625,-0.0036612342,0.01163519,0.03169573,0.022653883,-0.009259307,0.0050935433,0.077616885,-0.030242456,-0.0067001176,0.024025178,0.020025108,-0.010175517,0.02988404,-0.008799743,0.05673499,-0.03274382,-0.0069333855,-0.026787637,0.05887224,-0.015724406,-0.058457784,-0.08570385
TF_AUS_CHN_Bauxite_MT_lag5d,0.018398887,-0.023875063,0.004643448,0.014879992,-0.014951593,-0.003926038,0.009971697,0.038717307,0.011690787,-0.011730393,0.0034170907,0.08156208,-0.03419484,-0.004824675,0.027129183,0.030087152,-0.009723346,0.025710382,-0.0040920936,0.043827247,-0.018797208,-0.039663408,-0.029332668,0.052781902,-0.014339953,-0.049050234,-0.05451262
TF_AUS_CHN_Bauxite_MT_lag10d,0.017583672,-0.023981348,0.00330547,0.014892854,-0.017207464,-0.0070082694,0.0047525177,0.04649608,0.007876736,-0.019023996,-0.0022003336,0.06713354,-0.026164658,-0.016702877,0.024013195,0.033901192,-0.008707299,0.044058207,-0.00094411604,0.039489225,-0.03012365,-0.065023325,-0.044975713,0.029691601,-0.03929872,-0.046112947,-0.014150657
TF_AUS_CHN_Bauxite_MT_lag21d,0.016327878,-0.023503793,0.0074345376,0.00025949383,-0.025052248,0.012535926,-0.0035047794,0.049804375,0.0090934,-0.00345145,-0.026417647,0.063499555,-0.013678923,-0.0041046087,0.038994007,0.02675076,0.014982726,0.021105867,-0.016317345,0.0055278963,-0.024977878,-0.06740844,-0.01021146,-0.018143607,-0.046685413,-0.09799563,-0.043041915
TF_AUS_JPN_IronOre_MT_lag1d,-0.015798775,0.004690128,0.0008649449,-0.0015826283,-0.0031230694,0.01071909,-0.012556203,-0.005575457,-0.009618228,-0.009732932,0.0026356904,0.0035630022,-0.023096902,0.0068344097,0.061551165,0.03059116,0.029461056,-0.041266385,-0.000849383,0.081204146,-0.022906465,-0.034433726,-0.031896215,0.02452567,-0.09897253,0.026781073,-0.04930884
TF_AUS_JPN_IronOre_MT_lag5d,-0.015548291,0.004913669,0.002058479,-0.0042221174,-0.003490202,0.0113879815,-0.011932548,-0.0046501453,-0.006187542,-0.007534864,0.0024790892,0.0016480562,-0.015188183,0.017333217,0.05417207,0.03352456,0.020310992,-0.042284727,0.008748199,0.06295143,-0.0072506294,-0.044376694,-0.05169639,0.026160205,-0.07978369,-0.0037093754,-0.03810753
TF_AUS_JPN_IronOre_MT_lag10d,-0.015099607,0.005066117,0.000612233,-0.0044596493,-0.0028514005,0.0070460793,-0.012342975,-0.008747444,-0.0052023777,-0.0060460875,0.005755349,-0.005205964,-0.007641144,0.028289696,0.041937888,0.039104242,0.020425607,-0.033659086,-0.002363074,0.041440725,-0.005226727,-0.031216132,-0.048338234,0.0327115,-0.08153982,-0.03228368,-0.052149147
TF_AUS_JPN_IronOre_MT_lag21d,-0.014700155,0.0061992425,0.0024303463,0.0032969888,0.006843307,0.0030280005,-0.010486729,-0.011013258,-0.016399909,-0.0028051997,0.010793206,-0.014283498,0.0037610175,0.028032357,0.007895613,0.036778796,0.00901014,0.003956087,-0.01579235,-0.019053875,0.004195175,-0.037037153,-0.03104028,0.02692394,-0.07419829,-0.049361736,-0.021427786
TF_AUS_SKorea_IronOre_MT_lag1d,-0.00144352,0.00627778,-0.00423338,0.009558572,0.024573123,0.0201012,-0.01663558,-0.02440953,-0.018667268,-0.0038378136,-0.009209088,0.018708656,0.010225847,-0.04693275,-0.01833601,0.08962446,-0.011588591,-0.003956997,-0.038881887,0.008992006,-0.011381634,0.012085844,0.031167045,0.03336456,0.04803845,-0.02666015,-0.026415521
TF_AUS_SKorea_IronOre_MT_lag5d,-0.0011949746,0.006464759,-0.004071922,0.010789678,0.022671051,0.021647869,-0.018494133,-0.021180205,-0.018910341,-0.0071657686,-0.014131292,0.017195212,0.010767517,-0.036669016,-0.023596326,0.072187975,-0.014828581,-0.009525115,-0.044962212,0.008256208,-0.012708368,0.012777775,-0.011252518,0.01286482,0.040513568,-0.0038404982,-0.027632762
TF_AUS_SKorea_IronOre_MT_lag10d,-0.0019008025,0.006815467,-0.0071974783,0.014965125,0.018627122,0.01827498,-0.022668364,-0.024428492,-0.018511308,-0.008228392,-0.014413289,0.0071691885,0.008046491,-0.036855772,-0.020908395,0.04569916,-0.00406506,0.0034619977,-0.041290663,0.021517891,-0.01194484,-0.013201496,-0.04305147,0.013599082,0.052321035,0.019578403,0.015033796
TF_AUS_Taiwan_IronOre_MT_lag1d,-0.0077651804,0.01885129,0.0038568084,0.0010699114,0.0270759,0.009669803,-0.032063063,-0.027478581,0.011531903,-0.024089253,0.0070879115,0.017021839,0.037055317,0.04132725,0.010032802,0.06182022,-0.023694582,0.052586425,-0.040948413,-0.006980836,-0.06875235,0.0035582653,0.041254163,-0.03478084,0.1086254,0.04463059,-0.0127429245
TF_AUS_Taiwan_IronOre_MT_lag5d,-0.0073726308,0.018827405,0.004899511,-0.00019940722,0.021962529,0.014922395,-0.037011728,-0.027618444,0.01419007,-0.02307378,-0.0009218783,0.022001624,0.03711867,0.049335428,0.0063760295,0.039585788,-0.020684196,0.033204637,-0.048314847,-0.014426115,-0.03909228,0.0152082965,0.02804066,-0.04204683,0.106072046,0.027997136,-0.031108303
TF_AUS_Taiwan_IronOre_MT_lag10d,-0.006859985,0.018471923,0.0034332762,0.0020760705,0.017756306,0.012635544,-0.04042497,-0.02900636,0.014472791,-0.021661485,0.0023238058,0.020339115,0.025141653,0.037965417,0.0057968297,0.02888434,-0.018091032,0.007875826,-0.010331073,-0.024512237,-0.03499735,0.008242825,-0.014428821,-0.04811469,0.07327515,0.044900823,-0.033266865
TF_Brazil_CHN_IronOre_MT_lag1d,-0.00084242277,-0.011448007,0.012909282,0.027892612,-0.0008271782,0.019195551,-0.023279719,0.017547049,-0.0069043525,-0.0055676876,0.04155171,0.026836844,-0.031536553,0.0015786411,0.026041843,-0.023186035,0.047516767,0.04462736,0.028974056,-0.037919294,0.039828118,0.0052695014,0.045433667,-0.038159713,0.029138727,-0.05433669,-0.032383125
TF_Brazil_CHN_IronOre_MT_lag5d,-0.0012183337,-0.011069511,0.013817694,0.029106576,-7.094018e-05,0.020891268,-0.023514437,0.02222247,-0.013905158,-0.011126402,0.033518095,0.023298204,-0.023631679,-0.0065983823,0.03063746,-0.004911559,0.03153519,0.012520095,0.033220578,-0.04343657,0.036676314,-0.0051021343,0.013395221,-0.041807253,0.0043144007,-0.054218482,0.0077002957
TF_Brazil_CHN_IronOre_MT_lag21d,-0.0013606704,-0.010630629,0.01122867,0.020711534,-0.017166317,0.02662645,-0.023524174,0.016637923,-0.0070798597,-0.020281497,0.012695227,0.00026069616,0.010258981,-0.0025066677,0.012649137,0.018430904,0.030697186,-0.034050107,0.007089455,-0.04890506,0.018722286,0.0027238752,0.014420608,-0.0012421277,-0.0050886427,-0.008521652,-0.03399558
TF_Brazil_CHN_IronOre_MT_lag42d,-0.0014455455,-0.009395184,0.0097535,0.00793599,-0.020730043,0.02095085,-0.008050383,0.00669633,-0.02438316,0.00028372413,0.024789263,-0.007618515,0.029832754,0.022198917,-0.014900876,0.0023828405,0.0041539664,-0.042628527,-0.0344889,-0.05227087,-0.03944455,0.012940382,0.019677611,0.030400839,0.05394563,0.024929393,-0.04429975
TF_Brazil_SKorea_IronOre_MT_lag1d,-0.016515845,-0.025507338,0.029550353,-0.015557474,-0.0093146395,0.0050469767,-0.036884315,-0.028252607,-0.01838589,-0.024366817,0.034354243,-0.0551425,-0.037595265,0.082466885,0.07240761,0.048576463,-0.08150217,0.058122337,-0.13286279,0.061584745,-0.007573238,-0.028427389,-0.015539452,0.07663125,-0.12880169,-0.067914374,-0.03905435
TF_Brazil_SKorea_IronOre_MT_lag5d,-0.016271146,-0.025254017,0.030768065,-0.017190348,-0.008329375,0.005320037,-0.037257493,-0.032783724,-0.014100179,-0.015506881,0.0320718,-0.05514045,-0.039829157,0.08136074,0.08718171,0.04929231,-0.07975903,0.040356778,-0.13284425,0.04929573,0.006361772,-0.017650533,-0.008656993,0.075670585,-0.117345124,-0.061994612,-0.057872724
TF_Brazil_SKorea_IronOre_MT_lag21d,-0.014496518,-0.023973558,0.036038484,-0.009559161,0.0048692315,-0.01073714,-0.03017162,-0.033365294,-0.010327178,-0.009938713,0.02160615,-0.061618213,-0.032702126,0.08017974,0.094324544,0.046457533,-0.053798903,-0.012843807,-0.045294847,0.002437486,0.01662027,0.011361459,-0.04841341,0.03165973,-0.08183061,0.015122579,0.0029161633
TF_Brazil_Taiwan_IronOre_MT_lag1d,-0.0013222094,-0.0053182086,-0.016275182,-0.057482414,0.036976546,0.013160357,-0.05997782,0.088189445,0.061731983,-0.019520404,0.13470307,-0.031516127,-0.011267087,0.065448776,0.066542156,0.03602688,-0.038600102,-0.0363682,-0.10418601,-0.027930532,-0.022206403,-0.0042799073,-0.054250166,-0.04499045,-0.029343028,-0.022349823,0.06733994
TF_Brazil_Taiwan_IronOre_MT_lag5d,-0.0009960295,-0.005366503,-0.014290265,-0.059695162,0.038046278,0.012985448,-0.062614635,0.09043562,0.0627968,-0.020794677,0.1340817,-0.03363003,-0.0068478184,0.06900926,0.075850144,0.03652739,-0.03917684,-0.029125249,-0.09091414,-0.026365621,-0.016305627,-0.0021904863,-0.057430048,-0.01959359,-0.013606912,-0.010596932,0.063568324
TF_Brazil_Taiwan_IronOre_MT_lag21d,0.0011175242,-0.0047109737,-0.0034660357,-0.06689572,0.04040226,0.020866476,-0.071805574,0.08263253,0.057107534,-0.016770791,0.12640207,-0.03927443,0.020966645,0.078456335,0.07735105,0.03396338,-0.06336749,0.0001369526,-0.05287339,-0.04216454,-0.017427342,0.0024300127,-0.10067532,0.051266775,0.023550168,-0.033106465,0.042240467
Guinea_CHN_Bauxite_Import_MT_lag1d,0.018823838,-0.026054818,0.011096211,-0.018603493,0.003105384,-0.010333694,0.015665958,0.00029749592,0.0018841855,-0.015798388,-0.009811434,-0.018104782,0.018569816,-0.020637602,0.0031424153,-0.0013126287,-0.01162578,0.013440484,-0.016561843,-0.012544871,-0.014374601,0.036102295,-0.011288002,-0.005061314,0.0458199,0.08698034,-0.010771256
Guinea_CHN_Bauxite_Import_MT_lag5d,0.019043325,-0.026229778,0.011388895,-0.019944668,6.967758e-05,-0.010271103,0.013827716,0.00044136593,0.008132421,-0.017497221,-0.019515194,-0.015242751,0.019256068,-0.027641775,0.005764417,0.0016314419,-0.01644822,0.016192973,-0.005197803,-0.0044768597,-0.014102572,0.041958652,-0.017180976,-0.017754816,0.009051901,0.06329779,-0.010137405
Guinea_CHN_Bauxite_Import_MT_lag21d,0.019110529,-0.025572436,0.0137381805,-0.022873338,-0.0013484389,-0.0116110975,0.0113627855,-0.006741813,0.016831351,-0.0131560825,-0.01852909,-0.0063256943,0.01960242,-0.03414507,0.00483575,0.030916974,-0.02206424,0.0028028365,0.026897715,0.03784324,-0.0142197395,0.02756456,-0.009585459,-0.01824325,0.018502504,0.068493724,0.006189447
Guinea_Bauxite_Cape_Export_MT_lag1d,0.017067123,-0.025118785,0.0113349985,-0.015440842,-0.00048149496,-0.008393769,0.013197721,0.002171557,-0.0026393184,-0.019765036,-0.006719001,-0.016735267,0.015931727,-0.024719069,-0.00682898,-0.006874475,-0.0017983122,0.009444408,-0.021106362,-0.012346127,0.0014507866,0.028861463,-0.016901623,-0.011103108,0.059856825,0.09849986,-0.024791023
Guinea_Bauxite_Cape_Export_MT_lag5d,0.01672642,-0.024581505,0.009840316,-0.016321993,-0.0014134971,-0.009891681,0.010494573,0.0023454665,0.0011617573,-0.021080686,-0.0153228585,-0.017919037,0.019131275,-0.032685943,-0.00045240196,0.0011662241,-0.015040405,0.018028168,-0.00032249815,-0.006430606,-0.0054820823,0.04044213,-0.018133897,-0.022841891,0.015305303,0.07702241,-0.013366184
Guinea_Bauxite_Cape_Export_MT_lag21d,0.016831385,-0.024127161,0.012786755,-0.022882007,-0.005396306,-0.008436459,0.009427411,-0.0055664214,0.010108775,-0.0115083745,-0.017803643,-0.004979579,0.0151221305,-0.04115619,0.0017799056,0.028981194,-0.025180025,-0.003055159,0.035168644,0.035007942,-0.017233592,0.02858883,-0.015800592,-0.028306203,0.018649325,0.06776019,0.0020125303
Cape_Fleet_DWT_mn_SIN_lag21d,0.07015002,-0.044839837,0.02605086,-0.023439845,-0.0036568837,-0.022652157,0.002547718,0.029532503,0.024466807,0.006656141,0.010404174,-0.003013347,0.0042277854,-0.0039912253,-0.0033925928,0.0146057485,0.0018658409,0.00026303396,-0.01689464,0.009831542,-0.0041396623,-0.0037908482,-0.0025172615,-0.014964458,-0.0026808202,0.018576426,-0.009465209
Cape_Fleet_DWT_mn_SIN_lag42d,0.07005871,-0.04516353,0.025423884,-0.02399199,-0.0039258655,-0.022591054,0.002323794,0.028456515,0.025522996,0.007888478,0.010979213,-0.0025434315,0.005805525,-0.002539097,-0.0063491417,0.01673032,0.00045849616,-0.0040519745,-0.014162219,0.004964732,-0.0055815843,0.00034012916,-0.0047237272,-0.017348893,-0.0057000397,0.014301004,-0.009346581
Cape_Fleet_DWT_mn_SIN_lag62d,0.069909,-0.0454843,0.02505978,-0.024232829,-0.003154639,-0.0232959,0.0023742102,0.028583398,0.02503708,0.0083422335,0.011732875,-0.00255199,0.00579333,-0.0013331032,-0.005785963,0.012796152,0.0024162326,-0.00032866967,-0.01754497,0.006575981,-0.007357653,-0.0015234541,-0.0039936895,-0.013860567,0.00010705419,0.015644189,-0.008083544
Cape_Fleet_Growth_YoY_pct_lag21d,-0.048711363,0.059615258,-0.021642387,-0.012457067,0.010617632,0.011921462,0.008799974,0.028994963,0.03534195,-0.03758805,0.063213095,0.01397712,-0.0019637314,0.054692768,0.035550524,-0.031764735,-0.03314626,-0.0062265764,0.0058040232,-0.010644302,-0.039179634,-0.04176197,0.017680163,-0.022465792,-0.042656768,0.022587916,0.024459574
Cape_Fleet_Growth_YoY_pct_lag42d,-0.045168925,0.06074404,-0.020572016,-0.018331949,0.008695882,0.013386454,-0.0011627494,0.029479785,0.045989554,-0.045928083,0.071077816,0.01799349,0.01212031,0.045636952,0.033465534,-0.038391117,-0.039977774,-0.02792221,0.013134771,-0.029510463,-0.03876901,-0.03229663,-0.0071134423,-0.025000408,-0.030280288,0.002118692,0.030661862
Cape_Fleet_Growth_YoY_pct_lag62d,-0.041848432,0.061059467,-0.02092161,-0.023891075,0.0071364916,0.004120578,-0.009671648,0.02995994,0.040137574,-0.042954233,0.08422662,0.031817608,0.027986651,0.045550663,0.032414433,-0.04543964,-0.050470907,-0.022575302,0.0038668856,-0.03730925,-0.0477305,-0.020065749,0.005110452,-0.0045829755,-0.014797557,-0.0007929396,0.05130532
Cape_Deliveries_No_SIN_lag21d,-0.050038498,0.028633045,0.005599556,-0.0045251884,-0.0048066736,0.007575498,0.010494409,-0.042528663,-0.01384291,0.007749239,0.021590363,-0.020349683,0.029281477,0.024681788,-0.086852714,-0.0032929245,-0.037075903,-0.0055446974,0.0017577532,-0.010292935,-0.037357397,0.096414044,-0.07821334,-0.07043697,-0.079168454,-0.057891678,-0.035203356
Cape_Deliveries_No_SIN_lag42d,-0.048697263,0.030421495,0.0049091256,0.0073009864,0.01186523,-0.013347975,0.0058752494,-0.0005295848,-0.005990524,-0.027824383,0.0050174473,-0.012982254,-0.022273354,-0.025712617,0.082082935,-0.043468688,0.002822073,0.0684247,-0.062399592,0.14623138,0.019635016,-0.043173555,0.030924544,0.08043098,0.04092396,0.059790485,-0.0288289
Cape_Atlantic_at_sea_ballast_lag1d,0.040619,-0.051649965,0.03712829,0.010652677,0.020824019,-0.030065281,0.009145016,-0.017356833,-0.01632554,0.02948245,0.055953853,-0.015712112,-0.06154453,0.006594975,0.027814778,-0.083178915,0.03593925,0.04957615,0.02513913,0.013762327,0.006896087,0.043592613,-0.031739842,-0.04525577,0.042820383,0.0051029148,0.00988673
Cape_Atlantic_at_sea_ballast_lag5d,0.040628035,-0.051529266,0.037953347,0.02013556,0.026649252,-0.029790068,0.008592767,-0.0043955594,-0.016360447,0.012620019,0.0379136,-0.016842354,-0.0447944,-0.0048796665,0.042178754,-0.085090555,0.024912154,0.05664631,0.011887241,0.004630535,0.02483612,0.04218509,-0.028389355,-0.058983624,0.012187245,-0.010694229,-0.012066874
Cape_Atlantic_at_sea_ballast_lag10d,0.040493686,-0.050849106,0.038908727,0.026579669,0.028323926,-0.020373402,0.0047273645,0.007344908,-0.0057659675,0.0011880499,0.004209697,-0.019234695,-0.020134155,-0.013250432,0.0562135,-0.07449387,0.0031437525,0.04600948,-0.006432421,-0.006938349,0.055315446,0.036260497,-0.014562864,-0.06506103,-0.017184865,-0.02751026,-0.034086607
Cape_Atlantic_at_sea_ballast_lag21d,0.04012553,-0.049909458,0.03430479,0.027326578,0.01068064,3.17823e-05,-0.012368125,0.018355079,0.034612283,-0.010095142,-0.04569039,-0.031279698,0.024054255,-0.029229093,0.051959284,0.0019047582,-0.036119975,0.0037484283,0.00015461355,-0.024466043,0.08563313,0.01632507,0.017326305,-0.042627286,-0.087874494,0.011544751,-0.0014172604
Cape_Atlantic_at_sea_laden_lag1d,0.039551828,-0.06086095,0.03781466,0.034327008,-0.00031531142,0.002640547,0.0044874097,0.023942437,0.018352518,-0.0016633768,-0.03729281,-0.01221011,0.015353916,0.007025906,0.056259822,-0.0111295525,-0.019286472,0.0012489643,0.025188997,-0.02478039,0.03364574,-0.018596329,0.006769907,0.0025625278,-0.073506705,-0.024760691,0.037502192
Cape_Atlantic_at_sea_laden_lag5d,0.039270986,-0.0606876,0.03703973,0.03251435,-0.006111269,0.006759039,0.0029158003,0.021288378,0.026618794,-4.109064e-05,-0.04494705,-0.01761638,0.017575948,0.0032076135,0.046832938,0.0044389525,-0.016457938,-0.020236136,0.014941483,-0.029261423,0.032271806,-0.034212023,0.008788063,0.015183406,-0.0625415,-0.026201768,0.055061463
Cape_Atlantic_at_sea_laden_lag10d,0.038853057,-0.060599465,0.035583664,0.028866457,-0.0138524175,0.008423551,0.0013014743,0.017208721,0.033110626,-0.0018822934,-0.046325408,-0.016817229,0.0114529515,0.00786676,0.023808973,0.020267127,-0.0076640476,-0.03819444,0.014313801,-0.032817088,0.01902637,-0.039357405,0.019315952,0.030413488,-0.05022776,-0.012250263,0.051278852
Cape_Indian_at_sea_ballast_lag1d,0.033235043,-0.04491434,0.029050155,-0.009575229,-0.023405235,-0.027994895,0.0019286642,-0.03058397,0.020160953,0.05584536,0.06221596,0.002016253,-0.06688726,0.07470509,-0.04826426,-0.048728943,0.034664657,-0.0060218778,0.013020652,0.06404889,-0.052951798,0.036234766,-0.013468645,0.0059221657,0.08151756,0.006006462,0.053660847
Cape_Indian_at_sea_ballast_lag5d,0.033361107,-0.044816244,0.032934457,-0.006032043,-0.013169408,-0.02858522,0.0080123525,-0.023168838,0.002482687,0.054824296,0.07058639,0.006051335,-0.07490768,0.06498893,-0.019520372,-0.08274489,0.04177743,0.022927353,0.015804082,0.065408856,-0.029753324,0.05189942,-0.0075414805,-0.018901432,0.09761997,0.005879426,0.031001087
Cape_Indian_at_sea_ballast_lag10d,0.03355083,-0.044774495,0.03701402,0.0051263357,0.0024323303,-0.030955588,0.013774574,-0.008229488,-0.018134493,0.04271915,0.07207834,0.0065608616,-0.069182694,0.040051375,0.02074716,-0.102279805,0.040575627,0.054580633,0.028138436,0.047120787,-0.007662729,0.05189917,-0.02931465,-0.056299306,0.06806941,0.009271832,-0.009642023
Cape_Indian_at_sea_ballast_lag21d,0.03370585,-0.04327613,0.04278577,0.022837415,0.017666653,-0.018684369,0.012734557,0.021678355,-0.011395552,0.006736869,0.008892689,-0.002340089,-0.022129988,0.003004081,0.07458983,-0.08507114,0.009231943,0.04333635,0.0014844594,0.0024143984,0.08531341,0.02071701,-0.037728924,-0.0901694,-0.006968591,-0.031275727,-0.020301308
Cape_Indian_at_sea_laden_lag1d,0.044728797,-0.047363117,0.03913763,0.017091844,-0.01359702,-0.0032616146,-0.031194752,0.026085375,0.029164046,-0.010972878,-0.038727473,0.011813927,0.024950646,0.009279086,-0.015201472,0.028269555,0.013947526,-0.031455126,-0.0012725604,0.021950977,0.0053571574,-0.04559664,0.028678775,-0.018172141,-0.012040574,0.03223926,0.02460402
Cape_Indian_at_sea_laden_lag5d,0.044668272,-0.04710583,0.03843033,0.013890195,-0.017162716,-0.0043321075,-0.03145115,0.02588814,0.026959375,-0.008558044,-0.034357376,0.01418173,0.019296132,0.018442735,-0.023548996,0.033277422,0.019457154,-0.047442377,0.002333145,0.021788377,-0.013161719,-0.044773955,0.039679505,-0.0035466705,-0.01477367,0.049975976,0.032555316
Cape_Indian_at_sea_laden_lag10d,0.044494744,-0.04696077,0.036225397,0.011363548,-0.023042906,-0.00853355,-0.03171331,0.020832567,0.023315294,-0.003791697,-0.023797367,0.007962546,0.010193838,0.021189442,-0.031891026,0.03271765,0.024605056,-0.057974093,0.0012371291,0.018267127,-0.025104241,-0.04228894,0.036808483,0.0011550008,-0.007736283,0.04721039,0.05659073
Cape_Pacific_at_sea_ballast_lag1d,0.04639886,-0.03163507,0.0070837163,-0.028073244,-0.007267328,-0.0070207063,-0.020102875,-0.0016134668,0.024373112,0.0358558,0.055340316,0.011123894,-0.043631,0.046998575,-0.07107799,0.07841501,0.05023631,-0.009647727,-0.041208148,0.0051007974,-0.034769893,0.00404525,0.0115722,0.06753207,-0.03851699,-0.015907072,-0.069627844
Cape_Pacific_at_sea_ballast_lag5d,0.046492692,-0.03172741,0.010150901,-0.025944747,0.002825333,-0.0074633867,-0.015788391,0.006007476,0.008871524,0.03863415,0.06000934,0.018123595,-0.052222658,0.04650761,-0.051367845,0.05358755,0.04071226,0.0042137587,-0.017863184,0.010462557,-0.05546135,0.03587347,0.0026787973,0.04318333,-0.014529382,-0.011434194,-0.06250921
Cape_Pacific_at_sea_ballast_lag10d,0.046770975,-0.031890277,0.013805123,-0.023885857,0.0094589135,-0.008394042,-0.013361123,0.015895776,-0.0044221743,0.030242242,0.053298406,0.017701851,-0.06371281,0.042852234,-0.024108583,0.012580446,0.0451443,0.015073433,-0.016337084,0.005592227,-0.0520656,0.058538433,-0.008404249,0.010334805,0.026754638,-0.026437014,-0.068263
Cape_Pacific_at_sea_ballast_lag21d,0.047663324,-0.031562842,0.018955458,-0.015489769,0.020572683,-0.009194237,-0.015857588,0.0327211,-0.022409176,0.0049408614,0.03884625,-0.0015746854,-0.05513034,0.026078833,0.009372242,-0.036090974,0.05710928,0.055776592,-0.028779622,-0.026414072,0.004161545,0.030677725,-0.02494453,-0.041865584,0.06107345,-0.017371863,-0.05615769
Cape_Pacific_at_sea_laden_lag1d,0.028545083,-0.039142326,0.0018073127,-0.010392972,-0.012999805,0.033677343,-0.043053947,0.079323076,-0.032390643,-0.025931735,-0.071976796,-0.029063836,0.071574956,-0.035457842,0.047787137,0.086434275,-0.019925212,-0.019265175,0.0011124328,-0.016821248,0.008237363,-0.08769167,-0.03565374,0.002507537,0.046303485,0.05147253,0.04855705
Cape_Pacific_at_sea_laden_lag5d,0.028141988,-0.039500043,-0.00057131407,-0.017628742,-0.025290731,0.028482446,-0.043285195,0.061586097,-0.022252569,-0.021446215,-0.06366672,-0.044419233,0.07181106,-0.025112158,0.0049788374,0.09720006,-0.0017824238,-0.03329994,-0.02232334,-0.013106573,0.001561711,-0.107309826,-0.029883545,0.02373889,0.045750327,0.038957704,0.08668112
Cape_Pacific_at_sea_laden_lag10d,0.02715552,-0.039887723,-0.0034133145,-0.030593663,-0.041646976,0.024150444,-0.044385802,0.036909718,-0.01736173,-0.014296126,-0.050770734,-0.048620343,0.05793911,-0.002022282,-0.04611176,0.09683028,0.010507935,-0.04362935,-0.0334781,-0.021589428,-0.021957159,-0.07447534,-0.008557587,0.030645471,0.021318281,0.005225423,0.044463266
Cape_PortCongestion_pct_fleet_lag1d,-0.014420911,0.06245494,-0.044034176,-0.033353098,-3.9825656e-05,-0.0077641504,0.064950645,-0.02114883,0.005497027,-0.055693563,-0.034815278,0.0030448923,0.0030912682,-0.028624061,-0.031032896,0.024326686,-0.0646775,0.012409482,-0.03358392,0.0073798173,0.009838353,0.015327293,0.011079975,-0.03652235,0.001265486,0.02442757,-0.07403961
Cape_PortCongestion_pct_fleet_lag5d,-0.014261944,0.061556704,-0.046818797,-0.034581102,-0.00084216736,-0.012446537,0.06077981,-0.0223389,0.012083913,-0.050589032,-0.029387914,0.010938708,0.003113522,-0.022858795,-0.025546318,0.034346074,-0.06874934,0.026118169,-0.018765869,0.019713296,0.0045927786,0.0070619485,0.010086835,-0.032245193,-0.0023117226,0.035823613,-0.06595268
Cape_PortCongestion_pct_fleet_lag10d,-0.01395312,0.06054941,-0.048542593,-0.034406703,0.00344788,-0.016744515,0.058742676,-0.021392439,0.01632044,-0.035732355,-0.02052172,0.022046981,0.0038903726,-0.020782938,-0.013892597,0.04480709,-0.07108404,0.035068147,-0.008413894,0.046167698,-0.0040847166,-0.013392916,0.010680529,-0.023976628,0.007263658,0.04125097,-0.012513515
Cape_PortCongestion_pct_fleet_lag21d,-0.013586967,0.058388934,-0.05092719,-0.033126704,0.010393392,-0.016443465,0.052396636,-0.024133869,0.028465068,-0.01586674,-0.014380388,0.04349357,-0.008933832,-0.017890414,0.0036217656,0.020296792,-0.0503509,0.04478249,-0.0151731735,0.061416235,-0.044529404,-0.02796715,-0.01302962,-0.038579,0.02876488,-0.009563834,-0.053584233
Cape_PortCongestion_CHN_mDWT_lag1d,-0.017866211,0.02910801,-0.00218449,0.0064217392,-0.058254886,0.061447065,0.0890388,-0.007424606,0.024352135,-0.093708426,0.07976171,0.027510662,0.027257964,-0.038960878,-0.052880213,0.05645944,-0.0052491724,-0.06238306,-0.049254633,-0.024982681,0.03242767,-0.054591153,0.009829153,-0.034022234,0.0018928632,-0.022389727,-0.0378257
Cape_PortCongestion_CHN_mDWT_lag5d,-0.017996114,0.028716462,-0.006493411,0.002363449,-0.061642624,0.053284667,0.08904656,-0.018529817,0.01944484,-0.09186467,0.09643177,0.03339859,0.028694652,-0.026523314,-0.048648298,0.059628528,-0.010363659,-0.05334,-0.049800362,-0.019183755,0.01020641,-0.025857136,0.0076564676,-0.017857295,-0.0048018764,-0.013884069,-0.067180306
Cape_PortCongestion_CHN_mDWT_lag10d,-0.018336011,0.02870123,-0.009815679,-0.00030883253,-0.056676157,0.042919297,0.09252332,-0.02369516,0.006070695,-0.08297365,0.112664536,0.044062365,0.031032117,-0.013447004,-0.02921896,0.05602566,-0.019840132,-0.038222853,-0.04689753,0.0026988462,-0.019046599,-0.0030598931,0.0030801815,-0.004050944,-0.0016141777,0.0011665382,-0.04596261
Cape_PortCongestion_CHN_mDWT_lag21d,-0.018369358,0.028017001,-0.012247687,-0.0067578605,-0.041213892,0.027425878,0.09699678,-0.023690967,-0.011346919,-0.07418753,0.106476724,0.059476808,0.022952951,0.0070215054,0.02926206,-0.0037860926,-0.015711201,-0.018128859,-0.07040464,0.021701366,-0.059268795,0.031185174,-0.027936144,0.004004245,0.051508304,-0.021017952,-0.059103444
Platts_HFO380_SIN_ext_USD_t_lag1d,0.07514971,0.0120891025,-0.0019639623,-0.025026422,0.011550131,0.036895227,0.0045197285,-0.062702574,-0.0083077885,-0.030280387,-0.0024659527,0.001635655,-0.015884388,0.008748991,0.0680885,0.052967977,0.023232987,0.0018494433,0.030733807,-0.0058814995,-0.026041225,0.0050819116,-0.021260196,-0.011344573,0.02648892,-0.018464359,0.01398684
Platts_HFO380_SIN_ext_USD_t_lag5d,0.07542818,0.010405527,-0.0089176595,-0.014521318,0.012865373,0.019493006,0.001744671,-0.06578014,-0.01259599,-0.046868965,0.0066528423,-0.0025922915,-0.007953901,0.014749853,0.054837707,0.06167908,0.033626385,0.017965026,0.031466193,-0.01028179,-0.023288961,0.006980959,-0.03546996,-0.013613745,0.014439655,0.00046747166,0.027349463
Platts_HFO380_SIN_ext_USD_t_lag21d,0.074128516,0.0040319166,-0.026393976,0.011912961,0.018044118,-0.001032265,-0.004812782,-0.05745744,-0.020647025,-0.03810557,-0.0036375262,0.0229578,0.033704862,0.04591329,0.049891002,0.04995035,3.546961e-05,0.021630399,-0.009981512,0.014765266,-0.018199135,0.013768212,0.021787575,-0.026029594,0.020116955,-0.042945527,6.0263856e-06
Bunker_HSFO380_CLRK_W_USD_t_lag1d,0.073800854,0.011340343,-0.005837534,-0.020780636,0.011020481,0.029223341,0.0031219972,-0.065825865,-0.011368949,-0.04200197,0.002580153,-0.0010702318,-0.010373617,0.010919668,0.055980757,0.059339587,0.030949246,0.015443683,0.037650943,-0.011731885,-0.021163095,0.0028469355,-0.041761167,-0.014231575,0.015098381,0.0004677574,0.022517897
Bunker_HSFO380_CLRK_W_USD_t_lag5d,0.073867664,0.009702065,-0.011560215,-0.012027097,0.013035574,0.015346977,0.00088313775,-0.065703,-0.01587652,-0.05194513,0.0071905055,0.00017257195,-0.0013574808,0.020829026,0.04779498,0.060629036,0.033846427,0.027996905,0.029316261,-0.004698463,-0.023835141,0.008418066,-0.030869892,-0.011458612,0.00945343,0.009297477,0.02540919
Bunker_HSFO380_CLRK_W_USD_t_lag21d,0.07218561,0.0034103822,-0.027666926,0.012304933,0.018091267,0.00077361526,-0.005394516,-0.05743863,-0.022514472,-0.037440386,-0.0064651216,0.02673131,0.036196157,0.047694247,0.049186166,0.04507909,-0.0023881483,0.020114003,-0.010354328,0.018831369,-0.014903137,0.007412687,0.023291674,-0.026563892,0.018557156,-0.04259645,-0.006673525
Bunker_MGO_CLRK_W_USD_t_lag1d,0.06444316,0.0038454593,-0.048930917,-0.03912419,0.038707808,0.030418135,-0.047441542,-0.04017735,-0.038645737,-0.030495422,-0.0010183086,0.017321905,0.041776244,0.0029107349,-0.0046989145,-0.012344962,0.029762387,-0.02099344,0.03547636,0.015719002,0.0009430545,-0.019393751,-0.0019802274,0.008991353,-0.015439944,0.0029203964,0.0076032053
Bunker_MGO_CLRK_W_USD_t_lag5d,0.06403722,0.0020322427,-0.05222914,-0.03430219,0.039599184,0.021377295,-0.04892285,-0.039758027,-0.041363508,-0.033786565,0.002747231,0.013767226,0.04006991,0.002019482,-0.009639534,-0.013937436,0.026519317,-0.02250366,0.028436046,0.023159614,-0.00015376683,-0.019078791,0.0024640001,0.01094496,-0.013114286,0.0027189911,0.00942169
Bunker_MGO_CLRK_W_USD_t_lag21d,0.061291344,-0.0048299986,-0.06177062,-0.023355957,0.040840767,0.006003923,-0.051881738,-0.029793963,-0.04515913,-0.017258435,-0.004972743,0.014563176,0.035115875,-0.0015029295,-0.008864741,-0.029838825,-0.009846971,-0.044304706,0.006825154,0.04443182,-0.00023633262,-0.01906031,0.017472642,-0.006503709,0.0065288674,-0.041316126,-0.003969835
Brent_Crude_USD_bbl_lag1d,0.074342355,0.014962409,-0.029656816,-0.038229387,0.021614116,0.03701225,-0.029006192,-0.035548195,-0.03485574,-0.015053868,-0.009166475,0.0108885085,0.030050963,0.016784715,0.009894254,-0.019905923,0.0065872283,-0.0053586215,0.013456499,0.0169932,0.012697698,-0.0087962,0.002711345,0.0048283786,-0.010281354,-0.0011090796,0.00024211874
Brent_Crude_USD_bbl_lag5d,0.07445918,0.013023696,-0.035240278,-0.03160317,0.022192698,0.021580102,-0.030640002,-0.03724567,-0.037704136,-0.029111648,-0.00078719127,0.0030215005,0.021081079,0.009499149,0.0052176937,-0.01280589,0.01071521,-0.010548444,0.026649978,0.013494383,0.01656357,-0.013560985,-0.014609668,0.008288922,-0.018509958,0.01578272,0.011131394
Brent_Crude_USD_bbl_lag21d,0.07288255,0.005693029,-0.0494199,-0.017158533,0.024879385,-0.0022436217,-0.032283235,-0.02842111,-0.041427776,-0.022749307,-0.0040816804,0.008365143,0.010541455,0.0023744865,0.014163473,-0.017618077,-0.018805187,-0.030162277,0.012733268,0.034892008,0.0019972979,-0.01647522,0.016006771,0.0026733445,0.00022538666,-0.02968719,-0.0077519948
Brent_1M_USD_bbl_SIN_lag1d,0.07377237,0.014094298,-0.032306924,-0.034629125,0.021442784,0.02766663,-0.029973093,-0.037507318,-0.036094606,-0.02573541,-0.002933578,0.0042525507,0.025407588,0.010809044,0.0047341944,-0.013094559,0.0121959755,-0.007136738,0.025885552,0.010626989,0.018407987,-0.0137282405,-0.016434215,0.0058603506,-0.018254433,0.01482551,0.010805898
Brent_1M_USD_bbl_SIN_lag5d,0.07365566,0.012154963,-0.037163343,-0.029205669,0.022118263,0.014758398,-0.031293765,-0.036754236,-0.038303792,-0.03465901,0.0013055068,0.0011083611,0.019405574,0.008858915,0.0035465283,-0.012194334,0.012565897,-0.010254174,0.02830816,0.016956791,0.014915688,-0.009926842,-0.012340476,0.011706554,-0.020153642,0.01981199,0.010156595
Brent_1M_USD_bbl_SIN_lag21d,0.071954496,0.005033217,-0.049958818,-0.016392423,0.025392191,-0.0029004195,-0.031770706,-0.027324814,-0.04108274,-0.019318758,-0.004896145,0.009688207,0.010942984,0.0009957459,0.013721597,-0.01740556,-0.022903245,-0.031564746,0.012537667,0.033928223,-0.00026399584,-0.021312192,0.015504207,0.0032585463,0.0022062454,-0.03405601,-0.012993052
Coal_Price_AUS_USD_t_lag1d,0.05411834,0.017910311,-0.049561635,-0.05442403,0.047870845,0.007774868,-0.055729844,0.037487686,-0.020556234,-0.0075393827,0.017706484,-0.01340058,0.04127646,-0.05673246,-0.02732997,-0.055933423,-0.0035296008,-0.019624382,-0.028151847,-0.058631506,-0.009815289,-0.020056507,0.023918279,0.05137298,0.0017736389,-0.006482393,0.032702044
Coal_Price_AUS_USD_t_lag5d,0.054245662,0.01660335,-0.05137696,-0.054321736,0.044174924,0.007861506,-0.057710625,0.034400534,-0.0151260365,-0.0058575557,0.01792322,-0.018832287,0.039805725,-0.06395489,-0.030543054,-0.0541549,-0.009968629,-0.0226796,-0.02512406,-0.05295324,-0.012623162,-0.0066798176,0.022942835,0.045609243,0.0052177976,-0.013185144,0.030981913
Coal_Price_AUS_USD_t_lag21d,0.05415745,0.010967303,-0.054936446,-0.057754975,0.03459552,0.007196328,-0.059345543,0.029217761,-0.011592262,0.009174585,0.024593793,-0.01414053,0.020878889,-0.07387873,-0.030090662,-0.028465705,-0.03906511,-0.03752503,0.00463479,-0.008077921,-0.024108985,0.0476841,0.017470902,0.021332841,0.028992292,-0.04293454,0.030134264
Coal_Price_AUS_USD_t_lag42d,0.053573493,0.003856267,-0.053878803,-0.053507533,0.038493883,-0.0007344473,-0.057086717,0.03517367,-0.02792988,0.011244328,0.01678597,-0.0077910936,0.013457042,-0.06369837,-0.038311254,-0.010179917,-0.04215218,-0.009386453,-0.029419025,0.023792509,0.006834201,0.023394736,-0.029236443,0.016745504,0.037958097,-0.039107643,-0.0027008036
ThermalCoal_FOB_AUS_USD_t_lag5d,0.049614567,0.015715411,-0.07088199,-0.047965277,0.044845775,0.009775536,-0.04669817,0.022044102,-0.0014832547,-0.0023818559,0.024763439,0.052596666,0.04678125,-0.04519134,-0.026437787,-0.0678639,0.0071699466,-0.02965436,-0.0041607195,-0.020470336,0.017941255,-0.02118356,0.0020445825,0.029751059,-0.021888098,-0.033301838,0.022618745
ThermalCoal_FOB_AUS_USD_t_lag21d,0.047836572,0.009260111,-0.07301451,-0.050392173,0.042491052,0.008680687,-0.050488636,0.023252001,-0.009721794,0.009075072,0.032360487,0.045191254,0.044447407,-0.06030365,-0.04593408,-0.058609825,-0.007662218,-0.03604975,-0.004374193,-0.013827533,0.026204212,-0.00438582,0.008778046,0.044759497,-0.014113303,-0.029519888,0.008832191
ThermalCoal_FOB_AUS_USD_t_lag42d,0.044941697,0.0015040208,-0.07114375,-0.05332523,0.046190195,0.004816112,-0.053152457,0.03461741,-0.022889424,0.011807099,0.023745677,0.034863822,0.029540874,-0.07580291,-0.060642257,-0.06257364,-0.017736314,-0.028934827,-0.023993338,0.0026796176,0.035900913,0.005107491,-0.0064263367,0.051561553,0.014976134,-0.022337252,-0.0070227766
Aluminum_LME_USD_t_lag1d,0.07152711,0.024326373,0.0031384893,-0.04540489,-0.012770487,-0.0019953058,0.05680987,0.015865544,0.010203243,-0.032706745,-0.004869734,0.022123894,-0.011488797,-0.03359517,0.011712452,0.0044439314,0.03144589,-0.005849288,-0.010582672,-0.04375443,-0.0076580313,0.014031535,0.02281287,-0.01575754,0.010485983,-0.0026490635,0.012242052
Aluminum_LME_USD_t_lag5d,0.0721677,0.0239215,-0.00059622846,-0.043499,-0.011056756,-0.0073321234,0.05549483,0.011135201,0.011589067,-0.038596854,-0.0011583635,0.020274976,-0.011610462,-0.033474445,0.009792406,0.013988681,0.032428004,-0.0017211884,-0.0040604933,-0.049392674,-0.009029211,0.013626045,0.020005854,-0.015314367,0.009045072,0.0007425378,0.013198059
Aluminum_LME_USD_t_lag21d,0.07367231,0.021390494,-0.013595381,-0.035467677,-0.003675379,-0.014986674,0.05099071,-0.0009700071,0.016889168,-0.034390803,0.0058770855,0.028044945,0.009178135,-0.03168451,0.012818066,0.03907678,0.009816628,0.015688363,-0.005773931,-0.03733193,-0.018470878,0.010148032,0.035397977,-0.020922534,0.029704737,-0.014499159,-0.008597938
Wheat_CBOT_USdc_bu_lag1d,0.03882167,0.050008193,-0.051029816,-0.06493129,0.0390258,0.0041961917,-0.0076627214,0.0035178328,0.014064294,-0.035185006,0.013346338,0.04826064,0.045693275,-0.033202372,0.0125843575,-0.0059533585,-0.004070481,0.0016659676,-0.021574305,-0.026128106,-0.03308528,-0.004309493,-0.0022050692,0.012991105,0.014012281,-0.009328967,-0.009275298
Wheat_CBOT_USdc_bu_lag5d,0.039479554,0.0487784,-0.053276133,-0.06252188,0.039608642,0.00014128018,-0.012170551,0.0010778478,0.016412873,-0.03748374,0.0155169815,0.046683785,0.04470625,-0.03483729,0.0061734025,-0.0033838549,-0.0025735728,0.00641387,-0.016695518,-0.02808432,-0.03181633,-0.003692307,-0.011583586,0.011684979,0.013389527,-0.00023987515,-2.107164e-05
Wheat_CBOT_USdc_bu_lag21d,0.040681057,0.042876627,-0.06106114,-0.0571701,0.035179168,-0.006414693,-0.029606262,-0.005426989,0.022067308,-0.019930327,0.025304722,0.056445464,0.044551086,-0.032603588,-0.0056626424,-0.0031668749,-0.016088733,0.00701355,-0.0077541713,0.001344489,-0.022855002,0.011954586,-0.01276728,-0.0090476,0.00855744,-0.015143348,0.017809376
MSCI_WorldEnergy_lag1d,0.068440154,-0.044554353,-0.0018997369,-0.018481346,0.0072455765,0.027027579,-0.009441911,-0.036146346,-0.04125499,-0.0065312153,-0.04677134,-0.014650977,-0.008181775,-0.006682432,-0.022631228,0.0037095656,0.0064163655,0.008772686,0.008453826,0.006649787,0.018459508,-0.0035091997,-1.270135e-05,-2.0464518e-05,-0.0029729945,-0.020812556,0.0022099745
MSCI_WorldEnergy_lag5d,0.06797256,-0.04552309,-0.004862617,-0.014822977,0.0071651,0.017112391,-0.010335576,-0.03833268,-0.043297477,-0.016149368,-0.04157027,-0.01952306,-0.013669435,-0.009019544,-0.024506954,0.0084781675,0.009334047,0.009852014,0.013697265,0.0047952025,0.02054006,-0.00605747,-0.0024016888,-0.0017585797,-0.013422957,-0.011336589,0.004070885
MSCI_WorldEnergy_lag21d,0.0649525,-0.049111877,-0.011736528,-0.0033902037,0.012874849,-0.00041588137,-0.008613078,-0.035884313,-0.045640063,-0.0127362795,-0.042033073,-0.02199589,-0.015295997,-0.010926988,-0.0039358772,0.01614698,-0.0078070126,-0.0034758002,-0.0071626087,0.023167342,0.010327562,-0.029601328,0.047829904,-0.0043212757,-0.007081058,-0.02865817,-0.018234534
China_SteelPlate_CNY_t_lag1d,0.018339654,0.08536141,-0.0018315335,-0.016657941,-0.00034274856,-0.022277584,-0.008115396,0.026505776,0.0005947409,0.015462583,-0.0012110033,-0.01825297,-0.01567344,-0.011610826,-0.027295424,0.028383028,0.0038301682,0.030988304,-0.014295401,0.0050251037,0.011295851,0.018940466,0.0015858616,0.019443793,-0.0077460064,0.008932563,-0.02339292
China_SteelPlate_CNY_t_lag5d,0.019558642,0.08509713,-0.004481121,-0.01429351,-0.0005507171,-0.020096203,-0.008033862,0.024467548,0.002335907,0.016838985,0.0020962665,-0.017266868,-0.012862358,-0.010067122,-0.02597438,0.027162997,0.00042132186,0.035004657,-0.01599479,0.01178069,0.009500953,0.018361436,0.007939951,0.01417134,-0.00435843,0.008757357,-0.025623068
China_SteelPlate_CNY_t_lag21d,0.023713272,0.082873136,-0.016845757,-0.006864339,-0.0034287774,-0.01496346,-0.0081769405,0.018763892,0.0060840277,0.022840448,0.017043458,-0.00762222,-0.012973348,0.002407044,-0.019831497,0.02489976,-0.0063393717,0.031942878,-0.014667499,0.032693267,0.011188626,0.023310227,0.008758146,-0.008573763,0.010300112,0.015053962,-0.026570708
China_SteelPlate_USD_t_lag1d,0.014379872,0.086933345,-0.0019389065,-0.020175204,-0.0080282185,-0.02424519,0.0033348645,0.028553657,0.0018478559,0.009454207,0.0042042555,-0.006137638,-0.0096097505,-0.015724836,-0.0190341,0.022261007,0.0066496707,0.023744754,-0.013909453,-0.0018623123,0.011893078,0.019464293,-0.004436698,0.012357044,-0.00053706806,0.0046350886,-0.011908422
China_SteelPlate_USD_t_lag5d,0.015578032,0.086760536,-0.0045634834,-0.018369276,-0.0077363905,-0.022861,0.0036151926,0.026165748,0.0032851782,0.010866366,0.00747327,-0.0054708375,-0.007543046,-0.014763264,-0.016633866,0.022076694,0.00415431,0.02798794,-0.014284623,0.003989328,0.00994466,0.01850326,0.0013865923,0.008294024,0.0013716314,0.004239453,-0.01512567
China_SteelPlate_USD_t_lag21d,0.01978435,0.08511313,-0.015833145,-0.01212551,-0.0070926417,-0.018623704,0.0040037064,0.019297887,0.0065099522,0.017367495,0.019180473,0.0034147098,-0.006078006,-0.0028305065,-0.009401105,0.023456858,-0.002568762,0.029175201,-0.01588525,0.022524808,0.012218315,0.019158533,0.001898748,-0.0050429255,0.012371305,0.004940416,-0.020574225
Japan_Steel_ShipPlate_USD_t_lag1d,0.054977566,0.049199995,-0.051157102,-0.03475203,0.018403156,0.014162422,-0.024441859,0.03399318,-0.022239996,0.025618965,0.011132542,0.0038657147,-0.020114727,-0.015172208,-0.017564096,0.012746924,0.021692779,0.016170207,-0.0009158685,0.02316664,0.02051399,0.0010026833,-0.0027644811,-0.02975303,-0.007777781,0.009881804,-0.036449444
Japan_Steel_ShipPlate_USD_t_lag5d,0.05527929,0.04777531,-0.052914303,-0.03431309,0.019458724,0.015157457,-0.024543308,0.03360712,-0.023433728,0.02422293,0.013041995,0.0037159342,-0.020299206,-0.015663842,-0.017398948,0.014879034,0.020953609,0.014655518,-0.0020072965,0.022260273,0.023706136,-0.0019673717,-0.0027694078,-0.030427476,-0.008722605,0.0118997,-0.033380616
Japan_Steel_ShipPlate_USD_t_lag21d,0.05602684,0.04186433,-0.059324346,-0.034571454,0.022481192,0.022525495,-0.02419283,0.03354894,-0.025993919,0.021913085,0.016331792,0.0049679135,-0.018596705,-0.018913146,-0.015134788,0.0184247,0.017555626,0.0047616563,-0.011663002,0.02355612,0.028040208,-0.006308234,-0.0018158624,-0.03465604,-0.008111043,0.013445661,-0.022166492
Japan_Steel_ShipPlate_USD_t_lag42d,0.056423854,0.033906497,-0.06579708,-0.037168205,0.027571255,0.031511847,-0.021922806,0.03459767,-0.029607749,0.013984013,0.021136502,0.0040134485,-0.017909981,-0.018504966,-0.019638522,0.017832192,0.014160696,-0.006428153,-0.015056186,0.02048156,0.030901639,-0.004676791,-0.01712016,-0.040755816,-0.0045099566,0.015364482,-0.018080955
Korea_Steel_ShipPlate_USD_t_lag1d,0.033776302,0.06829004,-0.026396755,-0.04378829,0.005950973,-0.0036482878,-0.052097164,0.037474435,-0.026674775,0.018815361,0.010367018,0.012753706,-0.039026573,-0.019810554,-0.0028369266,0.034588955,0.029401172,0.02038166,-0.027775317,-0.008445593,0.02352332,0.0055734096,-0.007726679,-0.058495693,0.01664832,0.01598232,-0.04398536
Korea_Steel_ShipPlate_USD_t_lag5d,0.03481916,0.06765619,-0.028222507,-0.042962924,0.0064740493,-0.00298271,-0.051319856,0.034754388,-0.026414467,0.021863753,0.016171126,0.00647343,-0.034389302,-0.02043576,0.0005469512,0.03756104,0.033115827,0.01996988,-0.023537776,-0.010330848,0.026429735,-0.0055848686,-0.0087328125,-0.057823326,0.01640496,0.016662808,-0.04807394
Korea_Steel_ShipPlate_USD_t_lag21d,0.038337663,0.06415625,-0.035918474,-0.039593514,0.010204365,0.00073807075,-0.04873337,0.028547423,-0.027853686,0.029904576,0.028594911,-0.005648202,-0.023043627,-0.0122802,0.009418947,0.043679193,0.039344445,0.017044641,-0.022098036,-0.0073129595,0.020856444,-0.0030046012,-0.009461001,-0.045319013,0.002154268,0.007342588,-0.052713368
Korea_Steel_ShipPlate_USD_t_lag42d,0.04233877,0.0584573,-0.04513513,-0.03387423,0.020913614,0.007180583,-0.0414674,0.026959771,-0.030916633,0.03582409,0.039344028,-0.020898791,-0.020203644,-0.0070321322,0.014149367,0.04465673,0.03285049,0.009047811,-0.022954328,0.006902115,0.019925734,0.018018967,-0.024695039,-0.021917915,0.010837672,0.008667953,-0.032467
CITI_ShanghaiCoke_CNY_t_lag1d,-0.07275928,0.018846659,0.0008684036,0.029434837,0.0038680688,0.018265776,-0.007758902,-0.059965853,-0.014215773,-0.02918455,-0.019317575,-0.028041964,-0.032467272,0.03706461,0.002462089,-0.012504674,0.002410191,-0.008900747,0.0517772,-0.025462395,-0.017173683,-0.05857427,0.063482344,-0.0671152,0.01856467,-0.016195953,-0.008607233
CITI_ShanghaiCoke_CNY_t_lag5d,-0.07252732,0.019203326,1.6958451e-05,0.032599177,0.0036034745,0.016436165,-0.0077904454,-0.061647244,-0.012893395,-0.025804386,-0.012198735,-0.029855438,-0.027811838,0.031901732,0.0069299308,-0.012014882,0.0014455448,-0.008848531,0.05093907,-0.025896348,-0.01928193,-0.053928364,0.06472155,-0.06583734,0.014864748,-0.013657603,-0.008318795
CITI_ShanghaiCoke_CNY_t_lag21d,-0.071843155,0.02077016,-0.0016817433,0.04483095,0.0076865535,0.017583892,-0.0019211276,-0.061436526,-0.0060852487,-0.008153619,0.005285178,-0.03044653,-0.010308944,0.019280223,0.025106879,-0.008341629,-0.004725049,-0.021674588,0.03903487,-0.02417655,-0.028718006,-0.036600456,0.053302247,-0.04422413,0.02375729,-0.004705958,0.0009525093
CITI_CokingCoal_Shanxi_Liulin_#4_lag1d,0.048213243,0.049108323,-0.04752352,-0.012142542,0.020154225,0.04039419,-0.011450207,0.05031162,-0.005914846,0.014408872,0.037676316,-0.07031048,-0.00963468,-0.0041422555,-0.027000556,0.035608526,0.041128084,-0.015584902,-0.00859669,-0.012685632,-0.029895082,0.021474352,0.027975999,-0.005264512,-0.017715087,0.023262817,0.00845211
CITI_CokingCoal_Shanxi_Liulin_#4_lag5d,0.04852454,0.04764974,-0.050207254,-0.011315593,0.020166216,0.04176224,-0.007908415,0.049312554,-0.0073944787,0.013065851,0.045162432,-0.0712691,-0.0051426636,-0.00086261175,-0.028677337,0.03769435,0.032482278,-0.010417599,-0.008286263,-0.0025807447,-0.03391027,0.024289625,0.026051277,0.0023764146,-0.0049370225,0.019356603,0.0041362494
CITI_CokingCoal_Shanxi_Liulin_#4_lag21d,0.04836776,0.040589083,-0.06075015,-0.011844997,0.017012158,0.03928492,-0.00044412763,0.05320795,-0.013990929,-0.00272245,0.048200846,-0.059600424,0.0043367795,0.020189187,-0.027257202,0.03671041,-0.013527867,0.0019614657,-0.009627467,0.031145373,-0.028542897,0.058498193,-0.013658397,-0.0053407885,0.036861848,-0.011166975,-0.006897606
CITI_Rebar_Shanghai_CNY_t_lag1d,0.01716478,0.08651662,-0.0061468096,-0.010224118,-0.00028623658,-0.016292293,-0.005791922,0.017386314,-0.010368384,0.014417578,-0.021484168,-0.021228658,-0.024256878,-0.005488112,-0.028270006,0.011974696,0.012476153,0.025007043,0.0038142025,-0.015432531,0.009952785,0.016303781,0.019643907,0.017517038,-0.0076294895,0.013394652,-0.025549859
CITI_Rebar_Shanghai_CNY_t_lag5d,0.018294593,0.086374186,-0.009331241,-0.007318646,-0.0005992008,-0.014015988,-0.0052575585,0.015309002,-0.0084870765,0.015325933,-0.016377741,-0.021536056,-0.021472182,-0.0053845895,-0.02924138,0.013045439,0.009060931,0.03416035,0.0034821641,-0.009674219,0.010163631,0.012230145,0.02830864,0.012623354,-0.005591128,0.012387872,-0.029172089
CITI_Rebar_Shanghai_CNY_t_lag21d,0.021913081,0.084326915,-0.022557776,0.002470619,-0.0025638365,-0.006237224,-0.0032756873,0.009237156,-0.004768003,0.019875187,0.00088359276,-0.015788779,-0.01925182,-0.0022510146,-0.024563145,0.020985046,-0.0063889367,0.03557577,0.0042951754,0.013200908,0.009041931,0.00993857,0.032161355,-0.011432565,0.01085008,0.015041057,-0.025489392
CITI_China_Rebar12mm_CNY_t_lag1d,0.019924134,0.08558806,0.00069866877,-0.016836273,0.0012023059,-0.0196151,-0.009366337,0.024973214,-0.0065326653,0.014008739,-0.01438658,-0.02000923,-0.024223913,-0.009934994,-0.022757564,0.013792261,0.016454479,0.016802007,0.0019035583,-0.016030295,0.00864269,0.019527711,0.014729098,0.024452308,-0.009838898,0.006493153,-0.020229395
CITI_China_Rebar12mm_CNY_t_lag5d,0.021246359,0.085572265,-0.0025307199,-0.013114549,0.0014622015,-0.019011421,-0.009053906,0.022567369,-0.0048389896,0.012877561,-0.0094003435,-0.022083644,-0.0218421,-0.010566009,-0.025408357,0.016149413,0.013452996,0.025254294,0.0021639839,-0.014249555,0.008006563,0.017261697,0.021808838,0.020065716,-0.00826555,0.007762269,-0.023781795
CITI_China_Rebar12mm_CNY_t_lag21d,0.025587425,0.08417136,-0.0154026635,-0.0018972266,-0.0002858609,-0.010469061,-0.0071722767,0.0156149315,-0.00018063847,0.01812224,0.006158579,-0.016694328,-0.011716742,-0.0047924253,-0.026978794,0.024280459,-0.004624222,0.032261837,-0.0016427123,0.0033981453,0.0066212504,0.017584464,0.033360645,-0.0045861355,0.010153033,0.008466317,-0.021630218
CITI_China_HRC3mm_CNY_t_lag1d,0.013652575,0.08595852,0.013966539,-0.018419174,-0.012026162,-0.022263123,-0.016131176,0.029464738,-0.0075734504,0.011549338,-0.008088506,-0.024930442,-0.020877982,-0.016157841,-0.017645307,0.010397734,0.0010410993,0.010716324,-0.007510834,-0.010314559,0.0030221078,0.018859288,0.015396213,0.017642064,-0.010059147,0.020122351,-0.009691607
CITI_China_HRC3mm_CNY_t_lag5d,0.0151439635,0.08612625,0.010442021,-0.0152510535,-0.012106909,-0.024108192,-0.0150221335,0.026081162,-0.0060345866,0.01052081,-0.0013358677,-0.029277043,-0.019307945,-0.016921217,-0.0188964,0.015390567,-3.9198367e-05,0.016369779,-0.00577687,-0.008776924,0.0022557103,0.013706584,0.019695487,0.014082758,-0.00995386,0.02467121,-0.012176083
CITI_China_HRC3mm_CNY_t_lag21d,0.020178316,0.085283495,-0.0030078043,-0.0045708935,-0.012978668,-0.022200644,-0.00837813,0.01537438,-0.001978488,0.022982998,0.019890092,-0.028024534,-0.007620335,-0.009250902,-0.015206619,0.025735324,-0.014506041,0.017950127,-0.013138996,0.009879733,-0.0019259192,0.014773611,0.025260324,-0.008213457,0.0039953985,0.017712172,-0.020305043
CITI_China_Billet_Q235_CNY_t_lag1d,0.020812457,0.085384525,0.0010694499,-0.017007373,0.000896261,-0.019956768,-0.009409988,0.025201298,-0.0065352414,0.012758152,-0.013062851,-0.020441322,-0.024318404,-0.010999764,-0.022556314,0.012788135,0.015702719,0.015368857,0.0005336409,-0.016101535,0.0083255945,0.019333629,0.0155421505,0.023319017,-0.0104461135,0.0056296736,-0.020880582
CITI_China_Billet_Q235_CNY_t_lag5d,0.022127474,0.085382335,-0.0020925074,-0.013303428,0.0011265929,-0.019081514,-0.0092023,0.022721378,-0.004956588,0.011716544,-0.008452924,-0.021962482,-0.02204331,-0.011570732,-0.025300661,0.015369241,0.012146833,0.024444673,0.00019302894,-0.014786304,0.008048889,0.017380515,0.022941962,0.019396026,-0.009228087,0.0062722517,-0.025512485
CITI_China_Billet_Q235_CNY_t_lag21d,0.02642997,0.083868004,-0.015435153,-0.002008327,-0.001045261,-0.011347784,-0.0074071907,0.015838355,0.00031687086,0.017611122,0.0069171325,-0.017029675,-0.011546886,-0.006009321,-0.024695145,0.02547966,-0.0050890646,0.031304885,-0.0028197186,0.003105367,0.0073308814,0.017433437,0.03368576,-0.0041684406,0.011884757,0.009290119,-0.019691607
CITI_Steel_SEA_USD_t_lag1d,0.02937046,0.08103206,0.007397834,-0.024319623,-0.010834305,-0.035992403,0.0013039411,0.026366234,-0.0054146373,0.0067472914,-0.010145324,-0.0088605005,-0.019900043,-0.024372779,-0.0050596725,0.015058612,0.0096095605,0.016485067,-0.004010376,-0.025974529,0.0031731096,0.009034392,0.021499649,0.0070404676,-0.002062217,0.0071295844,-0.00885021
CITI_Steel_SEA_USD_t_lag5d,0.030718513,0.08093786,0.0043154233,-0.02129381,-0.009979308,-0.035288807,0.001986416,0.024029184,-0.0027829164,0.0086846575,-0.0070231804,-0.009797664,-0.017407749,-0.024502506,-0.004792261,0.0187109,0.008227142,0.021256898,-0.0067683426,-0.022524035,0.0004900543,0.0057532303,0.02760355,0.001097824,-5.0635226e-05,0.0063605416,-0.01147342
CITI_Steel_SEA_USD_t_lag21d,0.03542591,0.07926102,-0.008986716,-0.011626244,-0.008844149,-0.029890774,0.004968066,0.014714441,0.008619997,0.023618858,0.006901888,-0.006500106,-0.0077333287,-0.015462421,-0.004017579,0.033521377,0.0013271706,0.016429156,-0.011954058,-0.0075672898,-0.0045930543,0.010183133,0.026758067,-0.023104498,0.016069336,0.0038752696,-0.014703174
CITI_Steel_US_USD_t_lag1d,0.036812183,0.07006326,0.010088509,0.0046847533,-0.028432615,-0.03703119,0.021257836,0.048364036,0.008381578,0.043709885,-0.004426916,-0.023943163,-0.011415828,-0.03733868,-0.017859463,0.063059695,0.023142522,0.026808215,0.00015130996,0.03433441,-0.002671541,0.036604304,-0.009093203,-0.008950433,0.013054503,0.0028431148,-0.031835206
CITI_Steel_US_USD_t_lag5d,0.03773493,0.069622844,0.007331883,0.0052556307,-0.028178366,-0.03387558,0.023923066,0.047766462,0.008686058,0.046958655,-0.0012760661,-0.021233225,-0.01008363,-0.031496264,-0.01911354,0.06666929,0.019101178,0.02561662,-0.0030891942,0.040305894,-0.00365344,0.03366081,-0.010191174,-0.010615429,0.010337474,0.0034734525,-0.03506615
CITI_Steel_US_USD_t_lag21d,0.04093852,0.06705384,-0.002980524,0.00526433,-0.025659064,-0.021400115,0.033061128,0.047908112,0.007880032,0.051531475,0.007997152,-0.008356144,-0.005712164,-0.0016402485,-0.02274909,0.06251158,0.018869007,0.029166099,-0.023553336,0.0619559,-0.002195056,0.028571524,-0.024271168,-0.0119676795,-0.0057047703,0.017166268,-0.040090553
CITI_AppConsump_Rebar_Mt_lag5d,0.065213,-0.052837443,0.031173011,-0.015048454,-0.007051782,-0.022492554,0.010965802,0.02026475,0.025053693,0.0070979786,0.0015052991,0.00014132427,0.0066237217,-0.006050584,-0.009807937,0.01393685,0.009512866,-0.0012681014,-0.010975561,0.007812737,-0.0038276128,0.0007818213,0.0023386353,-0.014239722,0.0020031566,0.012619715,-0.010113356
CITI_AppConsump_Rebar_Mt_lag21d,0.065213144,-0.05283754,0.031172967,-0.015049467,-0.0070533063,-0.022493152,0.01096698,0.02026281,0.025054293,0.0070982277,0.001504885,0.00013831619,0.006621276,-0.0060460544,-0.009809533,0.013925951,0.00950758,-0.0012760464,-0.010971091,0.007809056,-0.0038217893,0.0007771746,0.0023289844,-0.0142428,0.0020123336,0.012622385,-0.010095597
CITI_AppConsump_Rebar_Mt_lag42d,0.065213144,-0.052837268,0.031173825,-0.015049556,-0.007052873,-0.022492565,0.0109679205,0.020262191,0.02505333,0.007099456,0.0015051239,0.00013899786,0.006620213,-0.0060447,-0.009811394,0.013922718,0.0095070675,-0.0012737896,-0.010972881,0.00780936,-0.0038137976,0.0007771937,0.0023332243,-0.014244496,0.0020111473,0.012624928,-0.010095619
CITI_AppConsump_Total_Mt_lag5d,0.06521299,-0.05283743,0.031173017,-0.015048455,-0.0070517836,-0.022492541,0.010965802,0.020264756,0.025053684,0.007097971,0.0015052963,0.00014131505,0.006623718,-0.006050594,-0.009807949,0.013936834,0.0095129,-0.0012681042,-0.010975551,0.007812754,-0.0038276133,0.00078181457,0.00233863,-0.0142397275,0.0020031745,0.012619711,-0.0101133175
CITI_AppConsump_Total_Mt_lag21d,0.06521315,-0.05283753,0.031172963,-0.015049449,-0.0070533184,-0.022493167,0.01096698,0.020262843,0.02505431,0.0070982315,0.0015048954,0.00013829523,0.0066212816,-0.006046042,-0.009809551,0.013925929,0.009507568,-0.0012760608,-0.01097109,0.0078090457,-0.0038217902,0.00077717204,0.0023289837,-0.0142428,0.0020123264,0.012622391,-0.010095616
CITI_AppConsump_Total_Mt_lag42d,0.06521314,-0.052837275,0.031173827,-0.015049557,-0.007052876,-0.022492558,0.010967922,0.020262165,0.025053328,0.007099452,0.0015051229,0.00013898699,0.006620199,-0.006044679,-0.009811398,0.013922718,0.009507055,-0.0012737829,-0.010972914,0.0078093577,-0.0038137764,0.00077719433,0.002333207,-0.014244498,0.0020111345,0.012624949,-0.010095617
AUDUSD_SIN_lag1d,0.010554233,-0.076360196,-0.026509864,0.015816571,0.035840455,0.0052855927,0.018153917,-0.0064204317,0.008539708,0.040180318,-0.04144298,-0.037048556,-0.007055087,0.025388263,-0.00041999383,0.021118538,0.021807006,0.012327353,-0.0029691965,0.022243245,-0.039054785,0.001413324,0.060594715,-0.020147583,-0.0053003035,0.043509346,-0.0634106
AUDUSD_SIN_lag5d,0.0093594985,-0.07667868,-0.022857891,0.013599116,0.036486145,0.013144052,0.017533284,-0.002900234,0.012054364,0.04401004,-0.046807356,-0.032297358,-0.00634906,0.026689779,-0.011151614,0.019262731,0.018657606,0.00627074,0.0016841551,0.01902932,-0.029369876,0.0069869324,0.04544825,-0.026606115,0.002708501,0.035801303,-0.046746597
AUDUSD_SIN_lag21d,0.0052337484,-0.07777386,-0.012259643,0.0037842984,0.03090563,0.025730329,0.010970189,0.008414943,0.019687057,0.023008728,-0.049011152,-0.027093807,-0.035263207,0.012605464,-0.04181511,0.007986842,0.034430437,0.010219464,0.045786813,0.01898201,-0.012645839,0.02308404,0.01245048,-0.05250026,0.006195359,0.044271525,0.024233207
EURUSD_SIN_lag1d,-0.031210035,0.0448295,0.0716815,0.022248069,-0.05850284,-0.030789994,0.0213151,0.017548747,0.0255611,-0.018856384,0.016327491,0.02910191,-0.004456766,-0.031108268,0.0040754876,0.04747123,0.04654403,-0.02589558,-0.022308355,0.0148275895,0.011921208,0.016712146,-0.01572288,-0.036071543,0.014569655,0.01304305,0.017634016
EURUSD_SIN_lag5d,-0.030111954,0.046632923,0.06959654,0.022885177,-0.05799183,-0.032229297,0.024046091,0.014325075,0.022991385,-0.01535428,0.022875296,0.026322857,-0.0028652553,-0.02489298,0.011601388,0.050386917,0.04883977,-0.024694005,-0.023897178,0.011166421,0.0031388071,0.009303196,-0.014031172,-0.035899494,0.0036754925,0.004902134,0.010028756
EURUSD_SIN_lag21d,-0.02558319,0.052776657,0.062315863,0.026337951,-0.056723278,-0.031294513,0.03060671,0.004003054,0.01765119,-0.0045929193,0.03053881,0.019996878,0.00836193,0.0048146034,0.028087022,0.052585915,0.049083862,-0.013981532,-0.04369971,-0.0065561403,-0.016898733,-0.00017037247,-0.04064003,-0.010511144,-0.0088666305,-0.02714812,-0.023395767
CNYUSD_SIN_lag1d,0.0056076427,-0.08160735,0.006681391,0.033241596,0.027946137,0.025251048,-0.028594438,-0.030205606,-0.0018492504,0.0127676325,-0.03185374,-0.038035866,-0.018413419,0.032170154,-0.011418374,0.002570388,-0.0046461127,0.0088786995,0.016797422,0.017205762,-0.01532408,-0.012348495,0.040236324,0.014938091,-0.031166134,0.011311958,-0.030285284
CNYUSD_SIN_lag5d,0.004687424,-0.081710435,0.008867428,0.033282068,0.026144482,0.027382866,-0.0291868,-0.02683327,-0.0020589014,0.011425818,-0.034014232,-0.036374047,-0.018329013,0.03288573,-0.017339125,-4.0207156e-05,-0.006263916,0.003730565,0.013993522,0.016059345,-0.014421947,-0.011068297,0.038042653,0.013681722,-0.025069294,0.012060646,-0.024025666
CNYUSD_SIN_lag21d,0.0010409651,-0.08211967,0.013947938,0.03181896,0.014044226,0.026517065,-0.030536361,-0.016010484,-0.002987592,0.0010185661,-0.030673424,-0.039163698,-0.026800627,0.023211313,-0.028696835,-0.010583384,0.00023323634,-0.012004617,0.026763827,0.010147378,-0.0232862,-0.0020597212,0.03630222,-0.012991776,-0.015201805,0.030940952,-0.0063803378
USD_Index_DXY_lag1d,0.04158245,-0.058211964,-0.049059764,-0.020870045,0.049820237,0.020948963,-0.030814048,-0.012623543,-0.018853828,0.01762037,-0.011428075,-0.030291805,0.004924111,0.027556468,-0.0046178815,-0.035974886,-0.043041978,0.015957372,0.019815696,-0.010760516,-0.010132234,-0.015583644,0.015768701,0.03730563,-0.015839966,0.003748085,-0.008170595
USD_Index_DXY_lag5d,0.04054141,-0.05964444,-0.047494642,-0.02021966,0.05009418,0.02129793,-0.032561235,-0.01064484,-0.017773464,0.016138284,-0.015763396,-0.030006567,0.004776964,0.020662624,-0.012307457,-0.039074663,-0.046784826,0.01585562,0.01992582,-0.0089588575,-0.010809274,-0.012515803,0.014690073,0.03395636,-0.012814939,0.0045876983,-0.0051011224
USD_Index_DXY_lag21d,0.036448702,-0.064411804,-0.04047295,-0.02126628,0.046626143,0.02164703,-0.037196007,-0.0026869017,-0.013512327,0.009473886,-0.023030346,-0.029179053,-0.0029317648,-0.007338275,-0.03048953,-0.04810246,-0.047834147,0.0058999406,0.028956192,0.0020030597,0.0027309859,-0.0016471401,0.026079725,0.0071258424,0.0037165969,0.017195284,0.021507265
VIX_lag1d,-0.0337548,0.005490709,-0.047563855,-0.026745498,0.060661003,-0.06433679,0.03883935,0.038826443,0.09685098,-0.0214097,0.01976135,0.026888037,0.04837367,-0.001163755,0.079809316,0.0062191887,0.038052104,-0.062623665,-0.04661596,-0.01236913,-0.049888484,0.0032033173,0.06270569,0.02373584,-0.025676059,0.0741313,-0.01673051
VIX_lag5d,-0.033999357,0.0055308226,-0.043830756,-0.028881794,0.06345555,-0.05300009,0.035164546,0.044263836,0.10769187,-0.0057067783,0.009841403,0.037000798,0.05611173,0.009152507,0.06451903,0.003311627,0.03257623,-0.057978418,-0.043960992,-0.013626349,-0.04682745,0.010713569,0.06098222,0.03930979,0.0027061575,0.03700084,-0.031734955
VIX_lag21d,-0.032326333,0.005619169,-0.028669689,-0.041440338,0.048642408,-0.018482588,0.009648484,0.04159766,0.12537318,0.016922385,0.01406773,0.07196615,0.037138857,0.017874151,-0.05795167,0.00213381,0.014540514,0.0027685945,0.043685224,-0.07283741,-0.015499312,0.053909406,-0.08999587,0.024744587,0.04108955,-0.033600047,0.02425858
VHSI_lag1d,0.005718899,-0.018417222,-0.05023389,-0.03888246,0.08147137,-0.035190675,0.012324278,0.034494117,0.07503114,-0.006548311,0.007689369,-0.031582106,0.0042152563,-0.012101815,0.054712553,-0.011380687,0.07260084,-0.04834448,-0.042062994,-0.014155345,-0.10366813,0.03982774,0.087306626,0.080066614,-0.029676022,0.06199875,0.00538094
VHSI_lag5d,0.005745741,-0.018724602,-0.045878466,-0.038780797,0.08317721,-0.021917729,0.009947384,0.03894123,0.08375552,0.0053639226,0.0026864605,-0.024173286,0.0124607375,-0.01012914,0.040400155,-0.010559647,0.05418789,-0.032796144,-0.04002356,-0.009501566,-0.08597785,0.044765785,0.08564217,0.08035544,-0.00089727616,0.01134021,-0.0116739
VHSI_lag21d,0.0065036346,-0.021088507,-0.03491161,-0.039563365,0.0644041,0.0019403709,-0.012577093,0.04344959,0.100337684,0.0007021183,0.008553697,0.002749233,0.023069087,-0.007927589,-0.05966047,0.025042715,-0.0009713238,0.03616482,0.05620999,-0.045093257,-0.014220071,0.0966842,-0.04987143,0.019435577,0.030249735,-0.049911056,0.008227643
VSTOXX_lag1d,-0.028275697,0.010726794,-0.04852486,-0.032231007,0.06725868,-0.056332186,0.042749252,0.04029702,0.097824536,-0.027524186,0.019324325,0.026773741,0.0249418,0.013403904,0.10079491,0.0124537535,0.060817067,-0.04878462,-0.033378154,-0.026043508,-0.043337163,-0.005365141,0.06629143,0.0063852184,-0.02606692,0.059351757,-0.006430769
VSTOXX_lag5d,-0.028317802,0.010701782,-0.045680642,-0.033861194,0.06934139,-0.04585292,0.03704993,0.0451409,0.11017253,-0.016176801,0.008801803,0.033362072,0.033112485,0.021956334,0.08502102,0.011181974,0.05514506,-0.044913437,-0.03358801,-0.028873762,-0.045918252,0.0035493257,0.06729361,0.020190839,0.00012109,0.020148348,-0.017684322
VSTOXX_lag21d,-0.026088968,0.01059002,-0.032452762,-0.044891536,0.05245702,-0.008885948,0.008045681,0.035975274,0.12973085,0.007606533,0.022773158,0.06495527,0.024916677,0.028603608,-0.045373663,0.022018988,0.017009605,0.012269143,0.060332928,-0.08484669,-0.01342887,0.043163914,-0.07859294,0.0049444498,0.042839672,-0.051342316,0.023136375
HangSeng_lag1d,-0.04911538,0.04860205,0.02565696,0.020396762,-0.045532893,-0.025871817,0.05431337,-0.036654357,-0.0039692167,-0.012053922,-0.032139573,0.067944095,0.018073393,-0.04432823,-0.029162396,-0.0142215695,0.058413852,0.0013101533,0.001560782,0.023692427,0.02572549,0.007748578,0.0004997984,0.016110223,-0.005241283,-0.017540943,-0.0036894195
HangSeng_lag5d,-0.04889514,0.049544476,0.0228842,0.0217733,-0.04392515,-0.031148767,0.05438143,-0.03724593,-0.0054303934,-0.013224364,-0.026877586,0.064569585,0.015651785,-0.043225314,-0.024501652,-0.013058918,0.064246565,0.0066933776,0.0070060883,0.022943296,0.024265593,0.008206804,0.0006161085,0.01763067,-0.013324667,-0.01356631,-0.011374119
HangSeng_lag21d,-0.048310135,0.05299648,0.014973666,0.029059658,-0.031398132,-0.03787909,0.054448843,-0.03204219,-0.008646118,-0.0036165526,-0.025592374,0.05869071,0.015945695,-0.036759958,0.003289049,-0.01111778,0.066899724,0.014212588,0.000800883,0.022718446,0.023579117,0.0050497344,0.033082474,0.025375692,-0.012419996,-0.037037093,-0.044229243
SP500_lag1d,0.06377945,-0.03486301,0.048728146,-0.00096918386,-0.045565292,-0.020015953,0.057840392,0.018498965,0.019311912,-0.0012446344,0.0058192057,0.013871299,-0.0053820903,0.004512001,0.0016465642,-0.00090939115,0.010193962,0.010036713,-0.0012408711,-0.016602457,-0.0037496407,-0.0002336991,0.010034086,-0.009656268,-0.0018133133,-0.008888551,0.01336768
SP500_lag5d,0.06416682,-0.034702793,0.047366455,-0.0011749483,-0.044351872,-0.022352522,0.05933441,0.017149605,0.017893746,-0.0040641786,0.007371039,0.012473873,-0.0050577167,0.0025274768,0.0059304265,0.00096720585,0.0105349235,0.009462277,-0.0007322864,-0.017339196,-0.003281161,-0.0007318474,0.0122713,-0.012589698,-0.0076897205,-0.001922205,0.014002998
SP500_lag21d,0.06530018,-0.034066554,0.042132825,-0.0005490027,-0.035677157,-0.027656732,0.06465979,0.015606009,0.018169696,-0.008979434,0.001209654,0.00941353,0.008944691,0.0036674116,0.025953535,0.0054139257,0.011053835,0.0032235945,-0.018754821,-0.013850361,-0.006759254,-0.009084753,0.03451275,-0.00994181,-0.012486246,0.013225156,-0.0026616931
KOSPI_lag1d,0.04400042,0.04252845,0.065685034,-0.0039836643,-0.05646616,-0.04462191,0.015693014,0.033962473,0.006466961,0.019127335,0.015690506,0.033896755,0.010839734,-0.023809351,-0.0049587404,0.005915029,0.026723875,-0.0058207624,-0.021505876,0.031145135,0.0185977,0.012979931,-0.047114994,0.00048263354,-0.037392188,-0.017030954,0.022636468
KOSPI_lag5d,0.04534811,0.04339336,0.061873056,-0.0022506139,-0.055559125,-0.049148638,0.016906478,0.0326766,0.004348699,0.014310298,0.020073986,0.028763842,0.00772299,-0.021220418,-0.0008848537,0.008000068,0.029745793,-0.0058550024,-0.023636745,0.02869048,0.019048959,0.009393084,-0.046024922,0.0017275147,-0.049147576,-0.008923508,0.017244536
KOSPI_lag21d,0.049816422,0.04644394,0.047034174,0.0043950398,-0.047747433,-0.05532068,0.023145365,0.033820324,0.003198675,0.017684484,0.01976335,0.015579244,0.010262223,-0.004343106,0.02647081,0.010029852,0.022838386,-0.011398114,-0.05715629,0.025968961,0.013836579,-0.0024895882,-0.01041248,0.018806202,-0.06429308,-0.004267671,-0.02515475
MSCI_EM_lag1d,0.005683545,0.051332522,0.06734328,0.0055407854,-0.08440146,-0.036759667,0.056760896,0.0068245577,-0.00097127474,-0.010012349,0.011434487,0.05333387,0.026937382,-0.027415263,-0.00086926017,-0.016308358,0.023497589,-0.008177114,-0.014135691,0.0021385725,0.0048729572,0.008496854,-0.028507845,0.022978377,-0.028292198,-0.013631269,0.02655735
MSCI_EM_lag5d,0.006797667,0.05253293,0.06354955,0.0064075077,-0.082209334,-0.04463538,0.05944493,0.0043978607,-0.0044746133,-0.01395096,0.017002402,0.0489502,0.02417064,-0.025909854,0.008315859,-0.014242582,0.030539544,-0.005352649,-0.011239665,-0.00010857304,0.002571165,0.009551918,-0.026498547,0.025453657,-0.03992212,-0.006508395,0.018601527
MSCI_EM_lag21d,0.010459823,0.056794737,0.04988667,0.013396988,-0.06582006,-0.06138513,0.06948967,0.0043217083,-0.007870048,-0.009123712,0.009590964,0.037924085,0.03184582,-0.016689947,0.052659567,-0.010795775,0.03394103,-0.0029475833,-0.03987287,-0.0025442776,-0.0020287624,0.0017294108,0.013680024,0.04676668,-0.045069367,-0.02408435,-0.028923986
MSCI_Global_lag1d,0.062581144,-0.027850617,0.05508144,0.0019708872,-0.05328109,-0.021496944,0.06256937,0.017313927,0.015695622,-0.0006077643,0.0031135846,0.01571992,-0.0056197415,-0.0040216735,-0.0032098505,0.0015569609,0.014079925,0.010250877,-0.0019999992,-0.009674956,-0.00045018972,0.0021605229,0.005236367,-0.013304145,-0.0032613438,-0.009060742,0.013300851
MSCI_Global_lag5d,0.063119,-0.027564336,0.053324286,0.0019604948,-0.05208465,-0.02445497,0.06446843,0.015788747,0.0140765915,-0.0040560877,0.0052664354,0.014026009,-0.005599634,-0.0054758247,0.0025432322,0.0040804446,0.015091944,0.0098407455,-0.0017845365,-0.010311086,0.00015045301,0.0012187357,0.007447646,-0.016150312,-0.01077143,-0.0013161562,0.013342047
MSCI_Global_lag21d,0.064706,-0.026547004,0.046360098,0.0033863676,-0.042694546,-0.031449847,0.071193956,0.0141840475,0.014985657,-0.0091419555,-0.0012673981,0.010460155,0.008438697,-0.0006734448,0.029004464,0.011109012,0.01659476,0.0017064515,-0.025240585,-0.006258901,-0.00517111,-0.009229903,0.034361195,-0.009757733,-0.018419527,0.012184422,-0.009572103
Nikkei225_lag1d,0.061105426,-0.0418469,0.055901684,0.004830181,-0.03946604,-0.014168142,0.0251317,0.009006858,0.006462639,0.010118776,-0.0012447193,-0.014699203,0.0032980763,0.02992465,0.014305262,-0.007819855,-0.020515041,0.0069830013,-0.0027747443,0.016681453,-0.0072602415,0.0010035086,-0.025354845,0.018023245,-0.0317442,0.00759893,0.026753668
Nikkei225_lag5d,0.061510574,-0.04166222,0.054776426,0.005376062,-0.038322482,-0.017431527,0.026554858,0.008755548,0.004289478,0.005955181,-0.0009033773,-0.015958427,0.0014590144,0.029712074,0.017579822,-0.0062422734,-0.0220002,0.006366166,0.0005198433,0.01427168,-0.00735152,0.0001076616,-0.025315177,0.01695084,-0.04178728,0.01382002,0.025068695
Nikkei225_lag21d,0.062358245,-0.041048896,0.049639102,0.007146481,-0.034962513,-0.025815725,0.03142759,0.008688793,0.0048663146,-0.000890823,-0.011122508,-0.020608986,0.0027955712,0.028910087,0.035795607,-0.0058099604,-0.024572026,-0.0023453303,-0.016833486,0.008339063,-0.010200444,-0.010217438,0.004062323,0.018753467,-0.050295666,0.013674803,0.0046619326
EuroStoxx50_lag1d,0.05986168,-0.038793296,0.051773146,0.009107488,-0.044624053,-0.00891707,0.055353567,-0.007818127,-0.009509585,0.0067578834,-0.029905183,-0.0145683475,-0.024556402,-0.024546115,-0.03145819,0.010197684,-0.007567996,0.017060343,0.0024433848,0.032962084,0.014055841,0.006053039,-0.0026335164,-0.03315781,-0.0030733142,0.013069277,-0.0059107584
EuroStoxx50_lag5d,0.060134225,-0.03866432,0.050039444,0.010231982,-0.043938197,-0.012586206,0.057429943,-0.009164122,-0.009900842,0.00172805,-0.02799681,-0.01440899,-0.02580628,-0.025492253,-0.024329685,0.0139518725,-0.0055263196,0.016167495,0.0010663129,0.032175623,0.0151661765,0.0027052364,-0.002166897,-0.03864477,-0.013093417,0.021530084,-0.0070328107
EuroStoxx50_lag21d,0.06028647,-0.038580067,0.041817833,0.014871342,-0.038059954,-0.024181321,0.06364107,-0.009097533,-0.0014345081,-0.0063556293,-0.03427964,-0.011920411,-0.019092327,-0.015283457,0.013429328,0.028607449,0.0048407326,0.0028843733,-0.03226882,0.033367984,0.00751115,-0.014210484,0.034345195,-0.03537727,-0.028180828,0.027305206,-0.03144674
Platts_HFO380_SIN_ext_USD_t_roll21d,0.076703325,0.008633825,-0.01475625,-0.0061970633,0.014988311,0.012522681,-0.00028190247,-0.064357586,-0.0161103,-0.045573063,0.003560952,0.0058981352,0.005491409,0.026975555,0.054702185,0.057184827,0.024171717,0.022777222,0.014007667,0.0011607034,-0.024183063,0.010468473,-0.011382559,-0.016382229,0.017602887,-0.015456172,0.019406987
Platts_HFO380_SIN_ext_USD_t_roll42d,0.07697881,0.004129299,-0.025331948,0.00579711,0.015880331,0.007041512,-0.0049655777,-0.056244373,-0.016634338,-0.035261095,-0.009817738,0.022741668,0.024957182,0.040903635,0.05571804,0.048389092,0.0070258486,0.012428962,0.002886049,0.008770714,-0.015415498,0.011158321,-0.0027236359,-0.021165783,0.02575731,-0.022449266,0.0068724137
Bunker_HSFO380_CLRK_W_USD_t_roll21d,0.076058514,0.008080854,-0.017498594,-0.00396967,0.015209516,0.0100692,-0.0012170521,-0.06582265,-0.019270506,-0.04972139,0.0031195907,0.008626989,0.010840201,0.030938178,0.05081169,0.05690177,0.023943728,0.029130457,0.012438015,0.0050902497,-0.023313308,0.008109725,-0.008685355,-0.016948763,0.01209092,-0.012649569,0.018182456
Bunker_HSFO380_CLRK_W_USD_t_roll42d,0.07629938,0.0034949284,-0.02780236,0.007109233,0.01598548,0.005970419,-0.005741984,-0.057637386,-0.019076351,-0.037284948,-0.011077956,0.025173305,0.027915098,0.043059222,0.053632542,0.047018483,0.006607249,0.012385993,0.0025534732,0.012615913,-0.014066347,0.006510542,-0.0013703085,-0.022300718,0.022017172,-0.020687064,0.0061468324
IronOre_roll21d,0.014442772,0.068858586,0.050018772,-0.021892654,-0.009930694,-0.07820891,-0.0505644,-0.0050152713,0.0040446855,0.038194567,-0.0039512916,-0.032598596,0.013166951,0.008056241,0.014217364,-0.0018443482,-0.0042636637,-0.00073962286,0.027673988,-0.023716424,-0.011446885,-0.039988946,0.02316163,-0.02329107,0.009845264,-0.009089018,0.0006993389
IronOre_roll42d,0.01924144,0.07145925,0.044001237,-0.0038500119,-0.005735449,-0.07111313,-0.044296227,-0.006969562,0.012255717,0.055374708,0.0045745075,-0.036875904,0.010646881,0.0011320594,0.016782569,-0.0063246284,-0.004126958,-0.008563539,0.020881826,-0.011277559,-0.012597856,-0.016109006,0.015188137,-0.013783454,0.0063061556,-0.009828948,0.0044642976
TF_AUS_CHN_IronOre_MT_roll21d,-0.06877101,-0.016613878,0.0022048415,0.02433454,0.0074754814,0.05500577,-0.04212554,-0.0018090135,0.0054710335,-0.024111032,-0.016529126,0.007933573,-0.028371342,0.017358698,0.016481433,0.09351035,0.033570535,0.017152308,-0.010310888,-0.0077053397,0.0076210466,-0.01929251,0.006082477,-0.0563348,-0.014368609,0.089375205,-0.006467897
TF_Brazil_CHN_IronOre_MT_roll21d,-0.0031617812,-0.02770865,0.033826843,0.0667648,-0.014002277,0.062245954,-0.057135068,0.046834137,-0.023154927,-0.023417467,0.06322676,0.030978827,-0.01968159,-0.0072883666,0.06016506,0.0042610513,0.07710233,-0.013504245,0.03366389,-0.10266573,0.093591146,-0.013883428,0.038346943,-0.056418307,0.03746161,-0.10780055,-0.0053174742
EMA_5,0.04797282,0.048093777,0.017311158,0.08426727,0.018889949,0.041781038,0.0028336507,0.053099774,0.007947476,-0.030221552,-0.030415656,-0.020400258,-0.009833404,0.0044647246,-0.009769414,-0.019140664,-0.011697424,-0.021020412,-0.01944398,-0.0082023,-0.04017751,-0.010560132,-0.019377256,-0.009423986,-0.0035988644,-0.0029202125,-0.0042856117
EMA_12,0.0495463,0.04843864,0.008432359,0.083077036,-0.0014925722,0.04477314,-0.0037844847,0.048741013,0.022129627,-0.03415465,-0.032983787,-0.02996322,-0.0071171443,0.009422173,-0.015162368,-0.017726228,-0.0079759,-0.02168464,-0.021264886,-0.008704668,-0.02498127,-0.008223326,-0.01632891,-0.0058018034,0.002549801,-0.006464134,-0.00086750556
EMA_26,0.051711522,0.04790762,-0.004569224,0.07837153,-0.026747476,0.045179524,-0.004686769,0.045812543,0.022501785,-0.028854039,-0.020803476,-0.026190743,-0.009199742,0.022826742,-0.017440729,-0.0074512586,-0.013311675,-0.0211672,-0.008412549,-0.0020390484,-0.015903533,-0.0043099173,-0.000603643,0.0055560414,0.008824975,-0.0017616297,0.0020199993
EMA_50,0.05424831,0.04567142,-0.018578663,0.066752784,-0.04513508,0.042832907,0.006724748,0.048679847,0.00574055,-0.01764455,-0.0049870797,-0.01511177,-0.011552754,0.037101656,-0.009541428,-0.004483267,-0.022180907,-0.018682573,0.00053793885,-0.002046286,-0.012963803,-0.009591128,0.0030982536,0.011811029,0.0098558245,0.006611719,3.8902952e-05
MACD,0.004724677,0.016538104,0.060988408,0.04544635,0.11324647,0.011247296,0.0029565077,0.027418498,0.00478833,-0.033836063,-0.064461894,-0.025732722,0.0072957035,-0.057587467,0.005827312,-0.051429164,0.021689015,-0.008662657,-0.06406443,-0.032547113,-0.048158977,-0.02001752,-0.07555505,-0.052820925,-0.027502302,-0.023055894,-0.01325116
MACD_signal,0.0059280023,0.018865723,0.05453887,0.05027053,0.088719055,0.020160455,-0.019989777,0.015759092,0.0540858,-0.055808544,-0.091793545,-0.06277547,0.019524138,-0.06445845,-0.011391448,-0.05756441,0.041433632,-0.010500211,-0.082443185,-0.04200639,-0.0112986,-0.010797973,-0.075884946,-0.054600496,-0.022191003,-0.038801957,-0.0006275223
MACD_hist,-0.0018158361,-0.001728219,0.030545533,-0.00088847446,0.08754328,-0.019176967,0.057064734,0.035245083,-0.119910814,0.04580099,0.051576953,0.08476479,-0.028271532,0.0029871531,0.04369138,0.0026653316,-0.043258872,0.0024238308,0.029686196,0.015381702,-0.102135554,-0.027468614,-0.017409297,-0.0083670765,-0.019675598,0.03310979,-0.034196638
RSI_14,0.0074770707,0.0150406305,0.06705967,0.031729378,0.119748406,0.0011837367,0.018627724,0.046263576,-0.049689155,-0.012598068,0.00044467225,0.050050747,0.014548919,-0.021859793,0.004612691,0.018077975,-0.03227143,0.04871781,0.027895626,-0.007817802,-0.008282758,0.0009043057,-0.017757742,-0.0019243073,-0.00757603,0.006474585,-0.0028060474
Stoch_K_14,0.004997399,0.008986265,0.04968092,0.023918876,0.09693658,-0.010147092,0.03830402,0.03699528,-0.09215072,0.011896022,0.045465883,0.08497164,-0.01734615,0.01082562,0.015999751,0.042882096,-0.05004398,0.029539723,0.056261405,0.007355918,-0.03805504,0.032534577,0.034240525,0.013069082,-0.026407273,0.024301555,-0.012969414
Stoch_D_14,0.005803006,0.009967035,0.052253347,0.027565274,0.1002443,-0.006147207,0.03760997,0.041172262,-0.08737342,0.00511822,0.0332472,0.07715018,-0.012492508,0.006042532,0.020197656,0.027988944,-0.04427417,0.028117128,0.033226125,-6.112522e-05,-0.0441086,0.015281612,-0.0008127795,-0.0018073386,-0.019667324,0.007093474,-0.02093874
Stoch_K_21,0.0061685946,0.010287787,0.058352247,0.02909497,0.10807387,-0.0060760025,0.03573173,0.044049423,-0.08130654,0.001197961,0.02286523,0.06238708,-0.010667125,-0.008414899,0.02180367,0.01690454,-0.03622511,0.032888073,0.020968068,-0.0010282719,-0.031923287,0.017705142,-0.016577804,0.0017815018,-0.012815303,-0.008825498,-0.03218051
Stoch_D_21,0.0069122827,0.011147262,0.059667077,0.031991847,0.107798375,-0.001247902,0.03276109,0.046350263,-0.071550936,-0.0064310185,0.0076858057,0.05019942,-0.0045686597,-0.015500429,0.025662072,0.002594018,-0.028602177,0.031001406,-0.002204215,-0.008324945,-0.03355373,0.0018675698,-0.049140245,-0.012747774,-0.0058904854,-0.025245108,-0.03913674
BB_mid_20,0.049653266,0.047103334,-0.0032471893,0.07825324,-0.02758839,0.045833137,-0.012363735,0.040714305,0.038240522,-0.03665862,-0.031831186,-0.038109086,-0.004164066,0.016413849,-0.022738528,-0.010318895,-0.0052353656,-0.019632244,-0.013891325,-0.006861816,-0.004282339,0.001334518,0.0002314818,0.0026370783,0.005276273,-0.0060930667,0.0077688014
BB_upper_20,0.04461866,0.0489135,0.00026197048,0.06847097,-0.026566643,0.044928793,0.0040334356,0.055262428,0.046038985,-0.050226122,-0.018996904,-0.058391053,0.016113972,0.023360904,-0.025274344,-0.007088172,0.005369699,-0.007092254,0.011114788,0.027236218,-0.00119438,-0.007510651,0.014404595,-0.0010332064,0.008003265,0.0068955203,-0.009046649
BB_lower_20,0.050379865,0.037175484,-0.008420739,0.08237707,-0.025129685,0.040470254,-0.036956128,0.0112035945,0.019978425,-0.0093321595,-0.047783073,0.00025686598,-0.036232665,0.0027725298,-0.015266846,-0.013991216,-0.021551767,-0.036925133,-0.052134056,-0.06080697,-0.008622762,0.015394398,-0.022650078,0.008161179,9.515662e-05,-0.02612391,0.033719353
BB_width_20,-0.0038887379,0.02144381,0.01988156,-0.010111309,0.0048685228,0.00595061,0.055477988,0.0657629,0.049223352,-0.07301643,0.036761507,-0.07755512,0.08132365,0.0348253,-0.0040466324,-0.0055060466,0.032762747,0.028456287,0.10338098,0.13197988,0.026441725,-0.06965795,0.060010374,-0.014683518,0.003653968,0.03154775,-0.049243834
BB_pct_20,0.0037442707,0.008637587,0.05711186,0.021539323,0.10189295,-0.013352435,0.042947207,0.045371056,-0.09403963,0.019391501,0.037095312,0.07083776,0.0031308979,0.011217916,0.017159553,0.029745445,-0.047576964,0.04104441,0.048265886,-0.0047622724,-0.042207953,0.023202656,0.010368452,0.007819927,-0.02149636,0.00445697,-0.026015759
BB_mid_40,0.0513404,0.044658065,-0.018560909,0.0690443,-0.052783217,0.04266371,-0.0028076726,0.039753854,0.013220842,-0.014421766,0.0063136187,-0.009063063,-0.01667916,0.040754627,-0.018894557,0.015715238,-0.02613946,-0.023079278,0.018592233,0.016303543,-0.016250711,0.0009330908,0.02793051,0.02742891,0.020694537,0.009381612,0.0026320685
BB_upper_40,0.04467718,0.047872007,-0.013943386,0.05590567,-0.04993331,0.041131336,0.023396863,0.050789658,0.026619947,-0.035949897,0.020566218,-0.040014487,0.017112227,0.051253315,-0.033457723,0.018982397,-0.02311709,-0.015354411,0.033489186,0.05796862,-0.008317638,-0.0031763865,0.034829933,0.029808693,0.02743252,0.009213782,-0.028775567
BB_lower_40,0.049187154,0.026224725,-0.021841897,0.07382717,-0.043216284,0.03351332,-0.050184622,0.008319196,-0.015115256,0.029192453,-0.021653762,0.05036837,-0.07410999,0.010026606,0.013172443,0.0053022085,-0.024362637,-0.03080439,-0.014003585,-0.06485052,-0.026273526,0.008224516,0.007415047,0.015361311,0.0025050829,0.00705848,0.05962167
BB_width_40,-0.0035575086,0.02442274,0.017723368,-0.014206398,0.00028848764,0.010349669,0.0727749,0.039086115,0.057586845,-0.081433244,0.040336087,-0.09583286,0.10328921,0.044024467,-0.045758296,-0.007230594,-0.008751786,-0.00675892,0.06956649,0.13309081,0.021932052,-0.056292288,0.038415294,0.011331847,0.002364855,-0.01330255,-0.09054818
BB_pct_40,0.0063150977,0.016280655,0.06529263,0.03681156,0.11077106,0.004122138,0.026260313,0.04339292,-0.051958766,-0.012625258,-0.0068816557,0.02184311,0.030481976,-0.041328304,0.014479669,0.004421105,-0.0203226,0.04731475,0.011982599,-0.016596513,-0.009801775,-0.0006105935,-0.013799627,-0.034775484,-0.027649345,0.0038536014,-0.017652918
RealVol_5d,0.008100414,0.014244393,-0.0011453296,-0.008589006,0.016277883,-0.0118493615,0.032178655,0.07679977,0.01034277,-0.009651493,0.027129669,-0.007739583,0.05890692,0.063923754,0.0068051396,-0.021251127,0.0038388686,-0.029185442,0.107270226,0.06596773,0.006076611,0.0040819137,-0.024675742,-0.07706652,-0.0040859613,-0.015330857,0.0023463
RealVol_10d,0.0070021623,0.018872336,-0.0010043116,-0.018225107,0.015143246,-0.010333153,0.03902113,0.098405346,0.02394159,-0.015142805,0.020931952,-0.01444352,0.07766839,0.072568394,0.011863954,-0.03359455,0.0047280085,-0.031467,0.1307149,0.07691432,5.9965994e-05,-0.01904158,-0.02790093,-0.08709827,0.012055304,-0.022612216,-0.013442184
RealVol_21d,0.007016889,0.0254622,9.139505e-05,-0.02445233,0.0101952385,-0.008206878,0.044938445,0.10821261,0.04422106,-0.03688279,0.014558703,-0.02732112,0.10337461,0.07718948,-0.0011747639,-0.042348552,0.014035324,-0.029954853,0.12508063,0.07337506,0.012503829,-0.05421314,-0.033684116,-0.05520703,0.018694693,-0.040977266,-0.0388145
RealVol_42d,0.009131345,0.030940676,-0.0010970102,-0.042669658,-0.005283438,-0.0035556976,0.045045085,0.08322975,0.061639883,-0.036352843,0.03601556,-0.029397037,0.09513605,0.06972502,-0.045971964,-0.04157223,-0.006758159,-0.034796275,0.13686492,0.0628642,0.013167036,-0.05468966,-0.0013899524,0.017629651,0.013787335,-0.069812454,-0.020008923
MOM_5d,-0.00061322004,0.00316931,0.034827936,0.00798886,0.082129754,-0.016877105,0.036529317,0.02238518,-0.09070792,0.039799932,0.05503232,0.08316601,-0.027553769,-4.208232e-05,0.016763348,0.04340807,-0.05119705,0.011567474,0.08953853,0.03337503,-0.07860265,0.03154012,0.09797355,0.030806396,-0.050510608,0.05725825,0.009788888
ROC_5d,-0.0009371257,0.0045309095,0.03846656,0.004107433,0.085129425,-0.010651347,0.04100299,0.027607465,-0.08626204,0.033326205,0.05694802,0.081476085,-0.022949971,0.016659513,0.0052858614,0.03694701,-0.046357565,0.022265723,0.10286885,0.03304985,-0.058011517,0.037037406,0.09615102,0.022194555,-0.046986073,0.056648113,0.00793482
MOM_10d,0.00019296395,0.005525153,0.04523176,0.017051952,0.10517706,-0.013904979,0.04062445,0.0310939,-0.09033768,0.028565567,0.032117963,0.06716888,-0.023969814,-0.014421347,0.02980871,0.008622707,-0.03627093,0.0027984278,0.038744386,0.015338548,-0.09291267,-0.0035915987,0.011874757,-0.007378225,-0.038636472,0.038870536,-0.010618542
ROC_10d,-0.00023110321,0.007211244,0.0500956,0.013612854,0.10860209,-0.0070123454,0.047470298,0.037371263,-0.08230726,0.013973876,0.039349027,0.05959316,-0.012503227,-3.385734e-05,0.016419888,0.0040027397,-0.0277868,0.029479222,0.061178923,0.019248802,-0.058812093,-0.0034655654,0.0070594708,-0.01812682,-0.04188546,0.045535777,-0.010853427
MOM_21d,0.0027540687,0.010507152,0.05505628,0.0310409,0.114999756,0.0021213193,0.02617235,0.035870668,-0.041695856,-0.012761124,-0.0365279,0.005782918,-0.002139921,-0.04196197,0.020011086,-0.049609695,0.008087326,-0.00837118,-0.057526346,-0.03074278,-0.07415879,-0.03741211,-0.102606624,-0.055555314,-0.017738083,-0.015184204,-0.04359129
ROC_21d,0.001639133,0.012198888,0.05858051,0.025668347,0.115789,0.010029203,0.03437029,0.045188077,-0.030306337,-0.037215192,-0.016842669,-0.009381761,0.018695133,-0.033989068,0.008689189,-0.046497714,0.010281304,0.034556378,-0.014467074,-0.00072548515,-0.030081924,-0.05306525,-0.08518643,-0.051688604,-0.02844878,-0.0053068544,-0.047134314
MOM_42d,0.00534027,0.020012408,0.056795295,0.046337046,0.09070996,0.020941429,-0.021681705,0.005694296,0.053964723,-0.032825187,-0.06488034,-0.04592121,0.02804318,-0.07227123,-0.009981119,-0.014890072,0.010707221,0.0062012854,-0.004056008,-0.018477516,0.02239596,0.031200938,0.06975498,-0.015228351,-0.06536006,0.006378721,0.04365598
ROC_42d,0.0016670991,0.020384146,0.05820812,0.03726165,0.08936766,0.02613502,-0.0122864,0.016847268,0.056368645,-0.06724493,-0.04521587,-0.046481665,0.03632497,-0.06062974,-0.032199778,-0.012978226,-0.013746324,0.025505206,0.023179384,0.020094926,0.050465375,0.001551445,0.06937982,-0.014228334,-0.07327456,-0.018970842,0.032792997
MOM_62d,0.0075060683,0.0238393,0.05673891,0.065263785,0.078986436,0.018255038,-0.034613572,-0.0046392726,0.05515809,-0.045172576,-0.032069817,-0.016030895,-0.025441432,-0.03391467,-0.060958855,0.03681283,0.01825989,-0.040381175,-0.0019225355,0.039823126,-0.10177202,0.043443237,0.017521447,0.022696268,0.01098901,-0.016090231,0.014866016
ROC_62d,0.0032273221,0.026397608,0.059651557,0.05370448,0.07407125,0.02503885,-0.02916564,0.005762931,0.05674035,-0.076568365,-0.016935684,-0.0033518386,-0.027948035,-0.024275674,-0.075532034,0.0320567,-0.013345979,-0.023278305,0.009930066,0.0727707,-0.06707043,0.003861215,0.03703142,0.007296476,0.02577002,-0.043761168,0.0019596461
Zscore_21d,0.003848949,0.008997666,0.057956193,0.02204147,0.1029731,-0.012604756,0.042777017,0.046327185,-0.09257912,0.017898073,0.03411531,0.068128414,0.0046491954,0.008004633,0.017851781,0.026286537,-0.046439536,0.04217058,0.04508224,-0.006555482,-0.041019473,0.021271981,0.0048214104,0.0052749356,-0.02020274,0.0014767987,-0.029887732
Zscore_63d,0.009834005,0.019603519,0.06615956,0.047261048,0.11075815,0.009930176,0.010019829,0.036332097,-0.008314025,-0.034499656,-0.02107344,0.0015206295,0.028802214,-0.04536936,0.008863514,0.015258723,-0.0074065807,0.024930226,0.01854307,0.015705822,-0.007833898,0.004425565,0.012473902,-0.040868517,-0.020217732,-0.009670283,0.017378338
PctFrom52wHigh,0.0025974696,0.011061905,0.0797615,0.10944359,0.026255146,0.023279512,-0.04668366,0.011811435,-0.037519537,-0.012345444,-0.04960633,-0.0123577155,-0.002229253,-0.01798764,0.01736599,0.022980995,0.018044569,-0.021066265,0.0029158152,0.019030342,-0.02266399,0.0031452063,-0.0028824024,0.018387314,-0.036674794,0.011647244,-0.023256602
PctFrom52wLow,-0.010165078,0.06256144,0.04395703,0.07757136,0.029951075,0.024275597,-0.0055841166,0.039032694,-0.0078119384,-0.05285712,-0.014183197,0.022191107,0.038869787,-0.016542228,-0.020907842,-0.0060373466,-0.014015572,-0.026616964,0.008133676,0.0188268,-0.03784582,0.019966451,-0.014893957,0.053790636,0.00093441503,-0.012692904,0.0002740834
Spread_EMA12_EMA26,0.004724677,0.016538104,0.060988408,0.04544635,0.11324647,0.011247296,0.0029565077,0.027418498,0.00478833,-0.033836063,-0.064461894,-0.025732722,0.0072957035,-0.057587467,0.005827312,-0.051429164,0.021689015,-0.008662657,-0.06406443,-0.032547113,-0.048158977,-0.02001752,-0.07555505,-0.052820925,-0.027502302,-0.023055894,-0.01325116
Dist_from_EMA26,0.0024612616,0.011525916,0.06354017,0.028401883,0.12690732,0.0009930204,0.029548934,0.03748729,-0.057406556,-0.009243958,0.0048215818,0.03847317,-0.003948354,-0.025880797,0.0075690565,-0.01036777,-0.017073724,0.034213282,0.03497432,0.003948511,-0.040919703,-0.0051998915,-0.005029046,-0.020380141,-0.0433429,0.021330098,-0.006430445
IronOre_Spot_CFR_NChina_USD_t_EMA_5,0.01054562,0.06634317,0.054508258,-0.036310114,-0.01381028,-0.078558736,-0.056046996,0.004962583,-0.0025058333,0.017600032,-0.02393476,-0.019205468,0.0032744976,0.023506716,0.012434603,-0.0050657373,-0.0057264804,-0.007570376,0.024220293,-0.026478233,-0.016886665,-0.025289131,0.016925683,-0.025149066,0.010619474,-0.011082876,6.322815e-05
IronOre_Spot_CFR_NChina_USD_t_EMA_12,0.012303895,0.06769937,0.052747518,-0.030271837,-0.012295702,-0.07865963,-0.05388769,0.0005373903,0.0006784207,0.026811395,-0.015197728,-0.025664788,0.007734783,0.016529908,0.013441989,-0.0034339437,-0.0049814177,-0.004808522,0.026295211,-0.02591685,-0.013893224,-0.033945017,0.019560724,-0.024219673,0.010718052,-0.009583795,-0.0003983731
IronOre_Spot_CFR_NChina_USD_t_EMA_26,0.015608994,0.070040286,0.049114536,-0.018720362,-0.009821841,-0.07617101,-0.04999931,-0.0026490262,0.005697252,0.039906353,-0.005749024,-0.03129434,0.009796903,0.009511397,0.0146393245,-0.003862692,-0.0046465723,-0.004642694,0.025129426,-0.02009705,-0.012520085,-0.029371133,0.018401043,-0.019669008,0.008547149,-0.008470189,0.001602541
IronOre_Spot_CFR_NChina_USD_t_EMA_50,0.020740679,0.072995484,0.04225087,-0.00392392,-0.009696109,-0.06865199,-0.043943692,0.0016378195,0.0109378155,0.0525209,0.0009302061,-0.032526042,0.006339274,0.006177786,0.014439591,-0.005788814,-0.005147886,-0.005410791,0.021329364,-0.009124175,-0.010566695,-0.013848971,0.010103954,-0.008781838,0.0013261414,-0.0023975442,0.0043703956
IronOre_Spot_CFR_NChina_USD_t_MACD,-0.024841953,-0.007281537,0.038894076,-0.09963428,-0.022354212,-0.034078144,-0.04117844,0.026117561,-0.04087016,-0.10225983,-0.07982492,0.04148939,-0.015488982,0.060210757,-0.0074286354,0.0029010747,-0.0036059888,-0.002195387,0.014118679,-0.0520622,-0.013643777,-0.04329025,0.012891317,-0.04140022,0.019603867,-0.010770379,-0.016411051
IronOre_Spot_CFR_NChina_USD_t_MACD_signal,-0.02485297,-0.0054775532,0.041173317,-0.100461476,-0.020464446,-0.044697322,-0.041636895,0.008982669,-0.03895322,-0.08869047,-0.05796254,0.021687312,0.004901482,0.04205513,-0.0056421,0.012955635,-0.00054080464,0.01373442,0.028066747,-0.06589819,-0.0030488826,-0.102117784,0.033791643,-0.052556142,0.026868653,-0.009673821,-0.022682153
IronOre_Spot_CFR_NChina_USD_t_MACD_hist,-0.0039816904,-0.00801142,-0.0023329707,-0.013003873,-0.010777317,0.034697726,-0.004933109,0.06912398,-0.013879603,-0.06795167,-0.0957266,0.081714824,-0.0797321,0.07851136,-0.007969061,-0.03760912,-0.012192722,-0.060685642,-0.050538078,0.04396816,-0.042335,0.2157828,-0.07706675,0.035544854,-0.024338642,-0.0058973557,0.021092964
IronOre_Spot_CFR_NChina_USD_t_RSI_14,-0.02255223,0.010054433,0.045938283,-0.08970064,-0.022729538,-0.028593881,-0.03948574,0.0547375,-0.043582376,-0.09409342,-0.041713737,0.0006177079,-0.10003389,0.02925731,-0.020961897,0.00962791,0.020256814,-0.0063664387,0.002253837,0.010397489,0.03239133,-0.04620262,0.0790265,-0.0034482877,0.0010675874,0.0011311447,-0.017312665
IronOre_Spot_CFR_NChina_USD_t_Stoch_K_14,-0.022456532,0.0006971498,0.022503963,-0.08181525,-0.018683722,-0.016369853,-0.034069635,0.070098914,-0.038668573,-0.088725366,-0.041744135,0.031377897,-0.12243019,0.012648613,0.0026021616,-0.040687013,0.0088423705,-0.037524678,-0.022620985,0.09637342,0.0831224,-0.024221161,0.060416505,0.045240693,-0.0058060237,0.042646844,0.007814974
IronOre_Spot_CFR_NChina_USD_t_Stoch_D_14,-0.021924477,0.0019262289,0.024405237,-0.08189944,-0.014505828,-0.017532121,-0.031167401,0.06413265,-0.039524313,-0.07980492,-0.033816587,0.023392012,-0.11225885,0.0037906575,0.0068341293,-0.027385239,0.00022994199,-0.036633648,-0.009035363,0.07707978,0.07629793,-0.05655992,0.064265124,0.039676953,-0.010399142,0.03794643,-0.014043963
IronOre_Spot_CFR_NChina_USD_t_Stoch_K_21,-0.022456532,0.0006971498,0.022503963,-0.08181525,-0.018683722,-0.016369853,-0.034069635,0.070098914,-0.038668573,-0.088725366,-0.041744135,0.031377897,-0.12243019,0.012648613,0.0026021616,-0.040687013,0.0088423705,-0.037524678,-0.022620985,0.09637342,0.0831224,-0.024221161,0.060416505,0.045240693,-0.0058060237,0.042646844,0.007814974
IronOre_Spot_CFR_NChina_USD_t_Stoch_D_21,-0.022300722,0.0021430214,0.02423834,-0.08236139,-0.014979376,-0.017869111,-0.03143835,0.06392161,-0.039616153,-0.07973376,-0.033608407,0.022887854,-0.11278458,0.004584615,0.008152493,-0.027736228,0.0010714142,-0.037723973,-0.010606271,0.078489564,0.07722859,-0.055574488,0.06330823,0.041899096,-0.011143351,0.037022583,-0.014250255
IronOre_Spot_CFR_NChina_USD_t_BB_mid_20,0.014209757,0.068713486,0.050274953,-0.022809777,-0.0102364225,-0.07836832,-0.050919574,-0.004659024,0.0037777089,0.03712999,-0.004713907,-0.03224164,0.01292067,0.00855626,0.014159976,-0.0017651055,-0.004169522,-0.0006853968,0.028033998,-0.024176378,-0.011350292,-0.04069704,0.023101177,-0.023463888,0.009959314,-0.008787909,0.0004551123
IronOre_Spot_CFR_NChina_USD_t_BB_upper_20,0.013672377,0.07083278,0.04500801,-0.01163765,-0.008102385,-0.07286732,-0.043082353,0.0091515975,-0.0036300519,0.0442652,0.0047630705,-0.027741209,0.011450495,-0.0072511723,0.0040376713,0.0054013347,-0.009891832,0.017136283,0.002114674,-0.004986207,-0.0040305224,-0.046097957,0.037598174,-0.031325147,0.009888936,-0.010059123,0.06436026
IronOre_Spot_CFR_NChina_USD_t_BB_lower_20,0.013752407,0.061053988,0.05254339,-0.03398122,-0.011924305,-0.07877652,-0.056107357,-0.020254083,0.012045669,0.02607383,-0.01530043,-0.0349931,0.013638373,0.026161745,0.024775123,-0.009907038,0.0027548578,-0.021213891,0.05583919,-0.044503283,-0.018942228,-0.031373058,0.0046077166,-0.01260585,0.009285127,-0.0066532767,-0.07337705
IronOre_Spot_CFR_NChina_USD_t_BB_width_20,0.00017746085,0.025037995,-0.013132007,0.0347022,0.0048426916,0.0071240147,0.018677026,0.059116926,-0.035353687,0.032391094,0.039243285,0.014724578,0.0012778332,-0.04758962,-0.036888484,0.028655747,-0.032705203,0.086053096,-0.089484334,0.08760972,0.02583286,-0.018895827,0.0633019,-0.046646763,0.0020093468,-0.031034404,0.26135716
IronOre_Spot_CFR_NChina_USD_t_BB_pct_20,-0.018847037,-0.0014725154,0.0152757745,-0.06109782,-0.019492852,-0.004264322,-0.031313624,0.061121542,-0.032946263,-0.08231954,-0.060094047,0.046374314,-0.11637407,0.03566786,-0.008001356,-0.05606378,0.01892416,-0.04748942,-0.047085743,0.09820173,0.05953321,0.08073455,0.027304059,0.032893095,-0.00014032425,0.004643456,0.052658837
IronOre_Spot_CFR_NChina_USD_t_BB_mid_40,0.018788407,0.071249805,0.044634238,-0.0054452927,-0.005937775,-0.071974285,-0.04481599,-0.007178769,0.011395992,0.05407388,0.0041888203,-0.036740813,0.011453615,0.0015821615,0.016365603,-0.005746434,-0.0042874655,-0.007692158,0.021180283,-0.01263532,-0.012546839,-0.01913898,0.016417287,-0.015231813,0.0068548806,-0.010247725,0.0039199265
IronOre_Spot_CFR_NChina_USD_t_BB_upper_40,0.018055476,0.07556614,0.037088323,0.0055819596,-0.0063587353,-0.051651996,-0.0356868,0.014409178,0.0075984662,0.05741329,0.005451402,-0.031831637,0.0019115796,-0.016810536,0.008925503,0.0001236619,-0.004278753,-0.014554201,-0.012952175,0.0036657725,-0.0025274863,-0.018727886,0.020909809,-0.03070375,0.0013738225,-0.00693464,0.056059577
IronOre_Spot_CFR_NChina_USD_t_BB_lower_40,0.017691182,0.05774352,0.04967164,-0.019369587,-0.004731439,-0.090835705,-0.05191866,-0.034820642,0.015146028,0.0437398,0.0020661457,-0.03917235,0.022762517,0.025630465,0.024367062,-0.01284606,-0.003828263,0.002189175,0.06380531,-0.032715708,-0.024364332,-0.01757921,0.008698493,0.0068159276,0.013320516,-0.013485804,-0.065174975
IronOre_Spot_CFR_NChina_USD_t_BB_width_40,0.002366267,0.04181307,-0.016045345,0.031339403,-0.002121458,0.056123298,0.014379943,0.08229742,-0.021321405,0.019011898,0.004730491,0.009173905,-0.03030379,-0.05530682,-0.016012067,0.020218775,-0.010318167,-0.028718662,-0.10709707,0.06599941,0.03846719,-0.007703637,0.008011539,-0.06386679,-0.01386281,-0.02147676,0.19414459
IronOre_Spot_CFR_NChina_USD_t_BB_pct_40,-0.018723117,0.003169588,0.03543678,-0.07476938,-0.023958292,-0.010753055,-0.040534638,0.0638426,-0.03533768,-0.104515016,-0.07376749,0.031471048,-0.11110333,0.05036807,-0.03044738,-0.027553638,0.028321808,-0.02461532,-0.024877097,0.034919426,0.016995614,0.046678465,0.040615793,0.0271881,-0.012480693,-0.006536864,0.023251247
IronOre_Spot_CFR_NChina_USD_t_RealVol_5d,0.00086486456,0.0100614345,-0.00765546,0.013459607,-0.00021329726,-0.009896685,0.005594429,0.026279757,-0.0119268,0.009261732,0.031898323,-0.001981498,-0.00657707,-0.032078248,-0.013616045,0.034180865,-0.015382372,0.069353975,0.010598371,0.036813483,0.017561292,-0.036163248,0.019600006,-0.01160012,-0.02633539,0.036694575,0.20476128
IronOre_Spot_CFR_NChina_USD_t_RealVol_10d,0.00060919655,0.015656466,-0.010516524,0.023622653,0.0023592503,-0.010131334,0.009907826,0.038645297,-0.023270577,0.019310882,0.04114727,0.0015494912,-0.0021817684,-0.040744226,-0.024899594,0.042544264,-0.016966129,0.087421805,-0.019003607,0.063705735,0.023131223,-0.046091713,0.045350343,-0.015469439,-0.015706282,0.01941608,0.28113112
IronOre_Spot_CFR_NChina_USD_t_RealVol_21d,0.0004485001,0.0291091,-0.014229468,0.03680303,0.0034426847,0.01559335,0.02009374,0.067276895,-0.034142893,0.037298404,0.040769435,0.012648073,0.0027650318,-0.05773182,-0.028224338,0.028465435,-0.036883473,0.09071332,-0.09604987,0.08588724,0.033206798,-0.026922537,0.06609471,-0.058566984,-0.00045201654,-0.023914136,0.2375266
IronOre_Spot_CFR_NChina_USD_t_RealVol_42d,0.0033800902,0.045064222,-0.025871472,0.03280996,-0.014734591,0.053416677,0.012747408,0.080198266,-0.017788287,0.017229527,0.01370636,0.001858591,-0.02804905,-0.05119828,-0.012093085,0.033304606,0.0037007995,-0.014307856,-0.08681825,0.07553436,0.041739423,-0.004372818,0.005488248,-0.06813633,-0.017774269,-0.019848337,0.21274295
IronOre_Spot_CFR_NChina_USD_t_MOM_5d,-0.012458476,-0.0067106816,0.014001643,-0.040610563,-0.010085832,0.000721033,-0.019313842,0.042394683,-0.03007481,-0.07841391,-0.08049482,0.0700705,-0.050197463,0.07213594,-0.013643369,-0.026927982,-0.0050798976,-0.027447646,-0.03978883,0.022521676,-0.0451492,0.16770615,-0.028850792,-0.0069185686,-0.010665939,-0.03488592,0.033761356
IronOre_Spot_CFR_NChina_USD_t_ROC_5d,-0.012900792,-0.005495991,0.012963415,-0.040307447,-0.010887469,0.0016518055,-0.01986263,0.052279584,-0.030122122,-0.07483774,-0.07751991,0.07165825,-0.061993476,0.06391647,-0.014393507,-0.026324643,0.0013423646,-0.022781234,-0.041783433,0.029922288,-0.042894173,0.16719104,-0.022012377,-0.017057767,-0.015868329,-0.032385353,0.05815551
IronOre_Spot_CFR_NChina_USD_t_MOM_10d,-0.016252194,-0.008162947,0.021343432,-0.059516665,-0.014196198,-0.0008902842,-0.025338827,0.052311663,-0.034926802,-0.09657837,-0.101476006,0.07629603,-0.05669381,0.083099514,-0.010941037,-0.025399847,-0.011396461,-0.04115577,-0.034489173,0.0021568008,-0.04340989,0.13663973,-0.038901117,-0.0085373055,-0.0074250135,-0.026627628,0.01178314
IronOre_Spot_CFR_NChina_USD_t_ROC_10d,-0.016733073,-0.0064433464,0.020066788,-0.059169393,-0.015577845,0.0008541867,-0.025709186,0.065758586,-0.035234023,-0.09148407,-0.09650438,0.07837789,-0.07373256,0.070344836,-0.012349706,-0.023415908,-0.0030018124,-0.03864191,-0.040060036,0.011151797,-0.039511878,0.13285963,-0.03224701,-0.019820571,-0.014431063,-0.023460625,0.041010365
IronOre_Spot_CFR_NChina_USD_t_MOM_21d,-0.021806676,-0.009329072,0.028860731,-0.08722934,-0.026885254,-0.015371609,-0.037397675,0.04696536,-0.033745617,-0.11124969,-0.09554378,0.057210885,-0.042049266,0.07081788,-0.008724271,-0.008205822,0.0012542063,-0.013874852,0.008276658,-0.027342673,-0.016321173,0.019885056,-0.020332221,-0.01715922,0.0039889663,0.0048314477,-0.0046975045
IronOre_Spot_CFR_NChina_USD_t_ROC_21d,-0.02234516,-0.0064425305,0.027956126,-0.08781419,-0.027389431,-0.009477068,-0.035969418,0.065805316,-0.03419202,-0.10396419,-0.08770351,0.05957301,-0.06428558,0.054835286,-0.0110601,-0.0021017469,0.009873498,-0.016359825,-0.0013929579,-0.0150706535,-0.0115526775,0.01519028,-0.010257886,-0.028523311,-0.006159622,0.011374169,0.016485283
IronOre_Spot_CFR_NChina_USD_t_MOM_42d,-0.0251137,-0.005998991,0.040590953,-0.098303266,-0.018815737,-0.044709053,-0.039444845,0.013245994,-0.04821807,-0.09447902,-0.059364818,0.031410918,0.008983839,0.051461123,-0.01823716,0.015005168,-0.007096286,0.020201238,0.010054494,-0.061787874,-0.009294562,-0.090021834,0.037568703,-0.061746985,0.022398612,-0.020543655,-0.015338551
IronOre_Spot_CFR_NChina_USD_t_ROC_42d,-0.026093805,-0.00021912467,0.042887095,-0.102597676,-0.018663775,-0.029785188,-0.035481192,0.03425374,-0.048285995,-0.08944396,-0.043544326,0.023136292,-0.0066847014,0.027499385,-0.031383567,0.029316189,0.0064463075,0.013402717,-0.008663988,-0.0561074,-0.0013376328,-0.10584593,0.0454221,-0.0794158,-0.0021409867,-0.0031214843,0.009968227
IronOre_Spot_CFR_NChina_USD_t_MOM_62d,-0.026165877,-0.001603718,0.049496036,-0.09926949,-0.007384188,-0.06231645,-0.044209443,-0.022627596,-0.039198168,-0.067195356,-0.03783852,0.0069258776,0.018274091,0.025960628,0.004904579,0.002000766,0.0036722135,-0.001833104,0.017643636,-0.06447341,-0.028056582,-0.07256663,0.05668318,-0.080803655,0.03877019,-0.053651344,-0.015478431
IronOre_Spot_CFR_NChina_USD_t_ROC_62d,-0.026785178,0.006835827,0.05143032,-0.10482912,-0.0072686444,-0.044737224,-0.036764197,-0.004990249,-0.037049167,-0.07284929,-0.00958359,-0.013990708,0.00915924,0.011254004,-0.018623134,0.012422269,0.022688715,-0.017486582,-0.008937755,-0.06003524,-0.026225738,-0.064972185,0.069010876,-0.0936429,0.01715336,-0.03886734,-0.0073041604
IronOre_Spot_CFR_NChina_USD_t_Zscore_21d,-0.019062366,-0.0014261182,0.015495694,-0.06180157,-0.01957187,-0.0044132113,-0.03156581,0.0614725,-0.033281296,-0.08284632,-0.060104374,0.04617896,-0.11725254,0.0353529,-0.0077113668,-0.055964902,0.019157268,-0.047732092,-0.046668038,0.0986262,0.06047554,0.078905,0.02817555,0.033510506,0.00010936216,0.0053556114,0.052182246
IronOre_Spot_CFR_NChina_USD_t_Zscore_63d,-0.025727572,0.006868081,0.04228232,-0.081693135,-0.022463234,-0.017182667,-0.047734,0.055359147,-0.04579742,-0.101335675,-0.053701866,0.0216851,-0.08691686,0.059414506,-0.034398884,-0.0048113456,0.042555023,-0.0022040505,0.0062881783,-0.004141076,0.000877089,0.0272568,0.051670928,0.0076310476,-0.0039572218,-0.012570389,0.02159106
IronOre_Spot_CFR_NChina_USD_t_PctFrom52wHigh,-0.026522025,-0.009538841,0.09510345,-0.0142877335,-0.009338118,-0.06192284,-0.088661596,-0.019221481,-0.004249053,-0.011870739,-0.015784878,-0.031124046,-0.00077761826,0.025431823,-0.0019525472,0.008536914,0.01845503,-0.040614393,0.03526337,0.03220225,-0.014509663,-0.0044443593,-0.00021786656,-0.04733252,0.030490162,-0.006291134,-0.04242191
IronOre_Spot_CFR_NChina_USD_t_PctFrom52wLow,-0.019899257,0.05900475,0.054748643,-0.0420299,-0.011429529,-0.065160915,-0.060786147,-0.025167992,-0.03225198,-0.025975619,-0.044662874,0.017119914,0.041987717,0.016573992,0.02628024,0.005113227,-0.0010192166,-0.0015025085,0.019609734,-0.017801411,0.00129013,0.013683312,-0.011957044,0.026347607,0.04600396,-0.039945398,0.028161205
IronOre_Spot_CFR_NChina_USD_t_Spread_EMA12_EMA26,-0.024841953,-0.007281537,0.038894076,-0.09963428,-0.022354212,-0.034078144,-0.04117844,0.026117561,-0.04087016,-0.10225983,-0.07982492,0.04148939,-0.015488982,0.060210757,-0.0074286354,0.0029010747,-0.0036059888,-0.002195387,0.014118679,-0.0520622,-0.013643777,-0.04329025,0.012891317,-0.04140022,0.019603867,-0.010770379,-0.016411051
IronOre_Spot_CFR_NChina_USD_t_Dist_from_EMA26,-0.023917258,-0.008982702,0.032789446,-0.09111058,-0.020947272,-0.015207668,-0.037662305,0.056655724,-0.040375642,-0.1097097,-0.09383268,0.065904506,-0.06132275,0.069060236,-0.01635164,-0.010158328,0.0049797865,-0.023390688,-0.01783882,-0.015721675,-0.026544513,0.057373267,-0.00837599,-0.03780112,-0.006260628,-0.013605278,0.021322306
Brent_Crude_USD_bbl_EMA_5,0.07473165,0.014531919,-0.031267837,-0.03665576,0.021894857,0.033139456,-0.029603628,-0.035890713,-0.035831045,-0.018565124,-0.0073086075,0.009396897,0.028977795,0.01597854,0.008340332,-0.018541416,0.0076270034,-0.005233819,0.015363574,0.016583616,0.013442748,-0.009063643,-1.975614e-05,0.0053345645,-0.0129860025,0.0022545196,0.0028252485
Brent_Crude_USD_bbl_EMA_12,0.07507386,0.01296142,-0.035406705,-0.032573555,0.022561528,0.024295507,-0.030662859,-0.035693333,-0.037575778,-0.023732366,-0.004452948,0.0067976387,0.023890672,0.012232121,0.008107231,-0.017044216,0.006279363,-0.00970218,0.018763084,0.018527247,0.012842534,-0.0110362135,-0.002548193,0.0070284605,-0.01344965,0.0041933972,0.004448607
Brent_Crude_USD_bbl_EMA_26,0.075181246,0.00979585,-0.041874547,-0.027313719,0.023755733,0.014829145,-0.031744618,-0.03217654,-0.03870998,-0.022342848,-0.005543291,0.0069580753,0.019308504,0.008341422,0.009450327,-0.016906247,-0.0012806229,-0.01617455,0.017750265,0.021682229,0.010727686,-0.0137811955,-0.0011556605,0.0057557775,-0.009458519,-0.0030278934,0.0018517874
Brent_Crude_USD_bbl_EMA_50,0.074592255,0.0042916997,-0.04954374,-0.023573134,0.025608078,0.0090741925,-0.032165278,-0.024673002,-0.038235962,-0.012002028,-0.0108641,0.008239922,0.015592921,0.00472871,0.0075379987,-0.01829431,-0.008278218,-0.020644687,0.014925698,0.020047933,0.011004271,-0.017910661,-0.00094664795,0.0033368054,-0.004889629,-0.011082368,-0.0009336872
Brent_Crude_USD_bbl_MACD,0.008206801,0.034786925,0.06338235,-0.05917473,-0.009710283,0.10223049,0.007524689,-0.041295074,0.0072147455,-0.017512983,0.010873188,-0.0008363164,0.050992355,0.042296,-0.013068086,-0.0035648574,0.08001096,0.06662602,0.012947421,-0.030761614,0.023760824,0.02739597,-0.014910721,0.014211991,-0.04349985,0.07620187,0.027768148
Brent_Crude_USD_bbl_MACD_signal,0.0107260635,0.03685023,0.059935153,-0.050757106,-0.009504267,0.07648308,0.0040986435,-0.054570302,-0.001895043,-0.060680136,0.03561178,-0.018147271,0.033991598,0.032801744,-0.017099809,0.003385487,0.097242765,0.06094375,0.035662055,-0.02210135,0.023318563,0.02714777,-0.02664442,0.03127312,-0.06010125,0.10900052,0.045620084
Brent_Crude_USD_bbl_MACD_hist,-0.0061955503,0.00042128784,0.023086945,-0.037657477,-0.0025395262,0.099760644,0.012084276,0.033029098,0.029626925,0.130265,-0.07448945,0.053450476,0.062638514,0.037686978,0.009928137,-0.022224499,-0.037702348,0.030644681,-0.06781464,-0.032845568,0.006022305,0.0061333184,0.03342082,-0.050057683,0.042898785,-0.08666027,-0.049852554
Brent_Crude_USD_bbl_RSI_14,-0.0028540117,0.03005125,0.05960145,-0.05924221,-0.01819745,0.1111246,-0.0077651464,-0.0019182196,0.018757215,0.057251096,-0.022028813,0.027595935,0.096966065,0.069622196,0.021504672,-0.0052679777,0.035113376,0.05092889,-0.036364246,0.018984485,0.008559044,0.053873274,0.03199956,-0.012299442,-0.037564766,0.017054994,0.014362018
Brent_Crude_USD_bbl_Stoch_K_14,-0.008930301,0.022412185,0.039390545,-0.04129605,-0.010478498,0.0999266,-0.0037156846,0.017511683,0.02800924,0.08923801,-0.05911567,0.033836704,0.0898768,0.05608132,0.028278185,-0.017622983,-0.03515635,0.050828133,-0.09238924,0.023850607,-0.010670053,0.048927274,0.07808709,-0.06085275,-0.0024550238,-0.036396336,-0.041521695
Brent_Crude_USD_bbl_Stoch_D_14,-0.008938726,0.024384541,0.04279854,-0.04553441,-0.012003959,0.10786203,-0.004107659,0.014152275,0.030986255,0.0911162,-0.05742854,0.029587545,0.08228142,0.047136903,0.0322786,-0.0121754715,-0.033382382,0.03376502,-0.07478023,0.016829342,-0.005499382,0.037742913,0.059724923,-0.055150896,0.0021802888,-0.018285638,-0.045378957
Brent_Crude_USD_bbl_Stoch_K_21,-0.010745528,0.026422631,0.046463203,-0.047456846,-0.012636649,0.10877901,-0.0078137275,0.011201433,0.033466507,0.080159895,-0.048419286,0.022887724,0.093933545,0.046958987,0.02006983,-0.0056904657,-0.01641334,0.05166564,-0.0831103,0.012827784,-0.0145231625,0.042463917,0.060106516,-0.046093564,-0.021856012,0.022453394,-0.026261782
Brent_Crude_USD_bbl_Stoch_D_21,-0.0105953235,0.02791106,0.048684683,-0.0500731,-0.013817875,0.11215626,-0.008245367,0.007098317,0.03517426,0.07735515,-0.043129556,0.016761363,0.08516894,0.037866205,0.021536237,-0.0001273142,-0.010746328,0.036601882,-0.0640147,0.00650412,-0.007983534,0.031773243,0.03985296,-0.037761103,-0.021436753,0.0446282,-0.022062633
Brent_Crude_USD_bbl_BB_mid_20,0.07497611,0.011078312,-0.039912086,-0.027759872,0.023169074,0.014197143,-0.031711925,-0.034954753,-0.039460387,-0.028761184,-0.0018177443,0.004636825,0.018176846,0.008640897,0.008830921,-0.016914507,0.0039186254,-0.014233147,0.019850196,0.02308555,0.010436043,-0.012184314,-0.00078516296,0.008908622,-0.012589018,0.0029060873,0.0050372304
Brent_Crude_USD_bbl_BB_upper_20,0.071811974,0.011883279,-0.048362695,-0.032581445,0.031017838,0.0068045873,-0.024758141,-0.030988712,-0.030285962,-0.030630982,-0.007884453,0.0065874555,0.015105608,0.009539223,0.024399923,-0.013795782,0.020830885,-0.019717805,0.019091101,0.023445709,0.0043254243,-0.010706009,0.0037772509,0.007413893,-0.011228861,-0.0052794837,0.01715997
Brent_Crude_USD_bbl_BB_lower_20,0.076326005,0.009884086,-0.029530505,-0.02169593,0.0139193,0.02189298,-0.03843303,-0.038312092,-0.048394836,-0.025901772,0.0048779836,0.0023695638,0.021027563,0.007413202,-0.008469702,-0.019852877,-0.014714464,-0.007824627,0.02012148,0.022039674,0.016834011,-0.013459563,-0.005759814,0.01029435,-0.013723485,0.0117890565,-0.008381896
Brent_Crude_USD_bbl_BB_width_20,-0.03631237,-0.0059093446,-0.050883483,-0.021261228,0.046001785,-0.05526129,0.04970638,0.042243373,0.07379361,0.03857348,-0.049277004,-0.002508945,-0.03834637,0.04454967,0.08240021,0.040228456,0.08391807,-0.009863005,-0.017905293,-0.0005468691,-0.048855502,0.017396403,0.024908451,0.0015285381,-0.0013818727,-0.021120042,0.060354475
Brent_Crude_USD_bbl_BB_pct_20,-0.0082007805,0.021331334,0.044829726,-0.04946092,-0.011713675,0.1102654,0.0032527621,0.0078215385,0.029840926,0.080628306,-0.063664936,0.035246786,0.10035127,0.056589443,0.036787402,-0.014279195,0.0049206032,0.030600864,-0.08442577,0.017668823,-0.016829481,0.0436937,0.07576052,-0.035950348,-0.0145526305,-0.022869714,-0.023297496
Brent_Crude_USD_bbl_BB_mid_40,0.07450052,0.006507137,-0.04815904,-0.020868441,0.02501949,0.0050269053,-0.032392126,-0.027642038,-0.039542962,-0.019247822,-0.007741094,0.008617168,0.015119868,0.0036770802,0.013080629,-0.016495574,-0.014236615,-0.024507087,0.014891203,0.026499236,0.0072727837,-0.015803106,0.0019040894,0.0019148829,-0.0032225077,-0.017149946,-0.004137558
Brent_Crude_USD_bbl_BB_upper_40,0.06953687,0.008478585,-0.05845023,-0.02960724,0.03662417,-0.0015975455,-0.021527218,-0.019804502,-0.026055267,-0.020108206,-0.01330194,0.011040937,0.014603046,0.010236401,0.03000857,-0.00757234,0.0051748496,-0.029655484,0.020972356,0.022705391,0.003087974,-0.014785613,-0.0046921438,-0.009340023,-0.011102456,-0.036143035,0.0022305832
Brent_Crude_USD_bbl_BB_lower_40,0.07650886,0.004048208,-0.03467021,-0.010335999,0.011156887,0.012051728,-0.042802457,-0.034954935,-0.052497007,-0.017419629,-0.0012937445,0.005565704,0.014990201,-0.003676875,-0.0060634674,-0.02551057,-0.03484395,-0.017740024,0.0075449245,0.0294355,0.0115219895,-0.01619039,0.009041786,0.014154915,0.005557152,0.0044435654,-0.010922579
Brent_Crude_USD_bbl_BB_width_40,-0.041989107,-0.0018423388,-0.03752066,-0.030693004,0.057377603,-0.032422774,0.05661191,0.05353931,0.08058514,0.037374962,-0.034234855,-0.0033198132,-0.016071096,0.059548162,0.052338235,0.0635631,0.0692866,0.0070743286,0.028452288,-0.028028302,-0.0064040255,0.0045396485,-0.040643845,-0.042841677,-0.048798367,-0.05704535,0.033500593
Brent_Crude_USD_bbl_BB_pct_40,-0.0044249846,0.026318496,0.053195223,-0.060407892,-0.017365107,0.109579355,-0.0043680146,-0.016695736,0.027570948,0.05527265,-0.039562594,0.012807458,0.07973941,0.075836666,0.019140372,-0.005172582,0.04265388,0.03902563,-0.03822876,0.017496966,-0.012706013,0.055034947,0.045490097,-0.0049292846,-0.040409405,0.0523132,0.004416746
Brent_Crude_USD_bbl_RealVol_5d,-0.023096787,0.0005340262,-0.051749237,-0.0046835374,0.05083606,-0.05968008,0.033464026,0.027944114,0.058573104,-0.0024935114,-0.024590807,-0.010577998,-0.028623844,0.024462845,0.09255639,0.045736194,0.07558274,-0.036392853,0.019412564,-0.033650838,-0.012370377,-0.009288051,-0.029579706,0.033940632,0.014628139,-0.0304537,0.044233162
Brent_Crude_USD_bbl_RealVol_10d,-0.028442187,-0.00054699497,-0.058486048,-0.006793013,0.056900293,-0.063100696,0.038076334,0.03696067,0.07389205,0.006270057,-0.0416823,-0.0026749363,-0.032254674,0.03659809,0.083231255,0.04526116,0.08066105,-0.022909762,0.013630208,-0.03630173,-0.025540506,-0.00027265877,-0.019751867,0.033205044,0.02615979,-0.052419078,0.0503017
Brent_Crude_USD_bbl_RealVol_21d,-0.033264007,-0.0017742601,-0.05927245,-0.012707468,0.057569604,-0.05075071,0.03833746,0.041466717,0.08973157,0.028480753,-0.051934585,0.011649175,-0.03235544,0.04936751,0.04974054,0.05087999,0.06396442,-0.003555781,0.029537022,-0.044294354,-0.018155176,0.0038410032,-0.021835385,0.021343637,0.03663257,-0.081321135,0.049185473
Brent_Crude_USD_bbl_RealVol_42d,-0.03812593,-0.00037824444,-0.04830153,-0.024512023,0.06410533,-0.019665537,0.03453994,0.045366414,0.09705886,0.036224324,-0.042454038,0.030025829,-0.044752445,0.057432506,0.005589155,0.049162544,0.05996708,0.04236195,0.049973004,-0.05001205,-0.017296648,-0.013196522,-0.02662552,0.0029311958,0.032788962,-0.07736256,0.06551534
Brent_Crude_USD_bbl_MOM_5d,-0.0011005121,0.011078829,0.031239986,-0.036128156,-0.0034096963,0.08404418,0.008658087,0.012053605,0.015163949,0.07712425,-0.0480976,0.047510255,0.06442566,0.052674003,0.017897114,-0.039781198,-0.020048534,0.050494913,-0.087600954,0.020949362,-0.02355215,0.03965641,0.1065651,-0.027087528,0.031357083,-0.09749133,-0.05309474
Brent_Crude_USD_bbl_ROC_5d,-0.0035623517,0.009156537,0.030101847,-0.03598388,0.00054030045,0.08227641,0.0047840388,0.017227843,0.020253742,0.08244911,-0.04078736,0.058362506,0.051929854,0.061272737,-0.013966217,-0.04091471,-0.02184593,0.07149048,-0.057741962,0.016612088,-0.023309678,0.028587414,0.08350902,-0.011550268,0.04025788,-0.11415362,-0.005975409
Brent_Crude_USD_bbl_MOM_10d,0.00028590285,0.017313631,0.044339146,-0.04996247,-0.0056271898,0.11211284,0.011055617,0.0024274988,0.020188332,0.08133637,-0.046340562,0.04252459,0.069940865,0.047504958,0.010509597,-0.024533002,-0.005808894,0.052792985,-0.05616335,-0.016843103,0.0017733115,0.02334406,0.04884165,-0.036190685,0.0164458,-0.06383044,-0.028424483
Brent_Crude_USD_bbl_ROC_10d,-0.0039979992,0.013625091,0.041605923,-0.048921254,-0.0019514803,0.10764062,0.0044099633,0.009629878,0.026163671,0.08867729,-0.035598528,0.055488065,0.05013892,0.055550717,-0.029644573,-0.033371888,-0.01061526,0.079886355,-0.024644904,-0.013729088,0.0020074802,0.013093332,0.016850445,-0.02326329,0.027944807,-0.08132397,0.025565118
Brent_Crude_USD_bbl_MOM_21d,0.0033599108,0.02544161,0.05481651,-0.058072336,-0.009027506,0.10946268,0.009220287,-0.016445968,0.018337226,0.026227066,-0.018083487,0.012354074,0.06355796,0.048052378,-0.013616691,-0.009429384,0.06657318,0.07978405,-0.012153086,-0.044735666,0.025221212,0.029775035,-0.0213099,-0.0003014024,-0.031854555,0.06547909,0.020167064
Brent_Crude_USD_bbl_ROC_21d,-0.002690668,0.021153923,0.054849986,-0.05728068,-0.0032820306,0.10865536,0.0005251801,-0.0035135085,0.017689168,0.032620877,-0.0005349869,0.028364213,0.03809856,0.04167957,-0.03907165,-0.027432112,0.05799335,0.109146416,0.02371038,-0.024640242,0.023022342,0.009016395,-0.04470549,0.00079787563,-0.031426787,0.049923506,0.073912054
Brent_Crude_USD_bbl_MOM_42d,0.00963283,0.0359497,0.061737366,-0.053177558,-0.0069793747,0.08492873,0.0071568657,-0.05313481,-0.004727154,-0.039929178,0.033099808,-0.006677752,0.045607213,0.04452089,-0.01863588,-0.013931079,0.08119102,0.07061447,0.01816343,-0.004508667,-0.00043490226,0.035458572,0.028656872,0.030254606,-0.05990521,0.059331473,0.023933679
Brent_Crude_USD_bbl_ROC_42d,-0.0003626814,0.030534241,0.06458665,-0.050215263,0.005195752,0.08590084,-0.00092960394,-0.026021034,-0.0023450933,-0.047692146,0.0509108,-0.002527692,0.038395315,0.031719543,-0.033885613,-0.033659194,0.07326666,0.08266103,0.0427608,0.03099717,0.020414127,-0.013857762,0.021030411,0.020869877,-0.0889676,0.03975983,0.047698915
Brent_Crude_USD_bbl_MOM_62d,0.016024677,0.044467084,0.062315032,-0.036431674,-0.0034526708,0.063471064,0.0028200573,-0.061122682,-0.0143881235,-0.08601959,0.041399606,-0.0067680376,0.03451886,0.019797128,0.032238133,-0.00073200424,0.031749416,0.03956824,0.0018022268,0.04855171,-0.00051785354,0.036462873,0.03507859,0.0152478665,-0.021136113,0.003996069,0.007675169
Brent_Crude_USD_bbl_ROC_62d,0.004449406,0.038637027,0.0650189,-0.035925936,-0.00035518626,0.062010553,-0.011475798,-0.042197812,-0.0021735972,-0.09699244,0.06922369,-0.013826311,0.04349995,0.00836184,0.0048324727,-0.02004176,0.020214176,0.024565097,0.014438801,0.07014706,0.024333963,0.004255225,0.03569414,0.027148431,-0.059481084,-0.02780711,0.0030319255
Brent_Crude_USD_bbl_Zscore_21d,-0.008091876,0.021702463,0.045607235,-0.05028165,-0.011935462,0.11132704,0.0027057824,0.006609873,0.030292574,0.07924585,-0.062852696,0.03366416,0.10051264,0.056566603,0.03507313,-0.013177406,0.0076813065,0.030514121,-0.081951,0.016618652,-0.015909683,0.043160275,0.073664494,-0.033803686,-0.016503131,-0.015969831,-0.019916693
Brent_Crude_USD_bbl_Zscore_63d,-0.0009116372,0.03557402,0.060041487,-0.056202784,-0.015453838,0.09581314,-8.951798e-06,-0.027534759,0.014214265,0.026657749,-0.016724763,0.0038134302,0.06540628,0.08089478,0.02206525,0.00076332194,0.057630155,0.03592963,-0.007034636,0.024034044,-0.0002944905,0.063533306,0.02156875,0.0130578205,-0.05093513,0.0763331,0.0038681114
Brent_Crude_USD_bbl_PctFrom52wHigh,0.048076775,0.04234541,0.041075222,0.005835914,-0.055408467,0.029744811,0.015392241,-0.03210364,-0.06193818,-0.0031151834,-0.031215323,-0.00080902554,0.058812957,0.07411149,0.018138023,-0.022483775,0.026403906,0.0004797862,0.014283902,0.03574059,-0.0102018975,-0.0072748163,0.017535945,0.034487758,-0.072703876,0.023367828,0.0033984086
Brent_Crude_USD_bbl_PctFrom52wLow,-0.029243346,0.059320915,0.047367137,-0.017634012,-0.005667361,-0.014343452,-0.02131491,0.01809316,0.040514454,-0.018828018,0.066797614,0.029887475,0.090093985,0.016212242,0.035953686,-0.035160005,-0.0007793537,-0.0052245255,0.00085316814,0.022268435,-0.008515051,0.052040324,-0.062775716,0.10894463,-0.04600793,-0.031492498,0.04575196
Brent_Crude_USD_bbl_Spread_EMA12_EMA26,0.008206801,0.034786925,0.06338235,-0.05917473,-0.009710283,0.10223049,0.007524689,-0.041295074,0.0072147455,-0.017512983,0.010873188,-0.0008363164,0.050992355,0.042296,-0.013068086,-0.0035648574,0.08001096,0.06662602,0.012947421,-0.030761614,0.023760824,0.02739597,-0.014910721,0.014211991,-0.04349985,0.07620187,0.027768148
Brent_Crude_USD_bbl_Dist_from_EMA26,0.0043408168,0.024228023,0.064324796,-0.05501841,-0.010257336,0.122988224,-0.0074493224,-0.0095956335,0.0048804907,0.03808654,-0.0014864703,0.04716005,0.05899789,0.044741638,-0.04521876,-0.046821974,0.0207267,0.10148433,-0.0061703976,0.0031496757,0.013432012,0.013655939,0.014991231,-0.0046326155,-0.008050881,-0.024830356,0.04492402
Platts_HFO380_SIN_ext_USD_t_EMA_5,0.07574897,0.011756206,-0.0036477044,-0.022680258,0.011982885,0.033176526,0.0038826594,-0.06365234,-0.00941345,-0.033961494,-0.0006158553,0.0010856658,-0.013847472,0.010700009,0.06562826,0.054865777,0.025281508,0.0056506107,0.030359391,-0.0060875723,-0.025916934,0.0057727494,-0.023022328,-0.011926508,0.024032246,-0.015432929,0.01691649
Platts_HFO380_SIN_ext_USD_t_EMA_12,0.076552175,0.010431725,-0.00861913,-0.015544261,0.013253399,0.023820149,0.0020145508,-0.06450652,-0.012325011,-0.040257502,0.0018310113,0.0023928,-0.0059252027,0.017389769,0.06041756,0.05697995,0.026323874,0.013529737,0.024986297,-0.0042223884,-0.024868181,0.0076645482,-0.021293791,-0.013745791,0.020641487,-0.012536179,0.019335063
Platts_HFO380_SIN_ext_USD_t_EMA_26,0.077472925,0.0075861653,-0.016507706,-0.0060528996,0.014534783,0.015262798,-0.0009975592,-0.06171342,-0.015076918,-0.039620757,-0.0019662625,0.010480782,0.0073054037,0.028395891,0.05689814,0.05368114,0.02045354,0.015639098,0.01637771,0.0012833254,-0.021534996,0.008226516,-0.013733851,-0.016407633,0.021649586,-0.01534194,0.016210731
Platts_HFO380_SIN_ext_USD_t_EMA_50,0.078027695,0.0022709863,-0.026637781,0.0012049702,0.014712789,0.0107921325,-0.003816112,-0.053466182,-0.017935798,-0.030011393,-0.011693586,0.021539403,0.018930161,0.03877004,0.05108414,0.04066155,0.015873984,0.010309335,0.01585329,0.0053980816,-0.015162886,0.0012026209,-0.00975672,-0.01574014,0.023296187,-0.016320854,0.013298875
Platts_HFO380_SIN_ext_USD_t_MACD,0.0055737677,0.024412634,0.06134957,-0.0781828,-0.007967357,0.072142065,0.024319494,-0.033108965,0.019831037,-0.011855647,0.030539606,-0.06398626,-0.1063304,-0.08469029,0.03820289,0.035867997,0.051171612,-0.014512461,0.07274601,-0.04454391,-0.030728055,-0.003182017,-0.0637755,0.01887425,-0.004546298,0.020223921,0.0281328
Platts_HFO380_SIN_ext_USD_t_MACD_signal,0.00782731,0.026410157,0.05868533,-0.06714803,-0.0037960722,0.0472158,0.023513572,-0.04743935,0.011422582,-0.04792793,0.05538647,-0.079616226,-0.10007809,-0.07922426,0.02333161,0.057407185,0.069427416,0.024114221,0.061260436,-0.046220653,-0.037617464,0.009000185,-0.06419072,0.015044563,-0.024918303,0.033313744,0.045776024
Platts_HFO380_SIN_ext_USD_t_MACD_hist,-0.0057498435,-0.0012445786,0.02023756,-0.049020197,-0.014260027,0.09006525,0.007261588,0.0370251,0.029490724,0.10734031,-0.06951068,0.034868553,-0.040045924,-0.033374004,0.05277657,-0.058399133,-0.045388512,-0.12032379,0.049314886,-0.0037129528,0.014870309,-0.03767225,-0.011353635,0.015378872,0.06104611,-0.035801556,-0.04808256
Platts_HFO380_SIN_ext_USD_t_RSI_14,-0.0013760517,0.023947787,0.05805636,-0.07901888,-0.018147185,0.10620717,0.008589039,-0.007732981,0.029158844,0.061301805,-0.0042757746,-0.020206193,-0.069142655,-0.05317432,0.05687901,-0.00032496947,-0.018697431,-0.07102891,0.034173176,0.03584609,-0.049315546,-0.019320043,-0.025161752,0.012655655,0.004373891,0.037816245,0.006937969
Platts_HFO380_SIN_ext_USD_t_Stoch_K_14,-0.0066135647,0.01563138,0.040368363,-0.06077032,-0.015455932,0.10485131,0.008613336,0.0131376535,0.039395887,0.08747701,-0.040316317,0.008484758,-0.036883224,-0.04367235,0.06329629,-0.02667941,-0.07225967,-0.088560954,0.018741554,0.050132416,-0.040778987,-0.038328983,0.018064441,-0.009630838,0.045883622,-0.012144632,-0.040230352
Platts_HFO380_SIN_ext_USD_t_Stoch_D_14,-0.0064367233,0.016779814,0.042182345,-0.06357427,-0.017096022,0.10556908,0.0089567015,0.0090441555,0.040719595,0.08139493,-0.03459076,0.0013868927,-0.046825264,-0.05154263,0.059494704,-0.01813715,-0.063024946,-0.09417456,0.031088177,0.03988787,-0.0358056,-0.0459486,-0.009416588,-0.0060772253,0.044239104,0.009646764,-0.03359287
Platts_HFO380_SIN_ext_USD_t_Stoch_K_21,-0.0068842894,0.018257195,0.047983475,-0.07109735,-0.018394018,0.10196432,0.007861106,0.005601059,0.041476548,0.07251061,-0.026844215,0.0022150178,-0.054555576,-0.06421312,0.056870595,-0.019356787,-0.05023944,-0.09732074,0.034479726,0.04336447,-0.043138344,-0.041236915,-0.018966815,0.002617495,0.03809454,0.0355133,-0.0075954734
Platts_HFO380_SIN_ext_USD_t_Stoch_D_21,-0.006520878,0.019126654,0.049069624,-0.07247626,-0.019385895,0.09892086,0.008112387,0.00095992064,0.04114848,0.06289036,-0.019131696,-0.004518313,-0.06318245,-0.06921933,0.0506524,-0.011603272,-0.037387487,-0.096463375,0.043623418,0.032998573,-0.03874818,-0.046142604,-0.044212837,0.006771459,0.034013785,0.055587385,0.00092578057
Platts_HFO380_SIN_ext_USD_t_BB_mid_20,0.07666609,0.0088295955,-0.014172321,-0.007047983,0.014817406,0.0131846,-6.559853e-05,-0.06452156,-0.015853433,-0.045767922,0.0038523471,0.00513087,0.00418067,0.026040072,0.05483388,0.0573993,0.025199534,0.022716995,0.015150337,0.000483712,-0.024386022,0.010279214,-0.012939024,-0.01590119,0.017488642,-0.014103977,0.020178866
Platts_HFO380_SIN_ext_USD_t_BB_upper_20,0.070623,0.011454953,-0.026330251,-0.003902023,0.024548417,0.019089287,0.003189059,-0.0746645,-0.01730563,-0.049744148,-0.0074966755,0.009588793,0.0067745433,0.024427338,0.06260278,0.059156653,0.051821295,0.023387015,0.019060249,0.0014928157,-0.018804992,0.01058563,-0.0036737288,-0.003477303,0.03075721,-0.021976229,0.035210375
Platts_HFO380_SIN_ext_USD_t_BB_lower_20,0.079401754,0.005485976,-5.500172e-05,-0.010152953,0.003340509,0.0060060276,-0.0036473433,-0.050049286,-0.01344315,-0.039047103,0.016156798,-4.2183045e-05,0.0011096046,0.026484808,0.043471787,0.052527927,-0.005414372,0.020817129,0.010068551,-0.00065265666,-0.029286584,0.009415953,-0.022483509,-0.028773401,0.0019782512,-0.0047110138,0.0025889406
Platts_HFO380_SIN_ext_USD_t_BB_width_20,-0.041085128,0.0030394313,-0.05846975,0.012894994,0.04743624,0.016692333,0.02789115,-0.027593348,0.005829071,0.00954521,-0.063717,0.01113869,-0.020200681,0.016340597,0.04004693,0.011461232,0.115893,0.019230543,0.015157092,0.011551358,0.017294552,0.0025375069,0.05871185,0.057557404,0.035577808,-0.019198444,0.070637286
Platts_HFO380_SIN_ext_USD_t_BB_pct_20,-0.00731173,0.016651973,0.04670947,-0.070179306,-0.014410175,0.110706925,0.009170899,0.0074466285,0.032810073,0.0810998,-0.037460938,0.0075255358,-0.034833085,-0.04318691,0.074461915,-0.026583657,-0.03944166,-0.10633138,0.031867005,0.047186013,-0.036772247,-0.048194826,-0.003813905,0.013983497,0.03971839,-0.0016470621,-0.017447427
Platts_HFO380_SIN_ext_USD_t_BB_mid_40,0.07699161,0.004597471,-0.024352696,0.0050177774,0.016012684,0.0073919953,-0.004504016,-0.057283405,-0.016798807,-0.036411915,-0.008292294,0.021231772,0.023841709,0.039827704,0.055702876,0.049368612,0.0077334964,0.01378568,0.0032022968,0.008271222,-0.016327223,0.011660081,-0.0023915404,-0.021311788,0.024540221,-0.023317024,0.0070722736
Platts_HFO380_SIN_ext_USD_t_BB_upper_40,0.06789498,0.00875903,-0.041886516,0.005889558,0.029309079,0.018408166,0.0012991375,-0.069910765,-0.015212484,-0.04425058,-0.021507738,0.03190824,0.02497065,0.045483194,0.06330021,0.050572548,0.035013683,0.005769387,0.022465186,0.0058483733,-0.009336614,0.017463299,-0.009191866,-0.015492871,0.029239453,-0.030063484,0.0075842696
Platts_HFO380_SIN_ext_USD_t_BB_lower_40,0.081013225,-0.0005086605,-0.0024306418,0.0036155437,-0.00041002908,-0.005732501,-0.010728871,-0.0382357,-0.01722356,-0.02451777,0.0074050673,0.007358173,0.020603266,0.030134458,0.042500634,0.04395103,-0.023900537,0.02176416,-0.018949693,0.010345984,-0.022931727,0.004109258,0.005532131,-0.026176026,0.017187338,-0.013738139,0.005910373
Platts_HFO380_SIN_ext_USD_t_BB_width_40,-0.04850596,0.0050484706,-0.05927478,0.003226976,0.057967182,0.03531071,0.03869551,-0.020075189,0.02244101,-0.004009515,-0.058652587,0.019215677,-0.0142123485,0.04398565,0.018629448,0.022012748,0.08873721,-0.003880587,0.07407282,-0.009761381,0.036262747,0.0033313646,-0.022567166,0.01587554,-0.017805185,-0.016947027,-0.00024545315
Platts_HFO380_SIN_ext_USD_t_BB_pct_40,-0.0050195255,0.02233133,0.054796644,-0.08267436,-0.016364682,0.095494464,0.008532287,-0.015233537,0.031714085,0.05820231,-0.0054772594,-0.026416708,-0.06814073,-0.060554925,0.051084805,-0.011170926,0.004272971,-0.06987381,0.036027197,0.023143662,-0.047287606,-0.029229635,-0.03676314,0.027092978,0.018564211,0.045472007,0.021300089
Platts_HFO380_SIN_ext_USD_t_RealVol_5d,-0.033355013,0.0012002733,-0.053938486,0.003014115,0.049946617,-0.019677604,0.023692576,-0.0046450323,0.017416118,-0.007405843,-0.05139466,-0.005416392,-0.027435461,0.026046386,0.04080465,-0.012123716,0.11423497,0.011800649,0.0060911854,0.008554335,-0.036476288,-0.0022336144,0.013173131,0.046695407,0.01833556,-0.013965519,0.071648374
Platts_HFO380_SIN_ext_USD_t_RealVol_10d,-0.03939498,0.00088909914,-0.062427584,0.0026216595,0.056030817,-0.015006092,0.023197636,-0.0060359533,0.0243348,-0.0057154237,-0.065620854,-0.001572442,-0.03003136,0.029187376,0.04255748,-0.014880853,0.12503141,0.021514121,0.0069234762,0.010587054,-0.033094723,-0.0051276395,0.028932113,0.04476259,0.03510883,-0.032565534,0.075213656
Platts_HFO380_SIN_ext_USD_t_RealVol_21d,-0.046565264,-0.00037793478,-0.06655196,-0.0005315384,0.0581063,5.000035e-05,0.023837348,-0.009467758,0.03368858,0.011631987,-0.07153006,0.006139935,-0.02619224,0.031302992,0.019473707,-0.0027191835,0.105729505,0.022051148,0.041610934,-0.0015733975,-0.0041008764,-0.00487322,0.020876518,0.031474307,0.04196993,-0.057043605,0.052702256
Platts_HFO380_SIN_ext_USD_t_RealVol_42d,-0.05270628,-0.0002152288,-0.060638346,-0.0050036516,0.063406125,0.020599103,0.022517025,-0.012323221,0.03406182,0.01053363,-0.05760565,0.01932541,-0.031363275,0.031530164,-0.022237744,0.010936007,0.07823049,0.033178784,0.07050257,-0.007443112,0.018832149,-0.007445431,0.010623407,0.0020974209,0.025487535,-0.06804138,0.03709138
Platts_HFO380_SIN_ext_USD_t_MOM_5d,-0.0017457776,0.008199731,0.034179777,-0.051459767,-0.0063433275,0.08554326,0.013374406,0.017119909,0.020674046,0.082714856,-0.045990597,0.023184588,-0.03626081,-0.026266538,0.064350665,-0.045313746,-0.05389874,-0.07531598,-0.0063095987,0.027964238,-0.019255275,-0.003620667,0.07848349,0.009245576,0.05459951,-0.097717516,-0.06171889
Platts_HFO380_SIN_ext_USD_t_ROC_5d,-0.003151669,0.008357253,0.036214802,-0.050501555,-0.0022990406,0.09515154,0.00744202,0.016905705,0.02393098,0.08550887,-0.041321054,0.034313507,-0.032866232,-0.017224493,0.04094104,-0.048618212,-0.052877557,-0.047810294,-0.0017187968,0.035291262,-0.020467767,-0.018018806,0.076294154,0.017234636,0.064542815,-0.10389311,-0.03765679
Platts_HFO380_SIN_ext_USD_t_MOM_10d,-0.0008310326,0.011726901,0.043593023,-0.06610019,-0.010226282,0.09832682,0.016613556,0.008064177,0.028269887,0.07487495,-0.036674146,0.0021735705,-0.06492157,-0.05805168,0.065229245,-0.024379026,-0.03135347,-0.08985081,0.04486962,-0.011463111,-0.009143534,-0.018498052,0.002757269,0.008190925,0.043930117,-0.05979625,-0.03878446
Platts_HFO380_SIN_ext_USD_t_ROC_10d,-0.0032164648,0.0115504945,0.045316823,-0.06249867,-0.005325516,0.110451736,0.008119662,0.006252182,0.0304803,0.07828649,-0.028482245,0.017145637,-0.055862144,-0.04453482,0.03278359,-0.030145854,-0.03115705,-0.053941328,0.04788461,0.0019713666,-0.0044224304,-0.0359194,-0.0021940628,0.015292511,0.053078663,-0.059440706,-0.014241257
Platts_HFO380_SIN_ext_USD_t_MOM_21d,0.0016460597,0.016990338,0.052590176,-0.079395495,-0.013664389,0.084886186,0.020007825,-0.007941626,0.026749153,0.02460264,-0.002762334,-0.0395645,-0.10227319,-0.07609032,0.042708427,0.00041903212,0.04004255,-0.045798283,0.0801156,-0.03610746,-0.020032702,-0.015505149,-0.07510551,0.029701555,0.01640919,0.03748709,0.023495365
Platts_HFO380_SIN_ext_USD_t_ROC_21d,-0.0022590936,0.016555486,0.0542532,-0.07264838,-0.006186638,0.09936431,0.008700449,-0.008439741,0.027081132,0.020269495,0.010319732,-0.019725654,-0.089734904,-0.060374282,0.014478419,-0.01255999,0.040393483,-0.015463675,0.08971123,-0.011228172,0.0029138543,-0.034939308,-0.07439297,0.025908869,0.009212081,0.04384497,0.050757494
Platts_HFO380_SIN_ext_USD_t_MOM_42d,0.0069074426,0.026691686,0.062907286,-0.070086755,-0.00037686268,0.0614723,0.027645994,-0.04549163,0.006527874,-0.025742041,0.049937483,-0.06852971,-0.089406736,-0.07385987,0.031034952,0.037917566,0.036532465,0.020002143,0.044650793,-0.030086335,-0.047458317,0.015967028,-0.006503369,0.0040879347,-0.030995253,-0.038526032,0.009049288
Platts_HFO380_SIN_ext_USD_t_ROC_42d,0.0017933974,0.02660388,0.06599392,-0.06358181,0.0076073445,0.07391418,0.0116835795,-0.037634525,0.0141372755,-0.048638657,0.074601226,-0.057345863,-0.06926272,-0.062699564,0.00090978283,0.009470331,0.034503236,0.0204822,0.057339747,0.010479844,-0.024433553,-0.020751685,-0.0047505205,-0.0029103805,-0.06546437,-0.032539226,0.012968991
Platts_HFO380_SIN_ext_USD_t_MOM_62d,0.01252292,0.033220116,0.063579306,-0.048061572,0.010615072,0.045093488,0.022248102,-0.06153294,0.012101489,-0.06267249,0.054575484,-0.06854929,-0.060290836,-0.073669806,0.06864078,0.084852904,0.009959888,0.024097435,-0.022567177,-0.014116669,-0.039693333,0.053085823,0.023064584,-0.0095738135,-0.0060258284,-0.046861634,-0.0009685239
Platts_HFO380_SIN_ext_USD_t_ROC_62d,0.0065649515,0.033292666,0.06524087,-0.0441677,0.010783868,0.053859264,0.0008123313,-0.055262353,0.023201263,-0.0834169,0.09133435,-0.0555491,-0.0439978,-0.06265346,0.0416044,0.046437,-0.0036399772,0.0038155478,-0.0098055545,0.023141641,-0.011852909,0.026103454,0.031411298,-0.0038154097,-0.021504417,-0.06887845,-0.0043113614
Platts_HFO380_SIN_ext_USD_t_Zscore_21d,-0.0074692364,0.016960181,0.04775276,-0.07136173,-0.01462079,0.11087347,0.009174388,0.0065484038,0.032709908,0.07925663,-0.03513,0.0061134505,-0.035742164,-0.044970438,0.0726122,-0.026096152,-0.036343906,-0.105844185,0.032589696,0.04613049,-0.038419895,-0.0490464,-0.007861639,0.015095519,0.038505953,0.0037101351,-0.01536334
Platts_HFO380_SIN_ext_USD_t_Zscore_63d,-0.002068449,0.031217575,0.0622299,-0.07328397,-0.009484792,0.08234573,0.014173249,-0.032239042,0.024542728,0.04333075,0.02335676,-0.04833499,-0.07238814,-0.0642698,0.053409398,0.0042652893,0.009573378,-0.022359135,0.026942551,0.0152212465,-0.031519454,0.0060754693,-0.037215672,0.014776439,-0.017813854,0.03755883,0.027779412
Platts_HFO380_SIN_ext_USD_t_PctFrom52wHigh,0.052465137,0.029071692,0.063244596,0.003808381,-0.051038615,0.00011688124,0.022584746,-0.031747635,-0.012811967,0.0123433685,-0.0038620664,0.008500297,0.007589078,0.01430366,0.10185641,0.05386527,0.04055043,-0.008316987,0.0066845054,-0.018976916,-0.04396217,0.020575397,-0.03663929,0.017410526,-0.0040335488,0.011835364,0.03322867
Platts_HFO380_SIN_ext_USD_t_PctFrom52wLow,-0.026725141,0.056657445,0.058773175,-0.027177798,-0.0035396738,-0.0092049055,-0.02942289,-0.00694893,0.031341817,-0.033853255,0.06392138,0.012469327,0.054876264,-0.010544559,0.06592566,0.016261976,-0.009922871,-0.016250828,0.0012114663,0.017502407,-0.031202495,0.0567152,-0.0807025,0.10137247,-0.021829573,-0.036968492,0.033658013
Platts_HFO380_SIN_ext_USD_t_Spread_EMA12_EMA26,0.0055737677,0.024412634,0.06134957,-0.0781828,-0.007967357,0.072142065,0.024319494,-0.033108965,0.019831037,-0.011855647,0.030539606,-0.06398626,-0.1063304,-0.08469029,0.03820289,0.035867997,0.051171612,-0.014512461,0.07274601,-0.04454391,-0.030728055,-0.003182017,-0.0637755,0.01887425,-0.004546298,0.020223921,0.0281328
Platts_HFO380_SIN_ext_USD_t_Dist_from_EMA26,0.0032671196,0.019326644,0.06634817,-0.07585356,-0.0095133595,0.11235422,0.0056457906,-0.0070482907,0.024697104,0.038418587,0.010166086,-0.0067667793,-0.073666774,-0.06359797,0.022498233,-0.022114176,-0.006937439,-0.032233316,0.058185108,0.009175184,-0.012768364,-0.030781073,-0.014023114,0.016280068,0.024814947,-0.028726824,0.00875977
C5_FFA_C5_1MON_EMA_5,0.054736085,0.055322465,0.0065580695,0.061178423,0.020304143,0.025555277,0.01497408,-0.007854574,0.034557942,-0.026390905,-0.013411271,0.0082728,-0.033493854,0.039478812,-0.01343414,-0.031701673,-0.008305759,-0.023696221,-0.012269616,-0.020395083,0.0014132588,-0.008300359,0.00043154648,0.0010957147,0.011203378,0.023807682,-0.007311849
C5_FFA_C5_1MON_EMA_12,0.055683292,0.05463904,-0.0017616593,0.0627827,0.006978261,0.025705522,0.008832815,-0.0071997824,0.041944247,-0.030111827,-0.013043938,0.0071703303,-0.033440955,0.03737654,-0.011565439,-0.033893432,-0.009344529,-0.013991661,-0.0061074714,-0.016527852,-0.00086004013,-0.0021664891,0.0014392892,-0.0014286998,0.008387093,0.022168737,-0.0070345807
C5_FFA_C5_1MON_EMA_26,0.057012152,0.052699037,-0.01428065,0.062807925,-0.009983394,0.025870116,0.0052395375,-0.0017894775,0.040160596,-0.025730025,-0.0049135243,0.017702222,-0.034650113,0.03808726,-0.0037085498,-0.029324869,-0.016841033,-0.0057126665,0.0074933926,-0.008900236,-0.0044029146,-0.0017985,0.0100899665,0.00052498234,0.007783352,0.022183709,-0.0063079065
C5_FFA_C5_1MON_EMA_50,0.058701105,0.048954394,-0.02902321,0.056627583,-0.023771994,0.026459698,0.009520436,0.010611022,0.026229987,-0.015343511,0.005749492,0.032574892,-0.031591155,0.03999867,0.007030394,-0.027321223,-0.02176733,-0.0021831442,0.013878576,-0.010107034,-0.0073725474,-0.0117409695,0.010871001,0.0021084375,0.0023693403,0.024014782,-0.006253923
C5_FFA_C5_1MON_MACD,0.0045459056,0.023720538,0.073932335,0.013871861,0.10226056,0.0047635795,0.023305988,-0.03372917,0.019957304,-0.032740187,-0.051183663,-0.06092689,-0.0002892689,0.0041273865,-0.049229626,-0.034693267,0.042420186,-0.05227735,-0.082113035,-0.04897679,0.020842303,-0.0026688161,-0.051038034,-0.01191811,0.005457428,0.0048622754,-0.0058853286
C5_FFA_C5_1MON_MACD_signal,0.0060928436,0.026108744,0.06728403,0.021601526,0.08327671,0.005392444,0.0044862963,-0.045244638,0.056853782,-0.05645786,-0.065204315,-0.08676151,0.000950747,-0.0054203696,-0.058519457,-0.049955968,0.05062717,-0.029453715,-0.07822643,-0.043460943,0.022886928,0.027279358,-0.04953961,-0.02131615,-0.002828706,-0.0009774112,-0.0017082546
C5_FFA_C5_1MON_MACD_hist,-0.0037685623,-0.002490605,0.03481667,-0.020592362,0.07773302,-0.00095107855,0.06150811,0.028075619,-0.10750985,0.06514284,0.032167632,0.065923676,-0.0038044397,0.029671518,0.018262835,0.039206207,-0.01634752,-0.079377525,-0.02810153,-0.026423424,-0.0020258978,-0.09102256,-0.014695155,0.026022617,0.026124584,0.018613713,-0.013793844
C5_FFA_C5_1MON_RSI_14,0.011466608,0.019813415,0.07763304,0.010836663,0.10640881,-0.0021121972,0.037811108,0.0009441019,-0.028987339,0.0141674755,0.0049547423,0.0005341291,0.007173948,0.03837079,-0.042817034,0.03550032,0.0033322747,-0.05519386,-0.027265834,-0.0118381055,0.10181368,-0.004359133,0.0026799135,0.022316534,0.057503432,-0.025322251,0.019612283
C5_FFA_C5_1MON_Stoch_K_14,0.0056897737,0.007864692,0.05962942,0.007025871,0.08892745,-0.0078875655,0.05160252,0.009891654,-0.06674756,0.049843263,0.04048948,0.04876545,-0.0063581774,0.055677973,-0.0105982395,0.067049675,-0.011709437,-0.06487182,-0.0056589684,-0.0012172721,0.09110353,-0.0071073184,0.046446495,0.048097983,0.046592414,0.006132046,0.036534224
C5_FFA_C5_1MON_Stoch_D_14,0.006611024,0.008860502,0.062635034,0.011000329,0.0942748,-0.0068461155,0.05314198,0.012359396,-0.06357793,0.042647142,0.034573354,0.04043973,-0.004531868,0.049861934,-0.010949223,0.057372514,-0.007115682,-0.06562136,-0.01857824,-0.00941873,0.08134416,-0.016572276,0.012898898,0.03656206,0.045860413,-0.00010580945,0.028895464
C5_FFA_C5_1MON_Stoch_K_21,0.0063174763,0.011211655,0.06818825,0.0091263605,0.09891953,-0.0073898486,0.055509783,0.0048084063,-0.052581348,0.034677494,0.025877751,0.022918332,-0.0044001965,0.053584907,-0.014973416,0.044247866,0.0065946747,-0.06390712,-0.042530637,-0.025252815,0.10144567,-0.012993548,-0.0047835396,0.034550283,0.050637897,-0.009493689,0.016221855
C5_FFA_C5_1MON_Stoch_D_21,0.0070922365,0.012100475,0.06934129,0.012883982,0.10044873,-0.0064904043,0.0545697,0.005285609,-0.045302697,0.025118297,0.017791668,0.011058371,-0.0022378021,0.04621409,-0.016005436,0.03245306,0.013684571,-0.061316,-0.054578293,-0.033787005,0.09302257,-0.019093677,-0.037068143,0.021265274,0.04796166,-0.014976636,0.010221576
C5_FFA_C5_1MON_BB_mid_20,0.05577867,0.052843746,-0.011734765,0.06314724,-0.009744172,0.025434596,0.0012293818,-0.0068857055,0.049743462,-0.03201627,-0.010629776,0.007514727,-0.032933604,0.034930613,-0.008578462,-0.03365448,-0.012313613,-0.0020936294,0.0055155717,-0.008619225,-0.00015670083,0.0070678038,0.012281988,-0.0014757985,0.005546086,0.020136224,-0.0029481458
C5_FFA_C5_1MON_BB_upper_20,0.052640952,0.05591777,-0.012414728,0.052822072,-0.0064297197,0.024123482,0.015297495,0.00914762,0.04925375,-0.042149425,0.0027434987,-0.011547339,-0.027516922,0.045750797,-0.002677025,-0.037630163,-0.0058411956,0.015953442,0.017624017,0.0120209465,0.005429499,0.013244383,0.019825479,0.010607662,0.015964337,0.018684577,-0.0010888887
C5_FFA_C5_1MON_BB_lower_20,0.05558063,0.04473617,-0.009937862,0.0717944,-0.013333056,0.025187554,-0.017291993,-0.027354466,0.04654311,-0.016271202,-0.027325315,0.03190202,-0.03748484,0.018060742,-0.015645675,-0.025847966,-0.019840192,-0.025570057,-0.0107701495,-0.034988202,-0.0074614375,-0.0015682615,0.0014529681,-0.017188884,-0.008528175,0.02048256,-0.0051557696
C5_FFA_C5_1MON_BB_width_20,-0.008862929,0.022316772,-0.0015441774,-0.036404494,0.026289027,-0.014142699,0.06293268,0.07454489,0.01699207,-0.046973616,0.051590245,-0.08086144,0.010933021,0.06875028,0.039324004,-0.032928772,0.023144785,0.07053564,0.06657645,0.08517125,0.035671636,0.015240103,0.034264605,0.04059467,0.031949293,-0.01241702,0.02104513
C5_FFA_C5_1MON_BB_pct_20,0.006080144,0.011347639,0.06671459,0.0013745335,0.093462974,-0.0043572304,0.05582039,0.016919099,-0.06486742,0.04567904,0.031986646,0.030512117,0.0015566336,0.05666536,-0.009318083,0.060197014,-0.011339014,-0.065502495,-0.016020318,-0.013056967,0.08833492,-0.026615249,0.042730566,0.04207316,0.062113877,-0.015514139,0.015523183
C5_FFA_C5_1MON_BB_mid_40,0.05643527,0.048751384,-0.027130112,0.061651602,-0.027193597,0.02530726,0.0020193544,0.004768192,0.03269392,-0.016602177,0.008698404,0.035803743,-0.038422816,0.038582657,0.008066992,-0.015825132,-0.030656498,0.00024405455,0.028522056,0.005072537,-0.012651173,-0.0032061422,0.023832487,0.0070247417,0.011987626,0.022440406,-0.0073703504
C5_FFA_C5_1MON_BB_upper_40,0.051577218,0.052983906,-0.028880209,0.046706617,-0.022764446,0.023605548,0.022803072,0.02245704,0.035676554,-0.037809163,0.01444931,0.008766402,-0.021848362,0.048697285,0.011741089,-0.02050618,-0.040481992,0.021333467,0.038623977,0.028932268,0.004663777,0.005770768,0.022996102,0.024497816,0.023195451,0.0036676328,-0.012698096
C5_FFA_C5_1MON_BB_lower_40,0.054770008,0.03515411,-0.020436337,0.07373462,-0.02940341,0.023872672,-0.028270606,-0.021479996,0.023367256,0.016539427,-0.0009338113,0.069301665,-0.05642582,0.018063352,0.0015275268,-0.006640923,-0.011772354,-0.030214014,0.009567281,-0.03012362,-0.03568318,-0.015662273,0.02137639,-0.019258916,-0.0060215206,0.046070803,0.0014473073
C5_FFA_C5_1MON_BB_width_40,-0.00850503,0.024772726,-0.004525172,-0.03565353,0.023582002,-0.0031100502,0.068694286,0.06047282,0.03483587,-0.07135248,0.014878434,-0.09303763,0.044577714,0.048396707,0.020273633,-0.030003253,-0.047621727,0.06470001,0.054346338,0.07584847,0.061168108,-0.0077914405,0.014133008,0.055586454,0.009074632,-0.06671905,-0.012768686
C5_FFA_C5_1MON_BB_pct_40,0.009128368,0.020540401,0.074322544,0.007901206,0.09874495,0.0013224966,0.052018184,-0.0073016905,-0.029586168,0.012820764,0.02109297,-0.02016724,0.007342958,0.042253613,-0.037894327,0.026481505,0.027414272,-0.06498191,-0.047139812,-0.017904423,0.09777699,0.0026343504,0.00757326,0.009609374,0.0566572,-0.014520031,0.017793274
C5_FFA_C5_1MON_RealVol_5d,0.0011314054,0.010227425,-0.014971265,-0.03302176,0.017300364,-0.016030405,0.038760386,0.07083261,0.014155142,-0.014774362,0.012337485,-0.034522407,-0.0053374236,0.0566094,0.008509414,-0.010577424,0.0076692975,0.0067501334,0.08697239,0.07406377,-0.021623643,0.015027935,-0.07298049,-0.051995337,0.021171844,-0.028226549,0.03408429
C5_FFA_C5_1MON_RealVol_10d,-0.0002780667,0.01381616,-0.01754118,-0.04870768,0.020410953,-0.018641984,0.044916965,0.089774266,0.018089937,-0.018689808,0.0098244855,-0.048322164,0.002457519,0.0703874,0.014341244,-0.010385008,0.012141988,0.01788402,0.097055115,0.08794255,-0.014582089,0.018957144,-0.07235155,-0.05172678,0.03469439,-0.050230652,0.049368672
C5_FFA_C5_1MON_RealVol_21d,-0.0014408836,0.018041942,-0.019793572,-0.06700414,0.019579936,-0.019891629,0.05032518,0.09910982,0.029613076,-0.025614923,0.011507196,-0.07220552,0.026632011,0.08184339,0.0067673754,-0.0060161045,-0.003583919,0.037189696,0.11258172,0.06621033,0.0154791,0.021837417,-0.07327607,-0.059507545,0.03142969,-0.09000577,-0.020726435
C5_FFA_C5_1MON_RealVol_42d,-2.441551e-05,0.022312216,-0.014653794,-0.082211435,0.021282993,-0.012701565,0.05219155,0.08119652,0.04678833,-0.016669925,0.02086153,-0.081148215,0.054670773,0.07356826,-0.023912564,0.01841106,-0.05750699,0.06740415,0.10920828,0.06112434,0.044078715,-0.04018383,-0.0576876,-0.009229062,0.038979325,-0.09771156,-0.018825019
C5_FFA_C5_1MON_MOM_5d,-0.0013129356,0.0065256795,0.046243787,-0.012073,0.07589514,0.0021748336,0.04621113,-3.884831e-05,-0.0697959,0.061389655,0.031131282,0.055352554,-0.009326325,0.03043322,0.0045434497,0.05394297,-0.033865556,-0.06940533,0.016222173,0.015696788,0.03808422,-0.032060914,0.112737164,0.0624284,0.033705823,0.020380847,0.022657247
C5_FFA_C5_1MON_ROC_5d,-0.0016319536,0.0071911225,0.046928518,-0.017105741,0.07544926,0.0064523113,0.047763467,0.0028115257,-0.06518707,0.059108738,0.038039368,0.05320763,-0.0027821027,0.04915891,-0.009622156,0.054571003,-0.029846175,-0.053250793,0.031637255,0.018948635,0.064174674,-0.022489928,0.111072056,0.060969308,0.036614977,0.018171528,0.033062674
C5_FFA_C5_1MON_MOM_10d,-0.0004267896,0.009979676,0.05810629,-0.007259241,0.09801783,0.0006783481,0.05192989,-0.0014044265,-0.067560576,0.040810842,0.014234145,0.032444052,-0.010473277,0.027051676,-0.0039878604,0.0313278,-0.0064708134,-0.07950918,-0.02325806,-0.019242445,0.022217942,-0.05302399,0.020918135,0.03199376,0.031802405,0.022918716,0.007599787
C5_FFA_C5_1MON_ROC_10d,-0.0008475293,0.0111173,0.059973136,-0.0142201,0.09813253,0.008192005,0.056440357,0.0018690204,-0.062210206,0.03912463,0.029508686,0.028006313,-0.0008547543,0.044841852,-0.017901272,0.03326474,-0.004118945,-0.054360308,0.0049040103,-0.010090839,0.06282276,-0.04829476,0.01979389,0.0318353,0.033283684,0.023260282,0.020071847
C5_FFA_C5_1MON_MOM_21d,0.001804187,0.01643311,0.06841212,0.001592903,0.1051259,0.0035608315,0.039185308,-0.012798021,-0.02206175,-0.009626268,-0.040500708,-0.03185852,0.0044907406,0.013400725,-0.03756289,-0.025817815,0.03878957,-0.06859278,-0.10296816,-0.06221507,0.010347658,-0.037343208,-0.08181421,-0.016121358,0.0054743513,0.0040473095,-0.026884213
C5_FFA_C5_1MON_ROC_21d,0.000825757,0.017510496,0.069990315,-0.003773619,0.1070556,0.008927575,0.047002282,-0.0046825507,-0.020033367,-0.021700904,-0.010654295,-0.038889647,0.012838168,0.02335274,-0.050456177,-0.024077505,0.035023507,-0.036411546,-0.05464999,-0.031051578,0.05828434,-0.039300937,-0.07891045,-0.006853205,-0.0030498167,0.006349429,-0.022859057
C5_FFA_C5_1MON_MOM_42d,0.0055464124,0.026593436,0.07019793,0.015255637,0.08627699,0.009168996,0.009639081,-0.052409433,0.050394457,-0.03302182,-0.042251825,-0.07401687,0.004040927,-0.00877741,-0.048037946,-0.032039624,0.02771681,-0.025233442,-0.025094192,-0.017589908,0.05289422,0.05333504,0.057963107,0.0104615595,-0.0070709093,0.020304684,0.026201481
C5_FFA_C5_1MON_ROC_42d,0.0034925346,0.026579661,0.07012682,0.009997776,0.08621799,0.012695188,0.01549577,-0.037866507,0.049373962,-0.057830326,-0.023213102,-0.0748685,0.009230772,-0.0028466815,-0.061128054,-0.04492785,0.0039404607,-0.0064218338,-0.0011992007,0.026387824,0.09042527,0.036557738,0.04248103,0.02182418,-0.008997663,-0.012657597,0.016549354
C5_FFA_C5_1MON_MOM_62d,0.00853205,0.031225668,0.06630326,0.040251605,0.0752215,0.004096341,-0.008623303,-0.058592655,0.0655631,-0.05352488,-0.037485912,-0.046322152,-0.04072982,0.0023290652,-0.049656145,0.01373134,0.0010536184,-0.04152536,-0.0058416603,0.028759062,-0.016789697,0.05742097,0.024146635,0.02575255,0.05203766,-0.0053460295,0.0007896887
C5_FFA_C5_1MON_ROC_62d,0.0051622787,0.032645356,0.067893706,0.0315393,0.07078139,0.0074191573,-0.007342922,-0.047714103,0.064511806,-0.07344885,-0.021513432,-0.036117908,-0.03922485,0.005315761,-0.05948698,-0.00045740258,-0.033885255,-0.026082989,0.013081018,0.061124787,0.030972745,0.033613216,0.029812507,0.034500424,0.05878979,-0.03437814,-0.013588471
C5_FFA_C5_1MON_Zscore_21d,0.006237999,0.011955253,0.06772166,0.0012130406,0.09469036,-0.003840592,0.055913802,0.015974144,-0.06303774,0.044251233,0.030222122,0.026828792,0.0018842991,0.05528336,-0.010393967,0.05767638,-0.009327284,-0.06483015,-0.018935522,-0.015611048,0.09011351,-0.027956508,0.036833063,0.03924477,0.06290233,-0.017696608,0.012651446
C5_FFA_C5_1MON_Zscore_63d,0.01241755,0.024443904,0.073952354,0.018402752,0.09922141,0.003110597,0.04186658,-0.017271688,0.0025836874,-0.009622003,0.0052640527,-0.029582,0.0050644507,0.031240616,-0.03416957,0.015566124,0.02859827,-0.055990934,-0.03403386,0.011997317,0.101615556,0.021966454,0.013279384,0.00836379,0.050419334,-0.017184688,0.0067322827
C5_FFA_C5_1MON_PctFrom52wHigh,0.0065360814,0.02495321,0.07774301,0.101481676,0.0145143075,0.019300831,-0.024861097,-0.043826602,-0.012338307,-0.017501105,-0.020685164,-0.01484133,0.0030849818,0.07405469,0.033035684,0.009101646,0.028964443,-0.05333675,0.012644332,0.00042813623,-0.0051178527,-0.00040592303,-0.008496462,0.045939744,-0.0015086249,0.023597253,-0.007032071
C5_FFA_C5_1MON_PctFrom52wLow,-0.0025581513,0.07093099,0.04826734,0.07078233,0.011167285,0.0067009726,0.007086449,0.0081603555,0.026191827,-0.020284541,-0.0017416421,0.006901539,-0.01703826,0.020236826,-0.034556575,-0.00021221128,-0.008965236,-0.032287117,-0.014358899,0.0033459263,0.023753595,0.031491376,0.0014251118,0.05748897,0.021060461,0.01497685,-0.025340134
C5_FFA_C5_1MON_Spread_EMA12_EMA26,0.0045459056,0.023720538,0.073932335,0.013871861,0.10226056,0.0047635795,0.023305988,-0.03372917,0.019957304,-0.032740187,-0.051183663,-0.06092689,-0.0002892689,0.0041273865,-0.049229626,-0.034693267,0.042420186,-0.05227735,-0.082113035,-0.04897679,0.020842303,-0.0026688161,-0.051038034,-0.01191811,0.005457428,0.0048622754,-0.0058853286
C5_FFA_C5_1MON_Dist_from_EMA26,0.0020592674,0.017721023,0.07736332,-0.0028693883,0.112032115,0.009394946,0.04521154,-0.016785448,-0.033285897,0.008711143,0.0056985994,-0.0036591035,0.0026633907,0.033435807,-0.046922706,0.009170708,0.008266291,-0.054151997,-0.019516999,-0.010913787,0.076096244,-0.026721252,0.006048407,0.024972435,0.022874197,0.013947066,0.011705662
C5_vs_C5_FFA_C5_1MON_spread,-0.005203029,-0.006631945,0.02719142,0.06850285,0.013387243,0.033710893,-0.021670004,0.14291056,-0.07060928,-0.0126772225,-0.026542207,-0.04463295,0.03872094,-0.07931868,0.010959849,0.026860066,-0.020601595,0.022425584,0.013175621,0.031767216,-0.12923606,0.013159058,-0.03345898,-0.025392668,-0.058115777,-0.038093064,0.0037555862
C5_vs_C5_FFA_C5_1MON_pct_gap,-0.0018427295,-0.0045892014,0.027899811,0.05880386,0.012780793,0.030356249,-0.04098821,0.1396275,-0.072840534,-0.036053173,-0.033114754,-0.03277275,0.06258248,-0.08353684,0.023895677,0.026311876,-0.025426567,0.033832867,0.037009332,0.025198154,-0.13246907,-0.01099248,-0.021285633,-0.04362246,-0.045212135,-0.054883134,0.024299556
C5_vs_C5_FFA_C5_2MON_spread,-0.0042701066,0.00044179498,0.028306322,0.08386109,0.008470818,0.043838575,-0.021284267,0.14708805,-0.060983364,-0.023973102,-0.015637454,-0.034041386,0.029285984,-0.0629318,-0.0062926924,0.019010115,-0.010880431,0.017785454,0.0008093136,0.012443318,-0.1215018,0.032976713,-0.029369004,0.021414965,-0.015421168,-0.0033547375,-0.011923171
C5_vs_C5_FFA_C5_2MON_pct_gap,-0.0009861261,0.0017261369,0.028931368,0.07204934,0.007010558,0.04014496,-0.041467484,0.14299303,-0.06596606,-0.051017974,-0.015602028,-0.016715935,0.051699363,-0.067914985,0.009957975,0.012917601,-0.018025586,0.026039561,0.0384421,0.0033095914,-0.13133477,0.018972212,-0.018052755,0.0021454275,0.0066924836,-0.015862923,0.008467769
IronOre_vs_Bunker_ratio,-0.058226768,0.03500534,0.032936234,-0.01451463,-0.004354611,-0.08661845,-0.037263583,0.054114662,0.036300424,0.024270482,-0.012688837,-0.006333083,0.0010788235,0.037973188,-0.024998391,-0.022006748,-0.02012448,0.007605162,-0.011790114,-0.032510944,-0.0134598315,-0.00731237,0.0145416,-0.014192577,-0.005171846,0.012244471,0.021212006
Brent_vs_HFO_spread,0.037110344,0.012361603,-0.058489956,-0.03820833,0.026807344,0.017457837,-0.06714272,0.02329306,-0.059601825,0.013548252,-0.014805894,0.021800535,0.0977672,0.029972918,-0.09109721,-0.12091774,-0.017419584,0.0020206494,-0.029291991,0.04176155,0.067208484,-0.019978372,0.040258367,0.022621833,-0.06799623,0.027524803,-0.018206954
Cape_Atlantic_utilisation,-0.011386101,0.0021088629,-0.0066522053,0.027463859,-0.020745607,0.039294578,-0.003630339,0.052289296,0.029467717,-0.04328117,-0.10985695,0.0062537235,0.094253734,-0.0008227065,0.03015339,0.086152434,-0.06527817,-0.048440937,-0.01113803,-0.044422355,0.034606576,-0.06471942,0.041183457,0.052120656,-0.13227637,-0.033097107,0.01034393
Cape_Pacific_utilisation,-0.014580146,-0.0063089724,-0.0033676226,0.016845973,0.0009464798,0.03348257,-0.016003866,0.06542455,-0.051683437,-0.050872874,-0.10016688,-0.022859849,0.08877313,-0.066431455,0.105147965,0.0021938202,-0.060618263,0.0014305011,0.040239554,-0.014680193,0.02902497,-0.055530135,-0.035180405,-0.054946933,0.06599367,0.065594524,0.0840453
TF_AUS_CHN_IronOre_MT_7d_sum,-0.06378035,-0.016296146,-0.0020795786,0.02840748,0.01464344,0.05020735,-0.03868086,0.003028589,0.0060502766,-0.022376828,-0.024197517,0.012455685,-0.03826267,0.007031283,0.038096663,0.07574512,0.01409441,0.048014436,-0.011503651,-0.008952747,0.014909289,0.016011339,-0.00043172977,-0.069039226,-0.037383847,0.0854242,-0.045859884
TF_AUS_CHN_IronOre_MT_21d_sum,-0.06877101,-0.016613878,0.0022048415,0.02433454,0.0074754814,0.05500577,-0.04212554,-0.0018090135,0.0054710335,-0.024111032,-0.016529126,0.007933573,-0.028371342,0.017358698,0.016481433,0.09351035,0.033570535,0.017152308,-0.010310888,-0.0077053397,0.0076210466,-0.01929251,0.006082477,-0.0563348,-0.014368609,0.089375205,-0.006467897
TF_AUS_CHN_IronOre_MT_mom_5d,0.0008294198,-0.0011522353,-0.00820086,0.013774916,0.022570007,-0.0023910676,-0.0010563146,0.010787287,0.0013839229,-0.005271973,-0.01678673,0.007838733,-0.024971858,-0.025462927,0.059824467,-0.040032092,-0.039759956,0.08925596,-0.0014383075,-0.002991602,0.016185608,0.092854664,-0.009909776,-0.027425088,-0.05420558,-0.0023328692,-0.10697951
TF_Brazil_CHN_IronOre_MT_7d_sum,-0.0019084928,-0.02164818,0.025264004,0.054686803,-0.0008562125,0.037153758,-0.044102147,0.037572563,-0.019156868,-0.014607992,0.07046872,0.04537062,-0.048935164,-0.0038455934,0.05095499,-0.025905922,0.07066493,0.05438373,0.05563506,-0.07392504,0.06935056,0.00102002,0.05060339,-0.07170961,0.0282844,-0.09156893,-0.02874795
TF_Brazil_CHN_IronOre_MT_21d_sum,-0.0031617812,-0.02770865,0.033826843,0.0667648,-0.014002277,0.062245954,-0.057135068,0.046834137,-0.023154927,-0.023417467,0.06322676,0.030978827,-0.01968159,-0.0072883666,0.06016506,0.0042610513,0.07710233,-0.013504245,0.03366389,-0.10266573,0.093591146,-0.013883428,0.038346943,-0.056418307,0.03746161,-0.10780055,-0.0053174742
TF_Brazil_CHN_IronOre_MT_mom_5d,0.0005648054,-0.0016491202,-0.00123385,0.0062979097,0.010244583,-0.014955691,-0.0039197956,0.0020891246,0.0016341305,0.0032592705,0.031261224,0.027554085,-0.048177503,0.008062405,0.0023239225,-0.048514195,0.025006533,0.094766036,0.039336886,0.008084643,-0.0008067335,0.0271795,0.039485157,-0.03192326,0.01030685,-0.011599962,-0.046801396
C3_vs_C5_FFA_spread,0.0632602,0.032713693,-0.0068580816,0.059293043,0.02613918,0.025445808,0.0061235568,-0.039177988,0.04497693,-0.023378355,-0.018128937,0.016738651,-0.032152217,0.054214265,0.00718429,-0.024038652,-0.021701412,-0.044458736,0.0050067543,0.0025082221,0.01648898,-0.030469183,-0.009005477,-0.017688802,-0.01604981,0.0018742776,0.013364259
RiskAdj_IronOre,0.015525468,0.06088833,0.062049586,-0.030424971,-0.026676994,-0.066252865,-0.06426253,0.0029347,-0.022707902,0.0200504,-0.03885412,-0.024515806,-0.015348479,0.032197937,-0.0023636185,-0.005417349,-0.012501251,0.0012811372,0.030746527,-0.019368304,-0.0093374895,-0.013348683,0.0073138606,-0.029137677,0.01226219,-0.027172808,0.001773485
Total_Congestion_proxy,-0.020908386,0.048381384,-0.023687435,-0.011569686,-0.045587495,0.03753775,0.10128445,-0.02159597,0.015880266,-0.09086829,0.06935466,0.038798094,0.023665927,-0.028794903,-0.03379497,0.049471933,-0.034429006,-0.029673886,-0.053502582,0.003497587,-0.0020489013,-0.019428674,0.0032485677,-0.0284608,0.0116846785,-0.004232721,-0.061443154
C5_OBV_proxy,-0.057130914,0.05467888,-0.037866704,0.026847197,0.014802407,0.037358645,-0.011225678,-0.02576212,-0.041981954,-0.013163246,-0.017880829,0.01291144,-0.0014288897,-0.007912004,-0.001390034,-0.014017749,-0.0021838974,0.0052472367,0.021771261,-0.0022695228,0.013914,-0.009190106,-0.00039167446,0.015152001,0.0054649934,-0.019158691,0.010802826
DayOfWeek,6.1522325e-05,7.4255695e-05,0.000746051,-0.0006550779,-0.00018519726,0.00053217844,0.0011389591,-0.0012185121,-0.0003039022,0.0012153146,-0.00029196314,-0.00053516123,-0.0026216735,0.004067554,-0.0021477144,-0.007849567,-0.0033962703,-0.0023808,0.0024188675,-0.0017983656,0.00843199,-0.0019716881,-0.0033800825,-0.0034574326,0.002317811,0.003451809,0.008665924
MonthOfYear,2.3259165e-05,-0.0040380624,-0.016373817,0.07462743,-0.021428438,0.057537436,-0.07188047,0.096232384,-0.01644177,-0.036495488,0.030094467,0.07835586,-0.019151036,-0.0088376,0.03688448,-0.041626364,0.03091256,0.060578357,0.052996654,-0.08831871,-0.027304586,0.064697884,0.034855664,0.0491446,0.0501018,0.0004437799,-0.036601312
QuarterOfYear,0.00024638305,-0.004534121,-0.018000873,0.074055426,-0.028749816,0.060793135,-0.075816356,0.08755947,-0.008479563,-0.030138912,0.033619955,0.078060776,-0.013535549,0.0016516978,0.0048968117,-0.01646741,0.02791703,0.03513511,0.05422477,-0.105684675,-0.048024926,0.053107142,0.0354373,0.06944864,0.04659771,0.000543293,-0.03434286
WeekOfYear,-0.00081839634,-0.0045462865,-0.015843641,0.074704885,-0.020690866,0.056181498,-0.07219317,0.09566852,-0.014471803,-0.03759701,0.032287583,0.07791057,-0.018590176,-0.00818363,0.03643891,-0.043396078,0.033186674,0.058258444,0.046590723,-0.09320107,-0.030867381,0.07020538,0.03005227,0.03835806,0.04955569,-0.0031399354,-0.043285307
IsMonthEnd,0.000342744,-0.0004997416,0.00073832326,-0.0033877771,0.0011234479,-0.002647949,0.00031955706,-0.0003048702,0.00021696673,-0.0035110055,7.84975e-05,0.0043050037,-0.0007390578,0.011852209,-0.011840859,0.0037283138,0.00041891655,-0.015762014,0.028054873,-0.019790137,0.0070722033,-0.004783429,-0.010093406,0.01572973,0.004153323,0.042973764,-0.09976099
IsMonthStart,0.0004585612,0.0006247133,-0.00012912414,-0.0023322809,-0.001047386,-0.0014616263,-0.0025015455,0.0062077823,0.0026400683,-0.001520593,0.0058823056,0.0008814653,-0.002199987,0.013833258,-0.007998567,0.010180628,0.0073784287,-0.0034568738,0.023423951,0.008226328,0.0012616818,0.011204341,-0.016807865,0.0045049097,-0.007797352,0.016744021,0.04800426
IsQtrEnd,-0.0015058044,0.0014702847,7.8125086e-05,0.0012370278,0.0009280432,-0.00081354723,0.00069307676,0.003663929,0.008903421,-0.009784715,-0.015222953,0.0067136316,0.009620788,-0.004135239,-0.00043259995,0.0151381735,-0.0028546355,-0.014072703,0.030790959,-0.022146348,0.021909226,-0.029976424,-0.009876716,0.01355353,-0.009901313,0.037996683,-0.06841142
CNY_season,-0.0048361486,-0.0015635262,0.0027264827,-0.0669896,-0.028474169,-0.02078924,0.054725964,-0.065065265,-0.08822987,0.04322232,0.057939004,-0.08154666,0.050745446,0.03265833,-0.09908637,-0.007742387,0.009145093,-0.09675525,-0.061169676,0.0031839383,-0.058183722,0.01942965,-0.011993431,-0.08468746,-0.053339727,-0.0018463238,0.014958318
