,PC1,PC2,PC3,PC4,PC5,PC6,PC7,PC8,PC9,PC10,PC11,PC12,PC13,PC14,PC15,PC16,PC17,PC18,PC19,PC20,PC21,PC22,PC23,PC24,PC25,PC26,PC27
var_explained_%,19.543266,17.252096,8.236879,5.0463605,4.887689,3.2924824,3.0699801,2.6268396,2.216,1.8634198,1.5493801,1.3856822,1.0814021,1.064984,1.008242,0.89849585,0.84740955,0.7906572,0.75766814,0.7016893,0.6594883,0.5970311,0.57898694,0.5689222,0.54454726,0.511593,0.4630328
C5_FFA_C5_1MON,0.05394991,0.0554746,0.0118790185,0.059007253,0.028794343,0.025218584,0.01998652,-0.007944575,0.026218522,-0.01942863,-0.009829802,0.014426923,-0.034299124,0.043097883,-0.013261973,-0.025139732,-0.011546953,-0.031149304,-0.010820561,0.018513907,0.0069936546,-0.011042561,0.013323206,0.008211007,0.0149130635,0.02617706,-0.0047011483
C5_FFA_C5_2MON,0.056806505,0.05441235,0.0064968606,0.03809577,0.031007476,0.012966303,0.024765026,-0.038346972,0.03416719,-0.010089175,-0.012816175,0.016224034,-0.03670189,0.048795234,-0.0039876564,-0.025960328,-0.014924351,-0.033627667,-0.005239901,0.011975273,0.026493547,-0.027972797,0.017378705,-0.01913634,-0.0033581536,0.010682364,0.0056891134
C3_FFA_C3_1MON,0.061035916,0.043265276,0.0009057936,0.060790174,0.027979158,0.02604355,0.0121734375,-0.026993562,0.038244527,-0.02234027,-0.015101961,0.01621445,-0.033944003,0.050976086,-0.001296507,-0.02516614,-0.017987534,-0.04000112,-0.0015738297,0.00633925,0.012885112,-0.02299708,0.00031131905,-0.0073703546,-0.003310549,0.012764479,0.0060493536
C3_FFA_C3_2MON,0.06240903,0.040068552,-0.0016651229,0.045568258,0.029899329,0.015778733,0.017400868,-0.05057635,0.04321183,-0.011238845,-0.014353701,0.019414762,-0.0380381,0.057075094,0.0073939236,-0.028720492,-0.019276407,-0.043063585,0.0036530904,0.0011709165,0.029656706,-0.043636717,0.0054088235,-0.024177473,-0.011762837,0.0071286806,0.017620796
China_M2_bn_USD,0.071224846,-0.036826465,0.031247858,-0.026940031,-0.009502537,-0.032914806,0.018051924,0.02172073,0.030938929,0.0069400114,0.00838882,0.0071948455,0.009209907,-0.010237768,-0.009439358,0.022507712,0.010851022,-0.0018892747,-0.014487557,-0.011123583,0.004771428,0.005992988,-0.012420308,-0.023836816,0.004883167,0.0057658567,-0.0076527996
China_New_Loan_bn_CNY,-0.00043747126,0.005983369,-0.00028505383,-0.052930262,0.01753548,-0.03079363,0.026967304,-0.060562026,-0.004098543,0.046973664,0.0030185794,-0.05416658,0.035824597,0.050991897,-0.12784097,0.02594304,-0.060133457,-0.11524583,0.028787931,0.015461689,0.0033161743,0.12529501,-0.013721077,-0.07881539,-0.11440988,0.043484796,0.03389704
China_Property_Price_YoY,-0.063188255,0.05248409,-0.013249741,0.034628488,-0.0022751563,0.02220897,-0.0060706767,-0.025766384,-0.03450378,0.0014492627,-0.022675425,-0.015906861,-0.0121645145,0.017982898,0.00465473,0.01994505,0.0342376,-1.0714824e-05,0.025945703,-0.030830488,0.0029296768,0.004757937,0.0013445616,-0.01592969,0.0090288725,-0.011703916,-0.013705885
USD_Index_DXY,0.041834958,-0.057836544,-0.04940994,-0.020970942,0.04967282,0.020741018,-0.030365724,-0.013176898,-0.019159839,0.017811928,-0.010203432,-0.030418418,0.004700383,0.02866189,-0.0028140119,-0.034584146,-0.042329744,0.015742544,0.020580003,0.010967287,-0.009656651,-0.016146798,0.015707131,0.037497584,-0.015700227,0.004003965,-0.007431184
China_PMI_Official,-0.01218808,0.011324334,0.035018675,-0.014778966,0.0070299665,-0.015694728,-0.017234324,0.06147715,0.050211035,-0.019669306,-0.0060493215,0.02140996,0.022664739,0.04188335,0.049672525,0.021459676,0.0029142909,0.007839959,0.012447792,0.010364311,0.1294817,0.018006306,-0.03680897,0.115700975,0.14178607,0.1968232,-0.0026942838
China_IP_YoY_pct,-0.0051502655,0.013405833,0.05930399,-0.019844308,-0.020195113,-0.033122074,-0.021921268,0.03140311,0.0128465975,0.025055964,0.013626402,0.007824956,0.1593006,0.035849024,0.04230397,0.008830684,0.0166627,-0.01212706,-0.017538356,-0.020295376,0.0211432,0.030849326,-0.09517329,0.08537767,0.03482258,-0.0005532491,0.10880094
Japan_IP_YoY_pct,0.040066577,0.031219706,0.017062241,0.011637892,-0.042559046,-0.08180935,-0.02720564,-0.005583716,-0.048255816,0.03306428,-0.07214977,0.036278084,0.011156981,-0.051797573,-0.002326605,-0.0465524,-0.016010351,-0.026192818,0.024942549,0.00054761174,0.033976965,-0.018021151,0.034687698,0.06748676,0.009346025,0.013114873,-0.07269872
SouthKorea_IP_YoY_pct,0.015162337,0.030689418,0.028769452,0.033221375,-0.046098106,-0.06763319,0.037022408,0.0009859429,-0.014864974,-0.04875114,-0.034626774,-0.017108189,0.03988472,0.106940396,0.060398433,-0.037603762,-0.017674932,-0.032903846,0.034510083,0.008184305,-0.055066444,-0.056643285,0.114832744,-0.010116797,-0.06563051,0.002418773,-0.000773122
China_Steel_Prod_kt,-0.019018043,0.019996434,0.04289013,-0.035145145,0.04255328,-0.035359073,-0.0372147,-0.06114005,0.08718289,-0.031016462,-0.041954298,0.052132003,-0.0053244517,0.0007514357,0.020511948,0.020288825,-0.12769392,0.09341925,-0.018120479,-0.02666827,0.06784203,-0.07040728,-0.06895385,0.007658147,0.06417882,0.015796162,0.008669583
Japan_Steel_Prod_kt,0.008944283,0.061122503,-0.025168601,0.03506594,-0.034382466,-0.015457391,-0.0007337883,-0.043427706,-0.08495575,0.0055159773,-0.0816546,-0.019500224,0.022874655,-0.045861058,0.0702309,0.019653022,0.023703927,-0.00037314516,-0.050930865,-0.045247734,-0.030325444,-0.0014827568,-0.03163863,0.07210067,0.038877927,0.008861179,-0.032881256
SouthKorea_Steel_Prod_kt,-0.01836781,0.056524828,-0.008100554,0.022552999,-0.040102057,-0.0059195585,-0.043387264,-0.023613894,-0.033601668,-0.010089498,0.0023093545,0.015217601,-0.018930083,0.01779145,0.06519726,0.042041533,0.0049939984,0.032739412,-0.060792122,-0.05750737,0.033264138,-0.051128116,-0.013291823,0.0023708092,0.15129931,-0.010475559,0.0064791604
China_BFI_Prod_kt,-0.010272637,0.006516789,0.035153024,-0.03354207,0.053039234,-0.038636323,-0.056855734,-0.050339807,0.1148812,-0.016034154,-0.007237613,0.06347654,-0.019792514,-0.02588392,0.009952861,0.03938693,-0.10581658,0.082295835,-0.041392915,-0.044885505,0.037217323,-0.0741643,-0.064314656,-0.002819706,0.032842204,0.006198124,-0.007829976
Japan_BFI_Prod_kt,-0.060626518,0.05729775,-0.00211101,0.034048595,-0.022868484,0.0074666464,0.00791523,0.004251863,-0.0008584409,0.0003890145,0.0036354512,-0.007715508,-0.016103307,0.008776576,0.025260888,0.012888201,0.0035206398,0.03578663,-0.018054051,-0.012096673,-0.0077941427,-0.009511697,-0.009854361,0.03738172,0.015107041,-0.010654836,-0.017658466
Korea_BFI_Prod_kt,-0.026970804,0.008749444,0.022920266,0.050126914,-0.049997468,0.008579363,-0.03279572,0.017752223,-0.010667819,0.026576072,0.016827375,-0.012500698,-0.057922117,0.08334721,0.07295338,0.09443345,0.06811451,0.034494914,-0.06547133,-0.051411547,0.041106023,-0.07096575,-0.022204474,-0.010780673,0.07285862,-0.07402957,0.0013253423
Japan_Steel_ShipPlate_USD_t,0.054892126,0.049544796,-0.05074426,-0.03481399,0.018158771,0.013746073,-0.024402708,0.034113716,-0.021969542,0.025805704,0.010767539,0.0038465129,-0.020120597,-0.014938729,-0.017767254,0.0122197075,0.022079995,0.01639473,-0.0007214982,-0.023317346,0.019876694,0.001557031,-0.0029686398,-0.029586386,-0.007835871,0.009388458,-0.03631752
Korea_Steel_ShipPlate_USD_t,0.033502433,0.06842768,-0.02600438,-0.04398737,0.0057704574,-0.0038803348,-0.052318227,0.038064156,-0.02669904,0.017958747,0.0088969255,0.014223392,-0.040350467,-0.01967578,-0.003700088,0.033670582,0.028840344,0.020404523,-0.029292664,0.00796917,0.023206862,0.008618139,-0.007566262,-0.05843183,0.016772265,0.01633887,-0.041917123
IronOre_Spot_CFR_NChina_USD_t,0.009435813,0.06543157,0.05530423,-0.039421402,-0.014672531,-0.07827128,-0.057412524,0.008277612,-0.004879864,0.010857285,-0.030233677,-0.013786782,-0.0009006968,0.029012717,0.011043663,-0.0070979553,-0.005753004,-0.009541877,0.020997455,0.024628792,-0.019742109,-0.012611173,0.013978097,-0.025894247,0.009557305,-0.013022509,0.002842482
ThermalCoal_FOB_AUS_USD_t,0.05002669,0.017673986,-0.069424786,-0.0478433,0.04620578,0.010944088,-0.04391886,0.022105986,-0.0010043503,-0.0027217583,0.023412123,0.05822242,0.044896655,-0.04133615,-0.017905435,-0.07111017,0.008825948,-0.03016743,-0.0022428418,0.019723887,0.012125728,-0.025936678,0.00091078086,0.024162915,-0.022076162,-0.034608528,0.022727462
AUS_IronOre_Seaborne_Exports_Mt_SIN,0.015209316,-0.018099405,0.003596397,0.036950924,0.015611322,0.017758885,-0.041657787,0.108523026,0.07503217,-0.03455158,-0.06418239,0.07334888,-0.010033249,-0.06405084,0.08180711,-0.00024318782,0.0009341287,0.13491848,0.01789471,-0.049232148,0.05210575,-0.08026845,-0.014928789,-0.009220364,0.020417565,0.00413126,-0.042564947
China_IronOre_Seaborne_Imports_Mt_SIN,0.0069584106,-0.042043947,0.041660633,0.032184277,-0.023433162,0.035033986,-0.034437984,0.052108575,0.037314635,-0.036720183,0.08019519,-0.0392854,0.03193551,-0.0012478707,0.0066572013,0.042353526,-0.011859409,-0.004583904,0.044562053,0.0023892473,0.09436597,-0.059287023,0.035179473,0.121643424,0.019521572,-0.03209317,-0.07259829
China_Coal_Seaborne_Imports_Mt_SIN,0.036968023,-0.045271922,0.013536839,0.026606513,-0.020450735,-0.004481634,-0.00047815606,0.04568612,-0.0130382385,0.045316238,-0.025450628,-0.08882778,-0.083327115,0.0045860196,0.059441533,0.077359065,-0.032776807,0.07819504,0.020435082,0.0150550045,0.02730691,0.008034109,0.0016389958,0.038614005,-0.026194641,-0.060975105,0.015719539
China_Steel_Seaborne_Exports_Mt_SIN,0.049402915,-0.053959746,0.038481236,0.018552024,-0.0029116138,-0.04064444,0.019573446,-0.015004123,0.047526643,0.004759166,-0.06181372,0.004761142,0.0032584954,0.016476896,0.040084634,0.041792113,0.00090586895,0.013488301,-0.012526887,-0.028994834,0.014241821,-0.0024556492,-0.016405946,0.04757232,0.029276613,-0.00075328327,-0.0100494055
Cape_Deliveries_No_SIN,-0.054144282,0.025831498,0.00035385642,-0.005551301,-0.00030195582,0.014541261,0.010566683,-0.01269397,-0.014450738,-0.0027392146,-0.008605056,-0.03132949,0.02553422,-0.013287694,0.018650735,0.048337497,0.033520892,0.024805393,0.017595818,-0.010664359,0.06007355,-0.05674248,0.0017205162,0.0494508,0.026544547,0.09463186,0.022823377
Cape_Fleet_DWT_mn_SIN,0.07021376,-0.04457843,0.026645765,-0.02350466,-0.0043210667,-0.022267627,0.0028703965,0.028686509,0.023637807,0.008308622,0.01122293,-0.0026203375,0.0041941833,-0.0017187952,-0.008636459,0.014701486,0.00054659706,0.0012137343,-0.015705058,-0.008466646,-0.005125013,0.0013976949,-0.006027505,-0.018003134,-0.0052686813,0.016653176,-0.011488643
Cape_Fleet_Growth_YoY_pct,-0.051440116,0.058813404,-0.022821853,-0.007931284,0.005249653,0.013754343,0.015893964,0.021594312,0.028045133,-0.023525644,0.05269315,0.0063334457,-0.008100583,0.0684269,0.01941958,-0.017094983,-0.034695026,0.016698914,0.0130536975,0.016758468,-0.029470636,-0.03454076,-0.003806627,-0.03061645,-0.04373452,0.007031515,-0.0039923848
AUDUSD_SIN,0.010901608,-0.07622271,-0.027183246,0.016371004,0.03581499,0.0031188182,0.01860976,-0.007323004,0.007187192,0.038787685,-0.03921541,-0.038161624,-0.0077008116,0.02499238,0.0011523556,0.022855926,0.022720143,0.013098939,-0.0014641802,-0.021857688,-0.03902719,3.2236494e-05,0.061925825,-0.018268496,-0.0077573336,0.045504402,-0.06344697
EURUSD_SIN,-0.031495895,0.044360906,0.07200057,0.022190575,-0.05857789,-0.03035655,0.020579763,0.017823726,0.02648041,-0.01951276,0.014550838,0.029078329,-0.00468797,-0.033357095,0.0020166724,0.046622276,0.04538497,-0.02612845,-0.023134109,-0.015639614,0.011527859,0.01736697,-0.016302563,-0.03567457,0.014488298,0.013694719,0.01851238
CNYUSD_SIN,0.005852651,-0.08155272,0.006170193,0.03316316,0.028321967,0.024603797,-0.028350642,-0.031114306,-0.0017832996,0.013024901,-0.031031594,-0.038489558,-0.018582176,0.032109387,-0.010491677,0.0033006575,-0.0038321372,0.01021829,0.017701993,-0.017188393,-0.014786915,-0.012697477,0.03998554,0.015251747,-0.03276068,0.010860091,-0.030076804
China_PBOC_Rate_pct,-0.05373533,0.055091552,-0.04320629,0.022111956,0.007820663,0.030120831,-0.023556093,-0.02691158,-0.04696067,0.0055723693,-0.015533555,-0.018782375,-0.02449086,-0.0032901336,0.011556934,-0.0015751283,-0.035449732,-0.008025675,-0.0029016014,-0.005463489,0.019496739,-0.0026138632,-0.024709225,0.012572909,-0.0058913664,-0.013533413,0.015192961
China_SteelPlate_CNY_t,0.018017577,0.085396506,-0.0011307058,-0.017414952,-0.00045754103,-0.02230603,-0.008109441,0.027042422,0.00032431964,0.01569925,-0.0022764285,-0.018217172,-0.015909523,-0.011878793,-0.026820393,0.02799417,0.0045974134,0.029355956,-0.014253792,-0.0036448855,0.011870676,0.01904404,7.048794e-05,0.020707415,-0.007947169,0.0071393996,-0.022622613
China_SteelPlate_USD_t,0.014063275,0.08694635,-0.0012528508,-0.020744277,-0.008207141,-0.024139531,0.0032746573,0.029188715,0.00160393,0.009605322,0.0031300476,-0.0060564787,-0.009720235,-0.015893871,-0.018846774,0.021736715,0.007089476,0.02213874,-0.014205561,0.003014357,0.012282829,0.0196718,-0.0056838416,0.013355779,-0.0004299705,0.0033504402,-0.011281752
Brent_1M_USD_bbl_SIN,0.0737377,0.014580583,-0.030871266,-0.036295343,0.021315038,0.031740934,-0.029535372,-0.036979362,-0.035512134,-0.022037726,-0.0051043667,0.006237047,0.027505063,0.012457415,0.0061129583,-0.015064098,0.011257649,-0.0055965735,0.02225907,-0.011328066,0.018051418,-0.013727497,-0.012866258,0.005160462,-0.015798507,0.010549505,0.009059623
Cape_PortCongestion_pct_fleet,-0.014468766,0.062637284,-0.043219518,-0.032859612,0.0005907191,-0.006637446,0.06578806,-0.020263502,0.0032293727,-0.05579786,-0.035965763,0.0012521881,0.0036331073,-0.029872935,-0.03128856,0.02192742,-0.063252635,0.010500408,-0.036111917,-0.007080827,0.009451341,0.017434109,0.012842874,-0.03665412,0.0043132724,0.023367345,-0.06772726
Cape_PortCongestion_CHN_mDWT,-0.01785645,0.029184295,-0.0010453466,0.0077277995,-0.05655274,0.06317826,0.08878691,-0.0035104465,0.024463488,-0.093099795,0.07537515,0.026956754,0.027033383,-0.041759867,-0.05144541,0.05519607,-0.004773932,-0.0613821,-0.046853155,0.024565041,0.034019943,-0.060088843,0.0117800385,-0.03882314,0.004495914,-0.019681245,-0.026545376
China_IronOre_Prod_cum_10kt,0.009072361,-0.010074613,-0.016267013,0.028407214,-0.070417,0.06894486,-0.065937966,0.102709055,-0.059722435,-0.023282383,0.008413768,0.02732884,0.033074725,-0.017509943,0.013729262,0.05364367,0.022868175,0.011675612,0.02296172,0.10053314,-0.026871314,-0.07785321,0.05210078,0.064421594,0.06299482,0.004247274,0.02525967
Cape_Atlantic_at_sea_ballast,0.0406661,-0.05167414,0.036827464,0.0076553384,0.018530168,-0.029715836,0.008796491,-0.020347133,-0.014772006,0.033720568,0.058353703,-0.015149361,-0.06492674,0.01037687,0.023524607,-0.08257722,0.03667764,0.045266215,0.026533086,-0.016028078,0.0017258815,0.044148244,-0.032241844,-0.040363666,0.04806586,0.007941864,0.014934133
Cape_Atlantic_at_sea_laden,0.039597556,-0.060944013,0.037636824,0.034716405,0.00033512354,0.0011135489,0.004754461,0.023787143,0.016818836,-0.0025868225,-0.034566246,-0.011419462,0.013691909,0.0071922033,0.057313677,-0.01570963,-0.017458024,0.007082182,0.026460493,0.024337856,0.03345256,-0.016710192,0.0051515303,-0.0012872937,-0.07533339,-0.024177456,0.02862383
Cape_Indian_at_sea_ballast,0.033214808,-0.04489737,0.028282415,-0.009866531,-0.025146337,-0.02731352,0.00031427122,-0.031693645,0.023907345,0.055313326,0.059306778,0.001411361,-0.063122876,0.07610491,-0.054295883,-0.038428828,0.032566525,-0.012126199,0.01243694,-0.06067767,-0.057400167,0.030027097,-0.015457005,0.013027507,0.07259316,0.0046860725,0.05339967
Cape_Indian_at_sea_laden,0.04476523,-0.047396727,0.039265852,0.017933877,-0.012607205,-0.002753812,-0.030875703,0.025746778,0.029750906,-0.010088603,-0.03864336,0.009813488,0.027844384,0.006776393,-0.011555586,0.02608758,0.011889388,-0.026390402,-0.00105879,-0.020555642,0.0096153,-0.045657013,0.023488132,-0.023941208,-0.0111858435,0.025396174,0.01906335
Cape_Pacific_at_sea_ballast,0.046399713,-0.031577006,0.0063208807,-0.028262606,-0.00956204,-0.007008497,-0.02064114,-0.0029631257,0.029003184,0.03465557,0.053534333,0.008478763,-0.041266315,0.04544478,-0.074726716,0.08329041,0.052300747,-0.014857649,-0.046850566,-0.0016151568,-0.025709193,-0.0053618154,0.01009871,0.068346076,-0.038881462,-0.01668708,-0.07230716
Cape_Pacific_at_sea_laden,0.028606584,-0.038993575,0.0023559744,-0.008655327,-0.009852769,0.03502441,-0.042539958,0.0828992,-0.035372857,-0.02663238,-0.07254849,-0.023417266,0.0711118,-0.038102172,0.0563313,0.083810724,-0.025888858,-0.014046006,0.0058610137,0.016417818,0.0081851985,-0.07900923,-0.03259407,-0.0020544333,0.043020234,0.05173285,0.033229288
CITIsteel_PMI,-0.0063847443,-0.02031136,0.076520465,-0.02022704,0.012101116,0.015296121,-0.007291427,-0.024049427,0.013003619,-0.02694628,0.0039748377,-0.058658715,-0.012412728,-0.013459072,-0.060560256,-0.0061649084,0.04221245,0.09995657,0.022540724,0.14194569,-0.061868273,-0.042532943,0.027045088,0.0925295,-0.043704934,-0.031275056,-0.06772443
CITIsteel_Production,-0.015822228,-0.00049536355,0.071135156,-0.026138986,0.0101724155,0.013954608,-0.0060163606,-0.024720628,0.024996286,-0.02279642,0.018235,-0.045886602,-0.019112796,0.0031801139,-0.07035561,-0.015294015,0.0462454,0.11688634,0.023666844,0.146249,-0.0669469,-0.030454664,0.02437756,0.09964749,-0.034206323,-0.03404325,-0.052525345
CITIsteel_NewOrders,-0.0018562905,-0.03814362,0.07141057,-0.018311966,0.019445771,0.00846603,-0.020623546,-0.013299122,0.013725319,-0.03408076,-0.0039151027,-0.052672416,-0.026331292,-0.013482271,-0.042071395,0.0006341834,0.023601094,0.06702404,0.013435591,0.12593997,-0.043006383,-0.034986984,0.043711495,0.08771725,-0.04734807,-0.028824806,-0.04849863
CITIsteel_ExportOrders,0.0264749,-0.013303781,0.0305935,-0.03116836,-0.00024908743,-0.024094287,-0.07391519,-0.05360621,-0.0687076,-0.012361034,0.010192699,-0.034188956,0.079901546,-0.00036920217,0.086200766,-0.021432217,-0.0047869547,-0.002383631,-0.077552766,-0.02532151,-0.05346502,0.008554105,-0.048117705,0.12933818,-0.022672513,-0.05757462,-0.0049787173
CITI_IronOre_CFR62_USD_t,0.07957828,-0.012345175,-0.008072455,-0.022381132,0.0003661688,-0.009813604,-0.005024111,0.037435282,0.009585155,0.03220898,5.393357e-05,-0.0067297798,-0.036106724,-0.012188213,-0.030981231,0.009920627,0.023292655,0.013611205,-0.0099937245,-0.001692982,0.011910035,-0.013992773,0.031202227,-0.06390103,0.013030751,0.032559633,-0.036029354
CITI_ShanghaiCoke_CNY_t,-0.072826594,0.018727876,0.0010587728,0.028616866,0.003832834,0.01902406,-0.0077925976,-0.059443463,-0.014472553,-0.02958518,-0.021468006,-0.027182033,-0.03343863,0.038288936,0.0018409903,-0.013086081,0.0025215226,-0.008875035,0.051188778,0.024494585,-0.01734617,-0.05856006,0.063174255,-0.068026125,0.01915493,-0.016745709,-0.0073999516
CITI_CokingCoal_Shanxi_Liulin_#4,0.04812028,0.049454864,-0.04679086,-0.012376815,0.020172218,0.040002804,-0.012305564,0.05051028,-0.0057178317,0.014809867,0.03550067,-0.06964032,-0.011047938,-0.0047964235,-0.026538724,0.034931567,0.043088906,-0.018092489,-0.009285095,0.015523758,-0.028724756,0.02009085,0.02728378,-0.0077553,-0.021009523,0.022993403,0.008041985
CITI_SteelProd_national_10mt,-0.011410466,0.024798946,0.04666132,-0.0050043543,0.037929893,-0.051161595,-0.08445716,-0.08252346,0.0761812,-0.00961037,0.0196773,0.101764485,0.0064848703,-0.00044899384,0.007544256,-0.001758583,-0.05053261,0.056774434,0.009827278,0.031485688,0.017583879,-0.05260492,-0.02116945,-0.0018933018,0.0057235328,0.004164528,-0.021559486
CITI_SteelProd_key_Mtpd,0.0014705303,0.009517304,0.06841413,-0.029524427,0.03082053,-0.056678325,-0.053560615,-0.07098421,0.07365024,-0.0149973845,0.0070417286,0.08678065,0.019920727,-0.031873137,-0.006489976,0.019424895,-0.09710335,0.050120767,5.9665712e-05,0.004686579,0.007631225,-0.008511249,-0.046988707,0.001630799,0.043105006,0.028745461,0.007394541
CITI_Rebar_Shanghai_CNY_t,0.0168633,0.08652558,-0.005330936,-0.010974905,-0.00024210729,-0.016644066,-0.005920179,0.01789398,-0.010868594,0.014379683,-0.022830216,-0.020925917,-0.024833757,-0.005487773,-0.027762378,0.011598292,0.013124097,0.022668557,0.0039741467,0.016566973,0.009948518,0.017569859,0.01743358,0.018381104,-0.008414329,0.013156207,-0.02503753
CITI_PigIron_Steelhome_China_output_pi,0.012149859,-0.0036971366,0.03895095,-0.011627122,0.015968554,-0.03476861,-0.08960302,-0.065103605,0.071952716,0.024902696,0.016484989,0.072292075,0.010083836,-0.011593441,-0.038395137,0.051442817,-0.046920586,0.02296174,-0.0010544031,0.009748882,0.023790993,0.00082411506,0.00024254147,-0.027178437,-0.05157487,0.012915916,0.054633036
CITI_OreInv_ports_Mt,0.055555254,-0.008089787,-0.006829642,-0.035483558,-0.042214468,-0.0043110847,0.11570848,0.0011077378,-0.009145307,-0.034522735,0.0050836653,0.03259659,-0.009175514,-0.024824232,0.03664183,-0.0361883,-0.07925384,0.009315374,-0.023393756,0.077133186,0.020582644,0.013313816,-0.024021052,0.048282344,0.017223367,-0.0107709505,0.03736861
CITI_OreInv_AUS_Mt,0.006172205,0.027831597,-0.03276527,-0.028615462,-0.032351196,-0.001223564,0.1360744,-0.025031336,-0.0038252522,-0.026534827,-0.007225602,0.018532714,-0.087023444,-0.016512403,0.020829365,-0.055983044,-0.10789057,0.042749554,-0.017750116,0.120437294,0.027275328,-0.023613235,0.020169271,0.04799791,-0.021807011,-0.042732228,0.033962168
CITI_OreInv_BRA_Mt,0.04560588,-0.03700704,0.029773073,-0.0034765587,-0.031122932,-0.02427176,0.07321288,0.013542868,0.015172836,-0.030109374,-0.021380045,0.093304195,0.07193454,-0.06172815,-0.037257094,0.014613911,0.11872452,-0.043818988,0.0012545654,-0.0534651,0.009004544,0.014276094,-0.0045975647,-0.011098804,0.02836356,-0.029364457,-0.03998497
CITI_OreInv_days_mills,-0.028508935,0.03996843,-0.011709663,-0.00063844107,-0.033797264,-0.005862196,0.059060868,-0.042744543,-0.056465283,-0.017992599,-0.008532442,-0.018015526,0.05247513,0.044348963,-0.034887467,-0.009917179,0.01620227,-0.042586453,0.04191833,-0.008160898,-0.07926518,-0.0647019,0.0058665304,0.01184206,-0.0010860637,0.0034205306,0.01966911
CITI_AppConsump_Rebar_Mt,0.065213226,-0.052837122,0.031173045,-0.015048535,-0.007051717,-0.022492543,0.010965777,0.020264803,0.025053604,0.007098068,0.0015053551,0.00014137515,0.006624717,-0.006049864,-0.009808592,0.013944259,0.009516905,-0.0012778753,-0.010971334,-0.007844071,-0.0038232473,0.000667866,0.002249388,-0.014185888,0.002052481,0.012493107,-0.010626686
CITI_AppConsump_HRC_Mt,0.06521322,-0.052837115,0.031173032,-0.015048532,-0.0070517086,-0.022492534,0.010965781,0.020264793,0.025053613,0.0070980745,0.001505357,0.00014137433,0.006624729,-0.006049865,-0.009808604,0.013944261,0.009516909,-0.0012778735,-0.010971351,-0.007844066,-0.003823266,0.0006678737,0.0022494062,-0.0141859,0.0020524694,0.012493098,-0.010626689
CITI_AppConsump_Total_Mt,0.06521322,-0.052837115,0.031173036,-0.015048528,-0.007051713,-0.022492534,0.010965787,0.020264797,0.02505362,0.0070980713,0.0015053425,0.0001413806,0.00662473,-0.006049867,-0.009808601,0.013944262,0.009516911,-0.0012778684,-0.010971341,-0.007844071,-0.0038232552,0.0006678754,0.0022494015,-0.014185891,0.002052456,0.012493102,-0.010626689
CITI_IronOreSpot_MB_USD_t,0.009656328,0.06325639,0.057160754,-0.040706225,-0.015219857,-0.077252775,-0.05362092,0.003190682,-0.002113796,0.012714767,-0.028835453,-0.016266553,0.0078063025,0.025854085,0.011018517,-0.0021811975,-0.004945398,-0.012202326,0.022206238,0.032444775,-0.017038656,-0.034467354,0.016750587,-0.02687381,0.023101956,-0.008769997,0.0019052695
CITI_Rebar_Shanghai2_CNY_t,0.01579809,0.0855256,-0.0034891851,-0.015297365,-0.0046522133,-0.0067995093,-0.0053052767,0.038998198,-0.01960877,0.008387868,-0.011696292,-0.017622417,-0.009750838,-0.009873717,-0.021341473,0.018109433,0.016619906,0.007080418,-0.0065951413,0.021498943,-0.00037338698,0.030385597,-0.003926299,0.02883663,0.008312243,0.014924285,-0.011153737
CITI_Scrap_Turkey_USD_t,0.050536085,0.05517155,0.010708605,-0.06027002,-0.006327465,-0.031569287,0.0084281955,0.028042039,-0.013282158,-0.01968472,0.0006927692,-0.025005477,0.003911094,-0.025071455,0.02837449,0.035546534,-0.00013785393,0.022321872,-0.00030755397,0.029136483,-0.0006244499,0.0058273873,-0.007816519,-0.0173012,0.02291727,-0.027771272,0.02825757
CITI_Steel_SEA_USD_t,0.029014383,0.08102757,0.0081821345,-0.025148,-0.011172641,-0.03571137,0.0011475512,0.026952805,-0.005920664,0.0068485606,-0.011123342,-0.008345938,-0.019980848,-0.023973923,-0.0048481002,0.013858541,0.009854301,0.015149058,-0.0042322017,0.026109764,0.0044614933,0.009570323,0.020020856,0.008543378,-0.0023200817,0.0054851477,-0.008445516
CITI_Steel_US_USD_t,0.036576807,0.07015404,0.010799435,0.0045023854,-0.028427485,-0.03775753,0.020641414,0.048481688,0.008227012,0.042887196,-0.0051110047,-0.02457867,-0.011965846,-0.038753096,-0.01745333,0.06191164,0.024230318,0.026626375,0.0009495418,-0.032637376,-0.0027430716,0.037261315,-0.009334812,-0.008461751,0.01375345,0.0024826725,-0.032661274
CITI_China_Rebar12mm_CNY_t,0.019569414,0.08554636,0.0014866239,-0.01770432,0.0011259398,-0.01969793,-0.0094235465,0.025621356,-0.007060662,0.014389944,-0.01561655,-0.019144364,-0.02469879,-0.0096520465,-0.021916812,0.01303075,0.016942926,0.014654918,0.0020753804,0.015894128,0.008847016,0.020327589,0.012602129,0.02531955,-0.010569701,0.005364551,-0.019191481
CITI_China_HRC3mm_CNY_t,0.013254122,0.085867375,0.014794384,-0.019096792,-0.012006741,-0.021864315,-0.016421694,0.030308083,-0.008029117,0.011871045,-0.009516833,-0.023671899,-0.021227036,-0.015888687,-0.017383924,0.009049038,0.0012196782,0.009555285,-0.0075718914,0.010189719,0.003461494,0.02050585,0.013743451,0.01851059,-0.010204225,0.017551383,-0.009700554
CITI_China_Billet_Q235_CNY_t,0.020462671,0.08534149,0.0018560976,-0.01789373,0.0007745528,-0.020036204,-0.009470699,0.025839064,-0.0069307415,0.013211913,-0.014214374,-0.019755231,-0.02474756,-0.010740981,-0.02167676,0.011898525,0.016337058,0.013056869,0.00063025806,0.015934668,0.008453181,0.01994572,0.01329597,0.024073191,-0.0109623475,0.004286533,-0.020090329
China_Steel_Exports_Mt_CLRK,0.049402915,-0.053959746,0.038481236,0.018552024,-0.0029116138,-0.04064444,0.019573446,-0.015004123,0.047526643,0.004759166,-0.06181372,0.004761142,0.0032584956,0.016476894,0.040084634,0.041792113,0.0009058678,0.013488299,-0.012526891,-0.028994828,0.01424181,-0.0024556424,-0.016405948,0.047572352,0.029276587,-0.00075327605,-0.010049314
China_Mainland_TPU,-0.032284234,-0.010745483,0.017374985,0.028571758,-0.02337739,0.0324419,0.03345081,-0.007587814,0.014307203,-0.055999387,-0.020684456,0.08149496,0.078156486,-0.0916308,-0.03149047,-0.009059668,0.03878524,0.04208585,0.083373584,-0.0034856244,0.009931047,0.050551776,0.03446477,0.030198138,0.13997196,0.11593046,-0.022637885
Bunker_HSFO380_CLRK_W_USD_t,0.07373106,0.011748991,-0.004129041,-0.02326954,0.01071822,0.03351821,0.0037724553,-0.06482121,-0.010395583,-0.037912246,0.000104559105,0.00020481748,-0.012540915,0.009298169,0.059123572,0.05722026,0.028138123,0.011484581,0.03687875,0.011556768,-0.020988956,0.0017297001,-0.039033674,-0.013649847,0.017839842,-0.0048100203,0.019403173
Bunker_MGO_CLRK_W_USD_t,0.06449964,0.0043016286,-0.0479477,-0.04064967,0.038336646,0.033476207,-0.047055196,-0.039784938,-0.037671,-0.028417984,-0.0029737928,0.019071428,0.042916484,0.0036497333,-0.0023396697,-0.0138124265,0.029695269,-0.020085689,0.03450137,-0.015606701,0.001084101,-0.018440098,0.0003657871,0.008374834,-0.014156101,0.0009903809,0.004858158
Coal_Price_AUS_USD_t,0.054071847,0.018203914,-0.049159184,-0.05451735,0.04858592,0.0076683755,-0.05519255,0.038233347,-0.022101209,-0.0076601477,0.017969085,-0.011508238,0.041238196,-0.05450336,-0.026665421,-0.05608114,-0.0019293413,-0.019350529,-0.028055182,0.059778035,-0.008667104,-0.022726096,0.023772383,0.052353974,-0.00020334551,-0.005793987,0.032981016
Brent_Crude_USD_bbl,0.07425156,0.015371829,-0.028644232,-0.039255537,0.021479141,0.039364755,-0.028818944,-0.034708586,-0.034509096,-0.0128081655,-0.010961312,0.013072053,0.034714833,0.0206451,0.0090040155,-0.021221202,0.006481158,0.000121387624,0.008126807,-0.017954,0.011590925,-0.0051916926,0.007899527,0.0026045123,-0.011846111,-0.0048409747,-0.000341977
MSCI_WorldEnergy,0.06850538,-0.04436051,-0.0014460996,-0.01904754,0.007340919,0.02861791,-0.009346076,-0.03525298,-0.040794145,-0.0048404606,-0.04795838,-0.013476692,-0.005909131,-0.0053605726,-0.022495808,0.0027082874,0.0062800245,0.010204882,0.0063236416,-0.0072362237,0.017438957,-0.0018864995,0.0014986732,-0.0002751446,-0.0027451927,-0.02227503,0.003153659
Wheat_CBOT_USdc_bu,0.038637463,0.050255656,-0.050579086,-0.06514951,0.038840476,0.004435018,-0.0066698,0.0043217894,0.0131234145,-0.035037704,0.013246953,0.04864452,0.046108373,-0.032464817,0.013246263,-0.0060674916,-0.0046437923,0.0014335795,-0.022685947,0.025411053,-0.033388957,-0.0046160184,-0.00087910553,0.013085864,0.0127936695,-0.011204556,-0.01036171
Aluminum_LME_USD_t,0.07133309,0.024380475,0.003872122,-0.045634374,-0.013229638,-0.0012210108,0.05699946,0.017122926,0.009728918,-0.031458717,-0.005487571,0.022631498,-0.010892804,-0.032901652,0.011526274,0.0023818815,0.031211654,-0.00589855,-0.012638167,0.042002324,-0.007640288,0.014672458,0.023498766,-0.015709141,0.009582853,-0.0039751823,0.013330231
SP500,0.063670434,-0.034924485,0.04890921,-0.0007520684,-0.045741603,-0.019781215,0.057429258,0.01893651,0.019874835,-0.0008535618,0.005442166,0.013835719,-0.005105885,0.0050152033,0.00084713986,-0.0012453523,0.010712616,0.010495489,-0.0015795185,0.016539227,-0.004365073,-0.00041889606,0.009592038,-0.008442793,-0.00082001503,-0.010348774,0.012949052
HangSeng,-0.049197223,0.04832751,0.026222851,0.020308018,-0.045636017,-0.024880987,0.054192044,-0.036199197,-0.003834803,-0.0121927485,-0.033348843,0.06870384,0.018225957,-0.044644054,-0.029716307,-0.014342482,0.05745245,8.337548e-07,0.0012108408,-0.024120497,0.02572356,0.0087656155,0.00082726596,0.01555953,-0.0026300054,-0.01792938,-0.0019332964
EuroStoxx50,0.05976369,-0.038850177,0.052037496,0.008971308,-0.044595227,-0.008397454,0.054794185,-0.0072164778,-0.00924934,0.0075851586,-0.030532883,-0.014816684,-0.024193116,-0.02412765,-0.03263424,0.009481299,-0.0072146086,0.017192347,0.002639361,-0.033108026,0.013307516,0.0064847358,-0.0023575632,-0.031179614,-0.0012035598,0.011322373,-0.0048468485
MSCI_Global,0.06243064,-0.02794738,0.05534431,0.0021442736,-0.053430635,-0.021137249,0.062046446,0.017847773,0.01631637,-9.914468e-05,0.002529641,0.01578422,-0.0053258673,-0.0035537241,-0.004282386,0.0010391922,0.01454284,0.010632203,-0.0023420732,0.009599454,-0.0011614149,0.0020929216,0.0049277325,-0.011962832,-0.0019510086,-0.010726251,0.013038678
MSCI_EM,0.005357714,0.051004015,0.06809906,0.005658575,-0.08466332,-0.035262823,0.055969894,0.007764311,-6.980584e-05,-0.0095411185,0.009965068,0.054197356,0.027547413,-0.027701074,-0.002440142,-0.016736832,0.022526532,-0.008349804,-0.014380791,-0.002939023,0.0049328334,0.00879702,-0.028471075,0.02290974,-0.025463315,-0.015452061,0.028371062
KOSPI,0.043636695,0.04231077,0.06652181,-0.004325175,-0.056551468,-0.043730754,0.015318137,0.03445789,0.007111173,0.020145802,0.014495569,0.035177466,0.011468498,-0.024262516,-0.005721922,0.005458529,0.026231661,-0.0057215802,-0.021077741,-0.03249515,0.018148785,0.0139306225,-0.04665754,0.001543228,-0.035028774,-0.020164108,0.024576966
VIX,-0.03354158,0.00556121,-0.047605686,-0.026882095,0.059227098,-0.064796284,0.03978162,0.03669816,0.093325794,-0.023088086,0.022153262,0.026154727,0.04612458,-0.003855952,0.08119468,0.006009576,0.035665005,-0.0642801,-0.046971053,0.012004895,-0.04866557,0.0023768225,0.061900508,0.017255805,-0.030571004,0.078142785,-0.015258696
VHSI,0.0058456943,-0.018277219,-0.05092152,-0.038968135,0.0806654,-0.037507355,0.013139508,0.03253098,0.07238549,-0.00809422,0.009806706,-0.032781996,0.003464209,-0.013459217,0.055843614,-0.011116519,0.074355505,-0.051676396,-0.04296214,0.0169456,-0.10601028,0.038158976,0.084911324,0.07591006,-0.03587054,0.07235325,0.01024794
VSTOXX,-0.02812673,0.010772917,-0.048686586,-0.03229087,0.065608166,-0.05721655,0.04398511,0.037887134,0.094382636,-0.028488383,0.022172654,0.025808835,0.023443477,0.0112363845,0.10150203,0.011402694,0.059607945,-0.049008127,-0.034293167,0.02635008,-0.0407206,-0.006689303,0.06350672,3.7574024e-05,-0.030541169,0.064227164,-0.0066100284
Nikkei225,0.060985435,-0.04190828,0.056082018,0.0048094,-0.039645698,-0.013559982,0.024746515,0.009240084,0.007235575,0.0109735895,-0.0015189486,-0.014477063,0.0038074253,0.030080361,0.013846852,-0.008014548,-0.019717518,0.007068067,-0.0037409095,-0.017568732,-0.0074639376,0.0008904525,-0.025193483,0.018986132,-0.029339949,0.0056633386,0.027715689
Guinea_CHN_Bauxite_Import_MT,0.018811697,-0.02600349,0.010654431,-0.018812336,0.0023601614,-0.009867911,0.015129909,-0.00040185748,0.0016835196,-0.014770873,-0.008691993,-0.019589355,0.017360596,-0.022363974,0.006001759,-0.0047052647,-0.010018511,0.01492925,-0.021566626,0.013091998,-0.020397078,0.038883418,-0.013712999,-0.0060720122,0.05240031,0.0856899,-0.00904861
Guinea_Bauxite_Cape_Export_MT,0.017092962,-0.024990357,0.011457604,-0.015660191,-0.000275396,-0.0067480435,0.013257935,0.0015566314,-0.0035404935,-0.017034462,-0.005676842,-0.016750474,0.01608666,-0.024840716,-0.0050161122,-0.009908344,-0.0014815724,0.010394316,-0.027906835,0.013044782,-0.0042870617,0.030776286,-0.016485898,-0.009718402,0.068576716,0.098612405,-0.024588931
AUS_IronOre_Exports_Mt_CLRK,0.015209316,-0.018099405,0.003596397,0.036950924,0.015611322,0.017758885,-0.041657787,0.108523026,0.07503217,-0.03455158,-0.06418239,0.07334888,-0.010033246,-0.064050846,0.08180711,-0.00024319251,0.00093412335,0.1349185,0.017894698,-0.049232133,0.052105695,-0.080268435,-0.014928797,-0.009220288,0.02041752,0.0041313414,-0.042564888
Brazil_IronOre_Exports_Mt_CLRK,0.024915533,-0.023128225,0.03430779,0.07767917,-0.019858709,0.023363322,-0.070016645,0.037408132,0.021046435,-0.021630563,0.057271156,0.083375484,-0.032619864,-0.0029576384,0.03457375,0.0030320908,0.086496465,-0.004099635,0.044124193,0.022031493,0.041746803,-0.05112164,-0.016237423,-0.014703488,0.011797039,-0.06859759,-0.009048714
China_IronOre_Imports_Mt_CLRK,0.0069584106,-0.042043947,0.041660633,0.032184277,-0.023433162,0.035033986,-0.034437984,0.052108575,0.037314635,-0.036720183,0.08019519,-0.0392854,0.03193551,-0.0012478705,0.006657201,0.042353526,-0.011859406,-0.004583904,0.04456205,0.0023892326,0.09436598,-0.059287038,0.035179492,0.1216434,0.01952157,-0.032093115,-0.07259832
SKorea_IronOre_Imports_Mt_CLRK,-0.011566579,0.017509215,0.004654622,0.036389682,-0.038212683,0.025019648,-0.002334599,0.018197343,-0.004574717,-0.027473196,-0.026169863,0.020109642,0.08691629,0.041649904,0.07019803,0.045280118,-0.03145342,0.020667315,-0.013642229,-0.045838848,0.093177125,0.0011070693,0.0016518591,0.08963237,0.0640792,0.039885007,-0.04212544
Japan_IronOre_Imports_Mt_CLRK,-0.00267958,0.04393715,-0.023173599,0.03834169,-0.034380425,-0.0056682276,-0.0017815409,-0.01794005,-0.055184335,0.026184086,-0.10029416,0.016420795,0.03594678,-0.0442645,0.07301322,0.08562127,-0.006633489,0.0006549646,0.014893213,0.06075844,0.023488617,0.00583943,-0.05598919,0.022624096,0.050669167,-0.048023153,-0.033562254
Taiwan_IronOre_Imports_Mt_CLRK,-0.0065199067,0.055743672,-0.017150857,0.0049404106,-0.00029776947,-0.015945377,0.028442724,0.0013226022,0.0002059705,0.029825248,0.0051668976,-0.059281114,0.053857222,0.042650282,0.052004,0.011990534,0.03592522,0.028573692,-0.095472634,-0.01563232,0.007557826,-0.03397749,0.030195583,0.037879266,0.06244793,0.0042333403,0.04834808
China_LPI_Value,-0.016830109,0.0048488392,0.042898633,0.02844031,-0.010112366,0.01397581,-0.024081934,0.05955506,0.024770837,-0.016184477,-0.048957884,0.020456158,0.032187533,0.084242314,0.022666106,0.059915658,-0.031391483,0.070063844,0.037249148,0.042596865,0.08891095,0.046096258,-0.0384938,0.10286959,0.16497381,0.20288375,-0.006545685
Platts_HFO380_SIN_ext_USD_t,0.074988306,0.012486326,-0.00024741862,-0.027575888,0.011256789,0.041194007,0.0051373667,-0.06143998,-0.0073516774,-0.025887908,-0.0050137667,0.0032890285,-0.017153634,0.008086006,0.071163364,0.050184347,0.019958243,-0.0011453278,0.029867444,0.0031839283,-0.028169487,0.0060823527,-0.015532715,-0.01125044,0.028411647,-0.024506817,0.011522881
Platts_MGO_SIN_ext_USD_t,0.065280735,0.0048711165,-0.04622625,-0.042455483,0.037316374,0.03927629,-0.046419807,-0.03948954,-0.03558126,-0.022498071,-0.009110647,0.022330804,0.046491243,0.007967471,0.0028031196,-0.017636925,0.027897783,-0.021388674,0.028961606,-0.021076337,-0.0007548687,-0.014030741,0.014630928,0.007134969,-0.0077052717,-0.0075979005,-0.00022852255
TF_AUS_CHN_IronOre_MT,-0.04939454,-0.01305983,-0.0027551146,0.02430687,0.01443773,0.037688535,-0.028510243,0.0018792291,0.0047875834,-0.015453623,-0.01679431,0.01091184,-0.037005764,0.0028211817,0.034448717,0.05043484,0.006981724,0.050779883,-0.0119012715,0.006331304,0.008652236,0.03256016,-0.0020120747,-0.05879469,-0.029735574,0.069361396,-0.05612782
TF_AUS_CHN_Coal_MT,0.03269507,0.0063554584,0.007192861,-0.016109837,0.0066796043,-0.018901834,-0.008605732,0.023180855,0.0016605144,0.022362974,-0.03104446,-0.012194695,0.0002554902,0.012025163,-0.009051725,0.011635481,0.00081685453,0.043762,-0.032822404,-0.013174855,0.011832857,0.008379862,-0.010807388,0.0125391,-0.040784918,-0.028504122,-0.035074268
TF_AUS_CHN_Bauxite_MT,0.018957362,-0.02358709,0.002764981,0.01727185,-0.01791573,-0.004585493,0.011457375,0.030129436,0.024160316,-0.010809639,0.005709645,0.07419641,-0.030432908,-0.007504734,0.021756355,0.018150758,-0.011196427,0.031802386,-0.0075988355,-0.055304065,-0.03675176,0.00152596,-0.031229423,0.055272646,-0.017258625,-0.055729862,-0.08402632
TF_AUS_JPN_IronOre_MT,-0.015822196,0.00463883,0.001139304,-0.0017338094,-0.0017240824,0.010290975,-0.012141792,-0.004314837,-0.010823228,-0.01092353,0.0019998183,0.006392902,-0.027168635,0.008534746,0.06023582,0.030893624,0.030264994,-0.04285573,-0.00046696057,-0.08255506,-0.022236153,-0.029528754,-0.026375152,0.023837516,-0.100448795,0.040976413,-0.05553226
TF_AUS_SKorea_IronOre_MT,-0.0015317602,0.006342236,-0.0042993985,0.007834176,0.023504846,0.021634897,-0.016303375,-0.0254722,-0.016358871,0.00020426007,-0.009372968,0.016937835,0.010066049,-0.047715276,-0.011983763,0.08908213,-0.013780824,-0.0024879556,-0.035200942,-0.012559613,-0.010140328,0.009980413,0.04093077,0.03190133,0.051509906,-0.03573655,-0.024359962
TF_AUS_Taiwan_IronOre_MT,-0.007879362,0.018823093,0.0038138377,0.00059543387,0.027492246,0.008978378,-0.030949999,-0.027391873,0.011277897,-0.023870016,0.007698619,0.016304767,0.033779524,0.039334733,0.012352966,0.063343115,-0.023652252,0.05473601,-0.038882125,0.0035687033,-0.070899464,0.00074437517,0.04494402,-0.029695267,0.10273726,0.043477092,0.0020456626
TF_Brazil_CHN_IronOre_MT,-0.000644163,-0.011549619,0.012971936,0.027107071,-0.0010225349,0.019035853,-0.022838142,0.01705659,-0.0049062828,-0.003306874,0.042255264,0.027958687,-0.031749714,0.0020709813,0.02569993,-0.026763897,0.049786832,0.045723327,0.026691822,0.03106914,0.038315464,0.010317634,0.047162976,-0.03942169,0.029322712,-0.06502676,-0.037897084
TF_Brazil_SKorea_IronOre_MT,-0.016525678,-0.025642958,0.029177092,-0.014952858,-0.009592471,0.00430881,-0.03644544,-0.027047833,-0.019382158,-0.027358117,0.034796692,-0.0549102,-0.03687904,0.082165904,0.06732044,0.04842445,-0.08018479,0.06089455,-0.12972723,-0.06369436,-0.010236308,-0.027988993,-0.020795582,0.07407871,-0.13200074,-0.06435462,-0.033447005
TF_Brazil_Taiwan_IronOre_MT,-0.0013896469,-0.0053012576,-0.01681538,-0.056707546,0.036799785,0.0129186595,-0.059267107,0.08743728,0.06148498,-0.019349406,0.13457605,-0.031131268,-0.011690293,0.06397506,0.064050615,0.035810623,-0.03845378,-0.037218597,-0.107152864,0.028385853,-0.023033263,-0.0056287926,-0.053110827,-0.05025813,-0.034035,-0.025642216,0.06755436
Value,0.027212257,-0.036869176,0.024885627,0.008270936,0.0053631547,-0.011362951,0.044886485,0.0011581072,0.014631847,0.0014012201,0.009039379,-0.019956546,-0.018549688,0.050064165,0.0010104097,-0.042119645,-0.04612922,-0.008919242,-0.008081298,0.02370503,0.000596335,-0.022737538,-0.015534415,-0.016580489,-0.0064135455,0.030303074,0.057705898
price_volume,0.031169157,-0.030637303,0.027439037,0.021383515,0.011781573,-0.0055890004,0.043707415,0.009221574,0.011158526,-0.0055352664,0.007931743,-0.023810757,-0.016572226,0.05012828,0.014437152,-0.052701093,-0.061418362,-0.014538857,-0.011139841,0.019966332,-0.0034052255,-0.036337636,-0.025337398,-0.022133457,-0.011131468,0.029913569,0.058594145
vwap_7d,0.0475827,0.047209565,0.015571153,0.08311016,0.010790088,0.04235866,-0.0006195457,0.052105226,0.014969247,-0.03334184,-0.03620844,-0.02804781,-0.00477001,0.00630183,-0.006355563,-0.02864245,-0.007908478,-0.023436736,-0.024801904,0.010942717,-0.030981593,-0.013624978,-0.034829795,-0.014312406,0.0029111642,-0.012470373,-0.0057177404
vwap_30d,0.048569173,0.041416313,-0.011177852,0.075968504,-0.056961752,0.044754922,0.0018832061,0.04086286,0.025379427,-0.017157769,-0.0058763004,-0.029497614,-0.02215927,0.009918662,-0.015972601,0.0026101188,-0.014567716,-0.013762473,0.030375749,-0.011498151,-0.01077246,0.0009373214,0.020357372,0.02347415,0.0036113602,0.004090367,-0.012881243
vwap_60d,0.045303497,0.03294632,-0.020295648,0.058731314,-0.0750031,0.032117076,0.03946883,0.06733077,-0.036823988,0.0022470693,0.027293157,-0.029294465,-0.025197068,0.011755418,0.024369298,0.013947091,-0.027173243,-0.013693745,-0.00837725,0.00088412396,-0.045222767,-0.0009222618,-0.022125484,0.028742481,-0.04066436,0.015291982,-0.012130008
C5_lag_1d,0.04693758,0.047392692,0.019996794,0.083649576,0.02578139,0.040036727,0.005745687,0.05447925,0.00093170087,-0.027353302,-0.02701749,-0.014487578,-0.011291549,0.003186396,-0.0075305616,-0.017155455,-0.01488092,-0.020251838,-0.014823689,0.0063022175,-0.04813413,-0.010647393,-0.017303724,-0.009353594,-0.007113929,-5.6720244e-05,-0.005027489
C5_lag_2d,0.047023006,0.04714357,0.016862273,0.08291048,0.01821897,0.04193903,0.0024189607,0.05220788,0.009807407,-0.030715048,-0.03266849,-0.022867173,-0.008551674,0.0032902146,-0.008482858,-0.022942966,-0.009392259,-0.021655124,-0.025278477,0.009747557,-0.04072721,-0.014905967,-0.027696047,-0.012948134,-0.0013048913,-0.006715669,-0.006073336
C5_lag_3d,0.047066405,0.046872597,0.013806466,0.08206541,0.0108480835,0.04335552,-0.00091471185,0.049991243,0.01793199,-0.034186997,-0.037455793,-0.030125894,-0.006409742,0.003784542,-0.009943907,-0.026915899,-0.0047834837,-0.02250428,-0.033013072,0.012549251,-0.03242762,-0.016862515,-0.03489426,-0.015264062,0.00339262,-0.011166573,-0.0065572946
C5_lag_5d,0.047065966,0.046207834,0.007813142,0.08028098,-0.0030950478,0.044939883,-0.0069485474,0.045809615,0.031744067,-0.040268183,-0.044130985,-0.042033244,-0.0024435301,0.0044756904,-0.014440213,-0.029680029,0.0023879097,-0.023454284,-0.042414412,0.017258752,-0.016632589,-0.01772799,-0.044537477,-0.01662762,0.009891885,-0.017188948,-0.0069829603
C5_lag_10d,0.046688054,0.044127524,-0.005452934,0.07308663,-0.03345465,0.046381153,-0.01661756,0.03602781,0.049189877,-0.04102817,-0.040583033,-0.048275664,0.0006896277,0.013440548,-0.025835807,-0.016484492,0.0030587134,-0.020228848,-0.028208157,0.012472502,0.0075578084,-0.0018797079,-0.009743639,0.0006210916,0.012188014,-0.016514257,0.003810124
C5_lag_21d,0.04432083,0.038104177,-0.026829768,0.055756863,-0.071438275,0.035802744,-0.014866918,0.023104444,0.03044038,-0.011744109,0.012303178,-0.011635193,-0.0123102935,0.04222163,-0.025271708,0.03355828,-0.026806246,-0.010996985,0.04771148,-0.024782198,0.016508399,0.029234115,0.089628704,0.04611836,0.0039428356,0.020942355,0.035770893
C5_lag_42d,0.041457113,0.027606454,-0.033851117,0.037505083,-0.058289856,0.016837748,0.030275024,0.049687844,-0.06082264,0.009471693,0.04404975,0.039302584,-0.04216568,0.0764288,0.0026797852,0.0037409065,-0.03018444,-0.024594642,2.6239783e-05,-0.015500877,-0.07251505,-0.0352646,-0.07196124,0.010155147,0.053452596,0.0024090307,-0.048191514
C5_lag_62d,0.037915204,0.019822655,-0.04286849,0.007977202,-0.05924809,0.01646524,0.048593625,0.06047878,-0.0707088,0.02901307,0.016536599,0.0121015245,0.015201233,0.04357036,0.06312061,-0.053520653,-0.04050386,0.028065432,-0.0018711644,0.048760418,0.06741197,-0.055060543,-0.023021013,-0.028076805,-0.02486166,0.023940751,-0.019301772
C5_logret_1d,-0.0007875621,0.0012019539,0.018052312,-0.0013353906,0.03967855,-0.011009193,0.018653223,0.0066778027,-0.047640543,0.022306655,0.03919874,0.049394228,-0.01841739,0.014524439,-0.0029306016,0.032873463,-0.024976254,0.01523493,0.06609635,-0.01959768,-0.0053565474,0.042341452,0.08851141,0.03387221,-0.026244959,0.046887502,0.012420761
C5_logret_5d,-0.0004838297,0.0035756726,0.037843764,0.005079864,0.08560543,-0.0112903025,0.03880303,0.024114432,-0.08910076,0.0358353,0.056645207,0.08515926,-0.025516694,0.014022866,0.0067795566,0.038256366,-0.048056934,0.021751694,0.09729636,-0.028980123,-0.059442937,0.038181387,0.09657745,0.026661525,-0.046231575,0.05643192,0.008215662
C5_logret_10d,0.00040171848,0.005969392,0.04886213,0.0140335485,0.10927096,-0.008753412,0.042931583,0.032722518,-0.08819278,0.021633655,0.03693106,0.06806699,-0.017206836,-0.000734846,0.01808813,0.005314091,-0.03252599,0.024954148,0.053824805,-0.0102040395,-0.06490421,0.0011510776,0.0048268866,-0.013789349,-0.038516488,0.040129647,-0.010236957
C5_logret_21d,0.002996055,0.010634265,0.058697823,0.02840672,0.11803267,0.006459152,0.02740776,0.039276727,-0.03832764,-0.026154684,-0.024430027,0.004821123,0.011206645,-0.03797572,0.011588786,-0.047762346,0.005084175,0.02763226,-0.028234636,0.021501668,-0.036417916,-0.041550063,-0.1015582,-0.055354454,-0.018391244,-0.010492603,-0.041997686
C5_logret_42d,0.0052583124,0.019248623,0.060323995,0.04268799,0.09063612,0.025240947,-0.023299705,0.011599621,0.055421364,-0.057539906,-0.05077982,-0.036367796,0.037310913,-0.066919155,-0.024995906,-0.010093344,-0.009254756,0.027758311,0.020162052,-0.0049180673,0.050689705,0.019619854,0.068638265,-0.010164946,-0.057885874,-0.014468788,0.041523155
C5_logret_62d,0.0075979657,0.023434602,0.06273941,0.059705704,0.07473166,0.024943622,-0.040819753,-0.0031160396,0.057003986,-0.06874047,-0.015945446,-0.00094660354,-0.01741808,-0.03452976,-0.07097627,0.034644626,-0.004066457,-0.021568654,0.020941446,-0.061148975,-0.06695056,0.019086633,0.022037152,0.015425825,0.028868698,-0.034937173,0.01051869
C5_FFA_C5_1MON_lag1d,0.05412203,0.05517282,0.009326304,0.060293626,0.025087422,0.02556988,0.017640969,-0.0075095864,0.030343536,-0.023301663,-0.011958681,0.010500069,-0.033336576,0.039919723,-0.013053318,-0.029023724,-0.009830783,-0.027448151,-0.01182738,0.020373767,0.0012336747,-0.011377379,0.002974526,0.0032888714,0.012237605,0.024713174,-0.0071614105
C5_FFA_C5_1MON_lag5d,0.054353267,0.05351679,-0.002050685,0.062652946,0.00593425,0.02456704,0.0060677906,-0.007933797,0.047249086,-0.037925635,-0.019209638,-0.0022466304,-0.031497154,0.033935785,-0.014635165,-0.041399095,-0.0013435897,-0.010222858,-0.015714552,0.023248479,-0.0045243776,-0.0011824727,-0.020499678,-0.010691792,0.004963869,0.020509379,-0.011269237
C5_FFA_C5_1MON_lag21d,0.052786604,0.044812,-0.03254373,0.0579816,-0.039466657,0.022910189,-0.005456074,0.00036513482,0.04054854,-0.013180665,0.016468495,0.03511741,-0.037220486,0.03440193,0.01112468,-0.008370439,-0.03672446,0.013370697,0.05604079,-0.021939006,0.00026120988,0.0132935885,0.06647016,0.018631147,0.011746729,0.02360177,0.011995367
C5_FFA_C5_2MON_lag1d,0.05699786,0.054128308,0.0043521067,0.039685942,0.02880138,0.01307668,0.022959655,-0.03832044,0.037355196,-0.013028196,-0.013642057,0.013753383,-0.036789592,0.046988904,-0.0041329754,-0.028631777,-0.013515411,-0.032161586,-0.005979413,0.014138835,0.022029921,-0.028222999,0.009279101,-0.021013098,-0.004572119,0.012365726,0.0025929858
C5_FFA_C5_2MON_lag5d,0.057428136,0.0526563,-0.005104041,0.04431442,0.016942816,0.01215641,0.014544647,-0.039351065,0.050333817,-0.022587659,-0.014874996,0.0056978846,-0.03809038,0.042144153,-0.004699115,-0.037697982,-0.0069982386,-0.022407524,-0.009334771,0.017108142,0.015781306,-0.021972502,-0.0075209285,-0.02493594,-0.005636419,0.01838482,0.001259913
C5_FFA_C5_2MON_lag21d,0.056971986,0.044486508,-0.03333291,0.05217401,-0.0126320375,0.012108637,0.00264111,-0.028382707,0.050381165,-0.0046861335,0.01770434,0.041786473,-0.04870905,0.042188272,0.012284293,-0.026973661,-0.03242118,-0.00161098,0.035098486,-0.008893023,0.008493278,0.007618754,0.04701964,0.0072724214,0.0054392708,0.034119222,-8.1336584e-05
C3_FFA_C3_1MON_lag1d,0.061099507,0.042889677,-0.0014211755,0.061704416,0.024477046,0.02654767,0.010055358,-0.026581423,0.04156757,-0.024676254,-0.016573502,0.013889842,-0.03373749,0.049638957,-0.001431754,-0.028490294,-0.017164283,-0.037897754,-0.0016456745,0.007147498,0.008860335,-0.022611605,-0.0060262927,-0.009509717,-0.0033927571,0.011943771,0.0041696704
C3_FFA_C3_1MON_lag5d,0.06103563,0.041057393,-0.011346628,0.06314157,0.0078053004,0.027558574,0.00062501733,-0.02639271,0.05427024,-0.030628668,-0.019719701,0.008032337,-0.03483107,0.047684673,-0.0027594992,-0.038789675,-0.012694841,-0.026405282,-0.00083543686,0.006821855,0.0027161043,-0.014323341,-0.016565047,-0.013344003,-0.0018184802,0.007785137,0.004311858
C3_FFA_C3_1MON_lag21d,0.058614433,0.031497624,-0.038670592,0.06209689,-0.028454721,0.02488644,-0.0073360996,-0.014219684,0.03720444,-0.0045169136,0.019977404,0.04812785,-0.046113662,0.05185908,0.015168898,-0.020598764,-0.03792025,0.0019172372,0.048430923,-0.018768381,0.0005337095,-0.0024983555,0.045754716,0.02360392,0.0145354085,0.016790863,0.011296825
C3_FFA_C3_2MON_lag1d,0.06248752,0.039705276,-0.0037094266,0.04686507,0.027494984,0.016074276,0.015674016,-0.050484113,0.045924347,-0.013021559,-0.014784553,0.01783806,-0.038293142,0.05616719,0.007169684,-0.031598274,-0.018409453,-0.04199063,0.0033888372,0.0025126685,0.026235923,-0.04282138,-0.00023204864,-0.024849601,-0.012085354,0.008232115,0.0149788605
C3_FFA_C3_2MON_lag5d,0.06255079,0.037998445,-0.012262815,0.050331842,0.016132351,0.016731586,0.008416506,-0.050520424,0.056023017,-0.017098418,-0.014373091,0.014686675,-0.041041236,0.054208547,0.005968875,-0.04041161,-0.01458145,-0.03523994,0.0026067928,0.0036169777,0.019966148,-0.03474733,-0.009893857,-0.023971979,-0.010154962,0.009865351,0.017077744
C3_FFA_C3_2MON_lag21d,0.060891435,0.029217953,-0.03731632,0.0586141,-0.007977727,0.017341034,-0.00014639593,-0.035010174,0.044939794,0.002688285,0.019784,0.053409785,-0.052619874,0.056555815,0.019660117,-0.03739976,-0.034584288,-0.007334798,0.03645802,-0.0072990367,0.008690224,-0.0047505256,0.031856887,0.011567412,0.0031620683,0.021753196,0.008492781
China_M2_bn_USD_lag21d,0.07235672,-0.037075013,0.029312018,-0.022820026,-0.0040953197,-0.031838577,0.015659945,0.019074608,0.0316556,0.00950852,0.008214172,0.010385026,0.0069791977,-0.008635715,0.00047013676,0.020884741,0.011295945,0.010600508,-0.019660817,-0.01638042,0.0039945417,-0.0015396705,-0.013213305,-0.0041867886,0.012546075,0.008370504,-0.017519668
China_M2_bn_USD_lag42d,0.07322435,-0.037751228,0.026607445,-0.019699426,-0.0027167003,-0.026500642,0.009555087,0.019132713,0.03403394,0.0129622705,0.0040003425,0.0155453,0.009882625,-0.007014159,-8.0622216e-05,0.021588944,0.007861395,0.010819837,-0.008868375,-0.011969612,0.0013174997,0.010240865,-0.011587766,-0.007180053,-0.003899808,0.010058816,-0.012745063
China_M2_bn_USD_lag62d,0.07367109,-0.038840268,0.024039475,-0.01696446,-0.003253079,-0.02199339,0.0039720545,0.019386409,0.031146701,0.014104536,0.0028497751,0.018451814,0.007951666,-0.004038179,-0.004409192,0.015516996,0.017783804,0.012715786,-0.013061682,-0.017056368,-0.006076536,-0.0020294252,-0.008223607,-0.0046672258,-0.0008404183,0.010425586,-0.0009864718
China_New_Loan_bn_CNY_lag21d,0.003851235,0.006929993,0.0061516515,-0.008886662,0.059327208,-0.037026312,0.027965887,-0.02648312,0.030598378,-0.007880817,-0.016976614,-0.06298832,-0.047279164,-0.043691948,0.04066763,-0.11417329,0.0209789,0.092249796,-0.06886402,-0.14445926,-0.013797015,-0.06962659,-0.07156939,0.078733556,0.1821296,0.07275024,-0.044812363
China_New_Loan_bn_CNY_lag42d,0.0044045183,0.0053557996,0.0011221414,-0.0033823694,0.026861373,-0.010667114,-0.015462874,-0.008530117,0.07516576,0.008226713,-0.043774903,0.034418803,-0.009757083,-0.050522707,0.029479789,0.08512143,-0.121778734,0.008808663,0.15532146,-0.031410128,0.11632333,0.16106874,0.014734739,-0.0912632,-0.1351529,-0.037257314,-0.013686195
China_New_Loan_bn_CNY_lag62d,0.0069644805,0.0038721743,0.004251721,0.010093539,0.017625377,-0.008499656,-0.034405116,-0.007102251,0.061167102,0.005961854,-0.038287878,0.063814394,-0.050689783,0.019889511,-0.091380015,0.074586235,-0.010007058,0.04580098,-0.08186664,-0.07992163,-0.12091585,-0.19559424,-0.078141734,0.06811053,-0.006719522,-0.0061437315,-0.0054559703
China_Property_Price_YoY_lag21d,-0.06173164,0.05283262,-0.017387088,0.036715478,-0.0021148182,0.027630877,-0.0038307484,-0.026335364,-0.034260076,-0.0012830256,-0.022289915,-0.017151425,-0.013204211,0.027462397,0.012507647,0.017313229,0.027595228,-0.0038305772,0.027478758,-0.02461278,-0.0009377237,-0.0027407783,-0.00033100057,-0.016385797,0.0035370174,-0.00807075,-0.003729608
China_Property_Price_YoY_lag42d,-0.06065592,0.05251923,-0.02180515,0.037603904,-0.0023929675,0.03230114,-0.0014319579,-0.027193164,-0.034511577,-0.0041159024,-0.020298501,-0.017095322,-0.013264326,0.036613792,0.017940555,0.013389373,0.020379249,-0.0042149564,0.03028262,-0.017102212,-0.005384209,-0.009618413,-0.0022207466,-0.011480524,-0.0017570391,-0.008920054,0.0053213816
China_Property_Price_YoY_lag62d,-0.060023926,0.051758677,-0.025658945,0.037695125,-0.0022475258,0.035797372,0.0014704014,-0.027755499,-0.035929937,-0.0067431405,-0.017419834,-0.016340785,-0.01216523,0.042961042,0.022331476,0.007979509,0.012379916,-0.0036668146,0.031233016,-0.0098403115,-0.008473384,-0.015149037,-0.0033029614,-0.005161559,-0.0057915724,-0.013175981,0.014747898
China_PMI_Official_lag21d,-0.0043252,0.018051589,0.05361699,-0.012702484,-0.013154743,0.030307135,-0.020683315,-0.0018611171,0.011426242,0.011706691,0.023772793,0.03877644,0.050259147,0.008581543,-0.13351843,-0.002200779,-0.08518274,0.073198244,0.10994776,0.08978518,0.051471796,0.008409826,-0.12967601,0.020521572,0.02954976,-0.041927148,0.029380098
China_PMI_Official_lag42d,0.0013888982,0.020612245,0.047351513,-0.0025805817,-0.031099834,0.00075046124,-0.030808095,-0.028159004,-0.023003105,-0.03879939,0.049507756,0.013067192,-0.036153708,-0.06329566,0.00058380887,-0.096436724,0.000909738,0.06904888,-0.03309222,-0.0844277,-0.08806265,-0.03988996,0.07205126,0.0641349,0.03800816,0.021441171,0.08307114
China_IP_YoY_pct_lag21d,0.0025385949,0.02037743,0.06768813,-0.018865073,-0.022980839,-0.021763612,-0.0129888365,-0.0050970153,-0.0041682217,0.02094345,0.0151253855,0.0066602915,0.09998798,0.016532544,0.0017436119,-0.051561624,0.016350865,0.01236343,0.091453895,-0.04895264,0.033259343,0.054061357,-0.14669974,0.19118938,-0.00012864052,-0.06219872,0.0133369835
China_IP_YoY_pct_lag42d,0.011075394,0.028040502,0.07114157,0.005809659,-0.01965616,-0.027708376,-0.015161059,-0.02877445,-0.043863155,-0.022950564,-0.023461979,0.0074759093,0.03170643,-0.038631536,-0.022440687,-0.06740459,-0.031224854,0.03281259,0.05124901,-0.018974233,0.04224831,0.03068047,-0.051094197,0.1933738,-0.045883693,-0.11180579,-0.005584822
China_IP_YoY_pct_lag62d,0.016925918,0.034480613,0.057522517,0.024081176,-0.029715225,-0.049837552,-0.022293082,-0.029405545,-0.03727553,-0.047566168,-0.0731166,0.005705375,0.0015971918,-0.04107228,-0.014133063,-0.031620603,-0.057422135,-0.030010859,-0.02759479,0.00032991383,-0.0022410627,0.02590595,0.08519726,0.099918276,-0.05729307,-0.017933814,-0.007435972
Japan_IP_YoY_pct_lag21d,0.0400428,0.02926379,0.0027282098,0.014950211,-0.034147386,-0.082951516,-0.014302908,0.0043729553,-0.045361616,0.09235723,-0.08233501,0.030583644,-0.016548906,-0.049784005,-0.010116037,-0.042539906,0.025675507,-0.014882886,0.011345499,0.049712345,-0.0150807565,-0.0025403863,0.04828052,-0.0028747367,0.014033523,0.007999447,-0.04344758
Japan_IP_YoY_pct_lag42d,0.041039266,0.028681811,-0.00513142,0.016893424,-0.020841943,-0.042736124,0.006494653,0.01621588,-0.030054426,0.12858175,-0.08145932,-0.0024272853,-0.02841946,-0.079686664,-0.0022399887,-0.029459907,0.0933997,-0.00033987194,0.009329337,0.07215271,-0.020243278,0.015220858,0.03743396,-0.036463026,-0.03346059,0.029514408,-0.0022687833
Japan_IP_YoY_pct_lag62d,0.04138606,0.027807903,-0.015898837,0.018190226,-0.0074372515,-0.008801887,0.029905366,0.028488308,-0.018616768,0.11571968,-0.06150705,-0.033888157,-0.033751007,-0.080317356,-0.0131015405,0.023418898,0.12797241,0.01898393,0.0041997335,0.005920114,-0.006131245,0.033758216,0.049166415,0.018341556,-0.082591936,0.044835735,0.032046136
SouthKorea_IP_YoY_pct_lag21d,0.015822096,0.029933305,0.010594317,0.035496574,-0.035592068,-0.068663016,0.050359093,0.019944984,0.031382043,0.019766444,-0.04054477,-0.00932996,0.07145984,0.10400703,0.07264727,-0.03240169,-0.03456031,-0.068848364,0.055765085,0.017518913,-0.11067379,-0.07486198,0.05871892,-0.020690138,-0.0052466947,0.014551928,-0.009631221
SouthKorea_IP_YoY_pct_lag42d,0.017608596,0.02898797,0.002559244,0.024171129,-0.034245078,-0.037410233,0.063526206,0.019189052,0.051520497,0.0711152,-0.029010544,0.00282949,0.02926842,0.09269933,0.020285461,-0.09019713,0.0049222126,-0.053432092,0.08839602,0.08329754,-0.08974506,-0.0363017,-0.0035647268,-0.014590732,-0.041554254,-0.020252237,0.06489153
SouthKorea_IP_YoY_pct_lag62d,0.01962015,0.027890716,0.001285598,0.01895094,-0.021251127,-0.018623326,0.08069899,0.038860418,0.035053328,0.045259517,-0.00823682,0.012819278,-0.008802933,0.056847665,0.024876751,-0.110505246,0.02680548,0.008852028,0.07621887,0.017796634,-0.06569653,-0.06017527,0.056608807,0.035975937,-0.09927428,0.014411208,0.14179528
China_PBOC_Rate_pct_lag1d,-0.053795207,0.0549648,-0.043431573,0.022165118,0.0075504356,0.030160245,-0.023365479,-0.027042532,-0.04672156,0.00592873,-0.0157682,-0.018805467,-0.024970246,-0.003228979,0.011821251,-0.0011190862,-0.035226557,-0.008003682,-0.0029552844,-0.004860443,0.019505657,-0.002730152,-0.025817381,0.012420618,-0.0061267475,-0.014241548,0.01419323
China_PBOC_Rate_pct_lag5d,-0.05405232,0.054412425,-0.04432847,0.0223084,0.006419522,0.029966503,-0.02268953,-0.02783806,-0.04585035,0.0068940786,-0.015759869,-0.01907927,-0.027338188,-0.0029982873,0.0128893,0.000583071,-0.03398022,-0.006981159,-0.0025249342,-0.0016887701,0.018781485,-0.00378385,-0.029351937,0.013138733,-0.0057249363,-0.017236553,0.011313921
China_PBOC_Rate_pct_lag21d,-0.055133093,0.052405212,-0.045131378,0.021554416,0.006995613,0.031531926,-0.018720254,-0.027307864,-0.047929905,0.011582223,-0.016435964,-0.0124230385,-0.03546799,0.006684062,0.016904965,0.0023967416,-0.028364297,0.0035797125,-0.009489154,0.0053151273,0.016652133,-0.0033394506,-0.02446342,0.018208744,-0.008587406,-0.018601356,0.015582605
China_LPI_Value_lag21d,-0.010870046,0.01040855,0.056353886,0.0096002845,-0.051525798,0.05028905,-0.024232294,-0.0029032077,-0.016653191,0.004223888,-0.008189577,0.021453327,0.033697315,0.048613504,-0.11004275,0.00057910464,-0.07238042,0.09956144,0.11931221,0.041697863,-0.0093773035,-0.039982267,-0.1046187,-0.007943897,0.058885116,0.024564045,0.05667057
China_LPI_Value_lag42d,-0.006612608,0.012339146,0.051984776,0.006683458,-0.067905076,0.013465848,-0.013764546,-0.0402511,-0.06997389,-0.032781973,0.044144202,-0.01019934,-0.033298917,-0.024006998,0.03621988,-0.09016324,-0.0040745377,0.052425608,0.008424769,-0.10939209,-0.08831543,-0.076613575,0.042172533,-0.03510484,-0.020635875,0.011397884,0.067792244
China_LPI_Value_lag62d,-0.004068161,0.014686565,0.038154624,0.02450207,-0.04430457,-0.028733654,0.012053029,-0.032425597,-0.06138111,-0.046811026,0.027716016,-0.04795019,0.04059279,-0.040255513,0.1435709,0.0039417017,-0.017040132,-0.094785266,-0.0020471937,-0.030699618,0.007017111,-0.017395044,0.016815,-0.068006575,-0.15047432,0.0007621213,-0.06971576
China_Mainland_TPU_lag21d,-0.033410475,-0.0053324224,0.024318162,0.013370446,-0.039882768,0.034391146,0.028056972,-0.022067323,-0.020141503,-0.06325584,-0.036748666,0.10651297,0.0849244,-0.09215687,-0.04488617,0.042615123,0.03447474,0.009767467,0.075272515,-0.042660814,-0.079525046,-0.013428323,-0.0055260174,-0.049071178,0.031485163,0.031031828,0.041028384
China_Mainland_TPU_lag42d,-0.032749046,0.0005621419,0.02037612,0.023262888,-0.033798918,0.01657633,0.034622543,-0.0702946,-0.041968994,-0.048855994,-0.01041744,0.053143956,0.10660118,-0.082844995,-0.019619524,0.024914145,0.1007612,-0.05223182,-0.017600216,-0.06526271,-0.043136247,-0.076264344,-0.0129925,-0.052034803,0.043440327,-0.07184356,0.056526046
China_Mainland_TPU_lag62d,-0.034520194,0.0027226857,0.009049372,0.018349603,-0.031442743,-0.016330358,0.044426817,-0.0774989,-0.041082907,-0.030143728,-0.004097044,0.052176837,0.078779615,-0.031680334,0.039418552,-0.008783287,0.107817516,-0.10824085,0.0024473022,-0.078840934,0.0047396896,0.06423594,-0.009789108,-0.018106239,-0.004499752,-0.089525335,0.0025384987
China_Steel_Prod_kt_lag21d,-0.011788763,0.022738162,0.046895016,-0.0043682447,0.02639736,-0.02159766,-0.069555394,-0.09838735,0.07836414,0.017208677,0.032665953,0.108947046,-0.012397261,0.008153452,-0.037737418,0.0048556095,-0.07876241,0.026116135,0.014599842,0.0023843318,0.005672747,-0.014914061,-0.0011324341,-0.05216214,-0.04734561,0.070135094,0.039080866
China_Steel_Prod_kt_lag42d,-0.006333739,0.022881802,0.040484596,0.043916214,0.017028427,-0.022815594,-0.09349858,-0.06495814,0.054698125,0.0015349296,0.053238817,0.10127457,-0.017634625,-0.017470328,0.045615584,-0.10040708,0.032571588,0.025245037,-0.04118242,-0.05709137,-0.02876528,-0.059860762,-0.032784022,-0.021441676,-0.008765681,0.02846687,-0.021457208
China_Steel_Prod_kt_lag62d,-0.0057212617,0.020501943,0.022917783,0.061456904,-0.012916113,-0.01779196,-0.10684404,-0.02245121,0.034895517,0.023816291,0.054542292,0.1060215,-0.0044792513,-0.03809422,0.10093903,-0.026011627,0.043305755,-0.07065761,0.029237583,0.018144632,0.064036526,0.048537273,0.011836895,-0.0003101654,-0.07662104,-0.018317027,0.0074215326
Japan_Steel_Prod_kt_lag21d,0.0052968673,0.053926554,-0.046378523,0.030031396,-0.03213822,-0.024764005,0.014698944,-0.041716922,-0.079904005,0.064293176,-0.086782,0.0060566803,0.007469891,0.0030075074,0.04541187,0.06745481,0.012358328,-0.019050458,0.023788027,0.006798137,0.0018902676,0.08171382,-0.023397308,0.011662733,-0.03241048,-0.024918148,-0.008978112
Japan_Steel_Prod_kt_lag42d,0.00067935797,0.048276253,-0.05385276,0.030019004,-0.007188985,-0.011698824,0.028801594,-0.015664857,-0.076062754,0.07523743,-0.11719755,-0.0029388913,-0.027213804,0.03331223,0.041116215,0.021179318,0.07481492,0.06026128,-0.014735802,-0.03711603,-0.015218676,-0.029390024,-0.047955923,0.027597515,-0.0036513405,-0.036921434,0.03549949
SouthKorea_Steel_Prod_kt_lag21d,-0.01879027,0.053333778,-0.013437894,0.023493733,-0.029447481,-0.012631065,-0.010467524,-0.03453632,-0.07283059,0.055686872,0.03710723,0.03685717,-0.0046783537,0.03660845,0.049877398,0.0591937,-0.032860372,-0.040440354,0.025834158,0.0076678023,0.097231574,0.045941703,-0.089011915,-0.08399804,0.032109383,0.017034877,0.0020957084
SouthKorea_Steel_Prod_kt_lag42d,-0.017500881,0.053482965,-0.018847838,0.029781329,-0.0047534695,0.0052041085,-0.00046804652,-0.010055704,-0.053757224,0.036879722,-0.033416636,-0.010806121,0.025636127,0.050997797,0.06889851,-0.051685996,0.049721133,0.044198178,-0.060745284,-0.0020790745,0.0151419565,-0.040955458,-0.10352701,0.0158924,-0.02403695,0.05865299,-0.011916454
China_BFI_Prod_kt_lag21d,-0.004649374,0.0069640554,0.038868405,-0.0051953844,0.03469434,-0.022643197,-0.089099094,-0.0704886,0.09622652,0.039060496,0.073924534,0.112440936,-0.018106056,-0.0028143404,-0.037156563,0.015721185,-0.05224319,0.016149022,-0.02991221,-0.021049317,0.0008818641,-0.00022244855,-0.0076070754,-0.064125754,-0.06698571,0.052195262,0.03155844
China_BFI_Prod_kt_lag42d,-0.0009954324,0.006334373,0.03551404,0.033919197,0.023171943,-0.024884753,-0.112398185,-0.01699308,0.06492599,0.01324858,0.08479427,0.097520776,-0.01593421,-0.011582292,0.039092552,-0.08741698,0.053693198,0.004695054,-0.071426906,-0.07600034,-0.0031897658,-0.029334228,-0.045505535,-0.03032624,-0.025595786,0.05083712,-0.02432415
China_BFI_Prod_kt_lag62d,-0.0010688545,0.005255702,0.02613716,0.042177208,-0.0051271515,-0.012995963,-0.12277761,0.027533667,0.03821536,0.027747652,0.07758358,0.09323055,0.0073938416,-0.02943067,0.07455775,-0.0167671,0.05852896,-0.06889076,0.012164847,0.01658262,0.10039096,0.055957146,-0.010729403,0.019862255,-0.057064075,0.0007569505,-0.0063329265
Japan_BFI_Prod_kt_lag21d,-0.059444804,0.058265388,-0.005071208,0.026010826,-0.026426835,0.0070464974,0.0129177375,0.00042679333,-0.013457416,0.009891024,0.017232535,0.0074069146,-0.015638229,0.02527524,0.0138098,0.026634507,-0.011074221,0.0046799113,0.012238983,0.015632594,0.011454808,0.036964364,-0.0048848977,-0.004057916,-0.026000569,0.008152611,-0.0023393247
Japan_BFI_Prod_kt_lag42d,-0.057718027,0.060668033,-0.0054249614,0.023651814,-0.0178483,0.009807889,0.020656269,0.008717251,-0.019525738,-0.0005189942,0.007331157,0.0013977746,-0.0073673353,0.03484846,0.018692307,-0.012654068,0.012535735,0.02538661,-0.024919508,-0.003961819,-0.010771586,-0.015666451,-0.013781647,0.003397615,-0.007988555,0.02023225,0.0024690954
Korea_BFI_Prod_kt_lag21d,-0.02749468,0.01044572,0.02531005,0.03494896,-0.04115925,-0.00043121117,0.00032522136,0.010381992,-0.056671117,0.046820898,0.05742641,-0.027333839,-0.054647405,0.13533092,0.04763731,0.0658014,0.041961633,-0.034570016,0.014504938,0.041124523,0.08270285,0.053048875,-0.057926476,-0.07427668,0.0016287003,-0.002986045,-0.026079701
Korea_BFI_Prod_kt_lag42d,-0.025921974,0.0154337855,0.025790423,0.03874104,-0.011570556,0.004465909,0.01820595,0.033904772,-0.049522858,0.0074055903,0.00142811,-0.08454027,0.016300607,0.13295591,0.06188934,-0.027609836,0.048411738,0.061995827,-0.04381095,0.048999052,0.025927434,-0.03774237,-0.023916448,0.01801229,-0.018367715,0.0704735,-0.04095408
CITIsteel_PMI_lag21d,-0.0018158678,-0.015382205,0.06483553,0.017606448,0.00041643527,-0.006020522,-0.026471818,-0.052979283,0.021294417,-0.04971624,0.03268195,-0.080351934,0.0030578398,-0.05699699,0.029907335,0.03802755,-0.0004192056,0.062010717,0.010400452,0.016718348,-0.08193785,0.0637038,0.17313084,0.070855916,0.061546415,-0.08440555,0.039739523
CITIsteel_PMI_lag42d,-0.0015471713,-0.01332354,0.051799316,0.050424572,-0.015804244,-0.026863731,-0.024727836,-0.047897786,0.01144614,-0.018791538,0.0020552976,-0.034775145,0.009174975,-0.010956263,0.023870237,0.07191233,-0.07633144,-0.06528511,-0.012658317,-0.059902027,-0.03903364,0.11051717,0.036995508,-0.079872794,0.13846713,-0.10932041,0.039005026
CITIsteel_Production_lag21d,-0.009710379,0.0039899647,0.061024237,0.015679043,0.0039493768,-0.008039643,-0.024211813,-0.048835937,0.024118636,-0.052544154,0.050017707,-0.06846066,0.012211352,-0.052326214,0.025164768,0.010019303,-0.005651752,0.088359565,0.012771457,0.022045072,-0.054736357,0.059814967,0.17752054,0.0855317,0.06594344,-0.07847825,0.0049072015
CITIsteel_Production_lag42d,-0.00851476,0.0048253373,0.045129534,0.04696262,-0.021378903,-0.027428322,-0.027155073,-0.045313794,0.019713216,-0.022409735,0.01769016,-0.023439478,0.011810928,-0.034502048,0.019088292,0.05822044,-0.08772623,-0.06257679,0.0076076863,-0.06444959,-0.029137805,0.12413898,0.05075951,-0.061948366,0.13624217,-0.082515016,0.021217532
CITIsteel_NewOrders_lag21d,0.0008314306,-0.033088148,0.0624877,0.014811773,0.004438328,-0.011251421,-0.040024195,-0.04042591,0.024942143,-0.043290604,0.023229074,-0.079230934,-0.00512356,-0.04286043,0.022065397,0.04589474,-0.009519365,0.04823643,0.0048337914,0.024776803,-0.0838269,0.039499972,0.14890838,0.043065384,0.071202256,-0.08935218,0.063576855
CITIsteel_NewOrders_lag42d,0.00029099578,-0.030360857,0.054953024,0.04273511,-0.00972193,-0.028211296,-0.03835057,-0.040468972,0.012184782,-0.0059080734,0.0024717795,-0.041309573,0.013029978,0.013271024,0.012995079,0.05617096,-0.06853135,-0.061757687,-0.021457577,-0.028558554,-0.044007048,0.09404786,0.040648367,-0.09659765,0.12599534,-0.11267787,0.044665713
CITIsteel_ExportOrders_lag21d,0.027315272,-0.014431315,0.018810386,-0.01959473,0.0019820007,-0.06459099,-0.07817782,-0.04642822,-0.053700574,0.014304297,-0.050235223,-0.035962995,0.041621752,-0.0054483763,0.109589756,0.01733397,-0.040547337,-0.050626513,0.009321083,0.012533349,0.004306728,0.10438918,-0.03481407,0.13711639,0.0037943556,-0.03201427,0.016537856
CITIsteel_ExportOrders_lag42d,0.028093835,-0.012103852,0.022341255,0.002901049,0.014339856,-0.06725652,-0.07355249,-0.026783375,-0.057779282,0.06513615,-0.11319149,-0.017592357,0.018297436,0.0014976086,0.021015963,0.024791388,-0.06769664,0.018471435,-0.011655742,0.034432396,-0.02350456,0.032665994,-0.078663625,0.0539345,0.052936085,-0.036169272,0.1004541
CITI_SteelProd_national_10mt_lag21d,-0.00612553,0.026211102,0.040442318,0.038503624,0.022214925,-0.03312698,-0.11259571,-0.062282957,0.059427973,0.024068294,0.042486675,0.10769278,0.025389634,-0.024665272,0.023239503,-0.056216497,0.011903901,0.016440338,-0.0095830895,0.007185795,-0.025144618,-0.02770042,0.017532596,-0.023291742,-0.028447086,0.028892782,0.019388013
CITI_SteelProd_national_10mt_lag42d,-0.004293296,0.025819525,0.026376944,0.06208055,-0.0030638624,-0.02356922,-0.1224718,-0.01776743,0.034351207,0.034805305,0.042992465,0.0893749,0.0110157775,-0.01984893,0.047496095,-0.06363345,0.07753241,-0.07546843,-0.0056046527,0.0012769978,-0.0094060255,0.012190654,0.0128586395,0.002699881,-0.033044275,0.030301994,0.043641023
CITI_SteelProd_key_Mtpd_lag21d,0.0089750085,0.013692303,0.06432511,0.014630318,0.016257683,-0.04338085,-0.08795069,-0.07283824,0.071635686,0.0065857354,0.02348759,0.09235122,0.036767256,-0.044473745,0.013107047,-0.03447507,-0.021245813,0.044368424,-0.019098813,-0.028472578,-0.028857438,-0.021244878,-0.03258489,-0.028955322,-0.008184456,0.04718318,0.021099301
CITI_SteelProd_key_Mtpd_lag42d,0.012830331,0.014168538,0.050664093,0.044633448,-0.009485561,-0.045585144,-0.10356542,-0.045226295,0.050281115,0.022257918,0.033681616,0.102921024,0.017037187,-0.036877047,0.048173036,-0.034865443,0.04380871,-0.051420808,-0.007831629,-0.04712862,0.0038279288,0.019653235,-0.014626997,0.002317344,-0.029853094,0.03902316,0.04848036
IronOre_Spot_CFR_NChina_USD_t_lag1d,0.0099922605,0.06574154,0.05488261,-0.03789175,-0.014119967,-0.07804824,-0.05649467,0.006602077,-0.0036511833,0.014641996,-0.027065234,-0.016474262,0.0016819417,0.026197648,0.012092663,-0.0059685,-0.0062174425,-0.008617192,0.022919722,0.026030138,-0.018675463,-0.019807104,0.01570443,-0.025988597,0.010245561,-0.011473984,-0.00015426286
IronOre_Spot_CFR_NChina_USD_t_lag5d,0.0120496405,0.066836394,0.0523633,-0.030897666,-0.012555412,-0.0784186,-0.053356823,-0.0006190964,0.0014313229,0.02731143,-0.013340676,-0.028489903,0.00963175,0.013874303,0.013905795,-0.001458845,-0.0046891063,-0.0037716965,0.029352263,0.029373812,-0.010272501,-0.047590237,0.0202046,-0.024621893,0.012003281,-0.005375956,-0.0037621788
IronOre_Spot_CFR_NChina_USD_t_lag21d,0.019002259,0.069687136,0.04282308,-0.0013593248,-0.0029481256,-0.071753435,-0.041201856,-0.012249824,0.009872136,0.059562843,0.011490885,-0.038855407,0.017497161,-0.001895967,0.014889489,-0.0035167371,-0.0063169044,-0.0034854726,0.01741572,0.012716536,-0.012683458,-0.021486003,0.022884972,-0.01826427,0.007617504,-0.015349411,0.0049591297
IronOre_Spot_CFR_NChina_USD_t_lag42d,0.02713041,0.07007676,0.027171787,0.029335646,-0.00155959,-0.04740012,-0.030098667,-0.0009676073,0.028940985,0.0772624,0.011245962,-0.035931237,-0.0072098277,-0.0069274846,0.023922024,-0.017678019,-0.0008136194,-0.023789251,0.014070561,-0.018588215,-0.013361594,0.050278984,-0.0122704245,0.017687129,-0.006525306,0.0005638391,0.014567007
CITI_IronOre_CFR62_USD_t_lag1d,0.079533175,-0.012590106,-0.00842643,-0.022431785,0.00024182834,-0.009403571,-0.004893642,0.03723523,0.009730619,0.032510262,0.0012538714,-0.007137419,-0.035558693,-0.012629112,-0.030108802,0.010226342,0.023975486,0.013589205,-0.009154872,-0.0015127971,0.012624097,-0.014275898,0.031065032,-0.06431888,0.012851578,0.032435626,-0.03703617
CITI_IronOre_CFR62_USD_t_lag5d,0.07932102,-0.013638659,-0.009739743,-0.022638556,-0.00012438517,-0.007507478,-0.0042417543,0.036628403,0.009795418,0.033543587,0.0056074113,-0.00774507,-0.03352431,-0.014366867,-0.026330061,0.011591802,0.025746882,0.013303606,-0.005870666,-0.0017078946,0.014256783,-0.013205725,0.02999164,-0.06558501,0.010890008,0.03154204,-0.039056435
CITI_IronOre_CFR62_USD_t_lag21d,0.07844134,-0.017552005,-0.0127098905,-0.022743989,0.0037714299,0.0011115965,0.0007215551,0.037146784,0.005142584,0.03403908,0.017604467,-0.0069648908,-0.026582245,-0.019184712,-0.016085656,0.022655385,0.026595507,0.0061687506,-0.0013655173,-0.0032759178,0.013047463,-0.0090129785,0.018989554,-0.059084963,0.002565908,0.029733943,-0.03783504
CITI_IronOre_CFR62_USD_t_lag42d,0.07705981,-0.022732276,-0.016992332,-0.021427654,0.008607909,0.00921574,0.006621682,0.038919166,0.0020044474,0.023920506,0.024957903,-0.011914527,-0.018130915,-0.02753202,-0.018128525,0.029799437,0.027286086,0.001651409,-0.016460894,-0.005768152,0.008849183,0.00015776214,-0.0028883033,-0.04098751,-0.0068310467,0.020444276,-0.020460745
CITI_IronOreSpot_MB_USD_t_lag1d,0.010153054,0.06355302,0.05644847,-0.03926034,-0.014926299,-0.078541435,-0.053310458,0.0016616036,-0.0013528824,0.013767455,-0.026338914,-0.018718489,0.007945241,0.024455626,0.010178198,-0.0013301066,-0.003547119,-0.010732717,0.023709893,0.03409619,-0.015850328,-0.037234712,0.017099004,-0.027064705,0.022026038,-0.0062380484,0.001568463
CITI_IronOreSpot_MB_USD_t_lag5d,0.01197158,0.064523295,0.053204462,-0.03182181,-0.013482742,-0.08330074,-0.05184128,-0.003772759,0.0011262597,0.018878512,-0.014474077,-0.028251039,0.01080381,0.015910571,0.008525866,0.0005500337,0.0010581575,-0.0010310506,0.029754965,0.03598954,-0.013044841,-0.045315035,0.02020143,-0.028414205,0.01657214,0.0011908044,0.0040233284
CITI_IronOreSpot_MB_USD_t_lag21d,0.01879254,0.067589045,0.04393207,-0.0017175787,-0.0024210794,-0.07430244,-0.03876337,-0.016017485,0.011250393,0.060717545,0.013231074,-0.038515296,0.026790647,-0.0035962956,0.015734674,-0.0009740497,-0.0062725847,-0.0026394017,0.0198681,0.014705658,-0.011220004,-0.036590587,0.03546624,-0.018616704,0.015372972,-0.01244974,0.0009848269
CITI_OreInv_ports_Mt_lag5d,0.055519108,-0.008569827,-0.006819359,-0.038105436,-0.036399905,-0.006718624,0.11562901,-0.0025284886,-0.007040022,-0.036043793,-0.0031020564,0.04184811,-0.010588304,-0.030457351,0.04526913,-0.030442674,-0.07898923,0.022958294,-0.02803739,0.07856401,0.020073917,0.011518025,-0.018948495,0.043320913,0.018779354,-0.007462392,0.04010018
CITI_OreInv_ports_Mt_lag10d,0.055541825,-0.008932883,-0.0064588725,-0.040402368,-0.029839922,-0.008474177,0.11522796,-0.0059280843,-0.004372745,-0.03808813,-0.012544896,0.04987904,-0.009423265,-0.033355284,0.050379,-0.025059044,-0.07665002,0.031365253,-0.032775603,0.08134637,0.019243864,0.008064188,-0.015087707,0.038815964,0.01708241,-0.004194246,0.04340477
CITI_OreInv_ports_Mt_lag21d,0.055661906,-0.009906749,-0.0080493055,-0.043375134,-0.02002442,-0.013106874,0.107787766,-0.0153691685,0.00924756,-0.043315433,-0.031430837,0.05963979,0.0013476567,-0.037072908,0.051378176,-0.011231298,-0.063119,0.05041154,-0.046087757,0.09469707,0.009470696,-0.006380322,-0.008063993,0.02569698,-0.00090447103,0.006981038,0.036271922
CITI_OreInv_ports_Mt_lag42d,0.055633996,-0.012315386,-0.01163912,-0.045835,-0.005554586,-0.018723734,0.08764926,-0.040267345,0.034338355,-0.03250301,-0.03690665,0.08356853,0.008331828,-0.03445378,0.0330358,0.015891952,-0.02981589,0.047802463,-0.039734825,0.09134705,-0.010350432,-0.015861662,0.023324648,0.011327579,-0.011426404,0.00929414,0.045322463
CITI_OreInv_AUS_Mt_lag5d,0.00656558,0.027106646,-0.03195808,-0.029993441,-0.024919309,-0.0031493152,0.13682789,-0.027223714,0.0011263007,-0.02877508,-0.0068948218,0.029310452,-0.088381,-0.022940287,0.032862175,-0.050354403,-0.10804375,0.05795078,-0.028652046,0.12315426,0.029840283,-0.018382495,0.028647065,0.0332472,-0.013216452,-0.041557126,0.031456184
CITI_OreInv_AUS_Mt_lag10d,0.007013833,0.026525572,-0.030801682,-0.03111097,-0.016617006,-0.0037759112,0.13708985,-0.028578332,0.0068148924,-0.031613525,-0.008833954,0.039275896,-0.08662204,-0.025402851,0.04196265,-0.044995245,-0.10644946,0.0670585,-0.040989123,0.12459731,0.033640206,-0.015839841,0.034870774,0.018812377,-0.008998754,-0.039037045,0.031688612
CITI_OreInv_AUS_Mt_lag21d,0.007898698,0.024508456,-0.033408713,-0.028887618,-0.005613493,-0.009836166,0.12964098,-0.033226177,0.029511565,-0.040904958,-0.012781172,0.048274573,-0.066437334,-0.030448724,0.046764992,-0.028934505,-0.089091964,0.085903816,-0.06504726,0.13511969,0.030302845,-0.021010026,0.04085465,-0.008829266,-0.02397325,-0.012848331,0.015076647
CITI_OreInv_BRA_Mt_lag5d,0.046324097,-0.036768425,0.028904319,-0.006243852,-0.03028905,-0.025475688,0.07256727,0.012783817,0.013576444,-0.030004643,-0.026323428,0.093807966,0.070455,-0.060146477,-0.033974566,0.01780642,0.117145784,-0.040508002,0.0017981876,-0.052237835,0.008751297,0.0095804185,-0.0049377005,-0.007493425,0.026833713,-0.03053825,-0.037465632
CITI_OreInv_BRA_Mt_lag10d,0.047089998,-0.036450308,0.028241454,-0.009325491,-0.028986935,-0.026202196,0.07202663,0.011337327,0.012078192,-0.028852291,-0.03170782,0.09366233,0.06929957,-0.05788533,-0.0318655,0.020012071,0.11569927,-0.038273342,0.0016113576,-0.050033916,0.0074139233,0.0029411183,-0.005086405,-0.004102966,0.02575858,-0.031922985,-0.033616334
CITI_OreInv_BRA_Mt_lag21d,0.049073737,-0.035634946,0.02668434,-0.016570225,-0.025730286,-0.028493479,0.06933989,0.006438947,0.010273844,-0.02719616,-0.042765725,0.09226591,0.06387057,-0.050385952,-0.03143878,0.02562209,0.112452365,-0.03430562,-0.00058732723,-0.041029748,0.0040236865,-0.007909535,-0.005403556,-0.0013354275,0.02079181,-0.0355377,-0.025929963
CITI_OreInv_days_mills_lag5d,-0.028143698,0.040304177,-0.012223564,0.000138702,-0.028571296,-0.008820433,0.06491629,-0.051279835,-0.05895961,-0.0063083703,-0.0056697195,-0.012298134,0.050986785,0.049622778,-0.043689266,-0.03554831,0.008841376,-0.040119916,0.01855203,-0.0049288594,-0.09056879,-0.041924484,0.011637665,-0.0078091584,-0.015903832,-0.035467662,0.015408018
CITI_OreInv_days_mills_lag10d,-0.027789403,0.040887613,-0.011629342,-0.0034275982,-0.02599833,-0.004150472,0.065621294,-0.053697545,-0.055521816,-0.001294049,-0.014605115,-0.0075991945,0.04005614,0.047184933,-0.029965864,-0.07049145,0.00041833127,-0.032448817,0.004582548,-0.006773637,-0.09676503,-0.0059040934,0.0139179705,-0.03049837,-0.013333167,-0.05816619,-0.0070517827
CITI_OreInv_days_mills_lag21d,-0.026824206,0.04176774,-0.014522359,0.0010496109,-0.006858863,-0.013127053,0.069477476,-0.046067685,-0.04018301,-0.014494592,-0.0207791,-0.020739326,0.020213401,0.0064079035,0.038709436,-0.08951508,0.0042964313,-0.0265808,0.017562917,0.00076950464,-0.013371159,0.016026648,0.013696148,-0.03796278,-0.0015453494,0.027154686,0.02576087
AUS_IronOre_Seaborne_Exports_Mt_SIN_lag21d,0.013952654,-0.018827535,0.010001447,-0.016654247,-0.05098033,0.051152863,-0.05585873,0.03719302,0.041095745,0.018875713,0.013642834,0.09087594,-0.009874642,0.023665734,-0.12569879,0.14571273,0.013179503,-0.08248517,0.062949546,0.069644466,0.020294003,-0.07912703,0.040493857,0.015563308,-0.11228687,-0.021276439,0.0313795
AUS_IronOre_Seaborne_Exports_Mt_SIN_lag42d,0.015272941,-0.017138548,0.020976711,-0.013046548,-0.021804538,0.014267281,-0.01173438,0.010208206,-0.07830885,0.0039782845,0.13428682,0.021085257,-0.052830704,0.041528653,-0.094691485,-0.09698295,0.1222519,0.031409185,-0.11237296,0.0031916378,-0.095973305,-0.106816255,-0.004039242,-0.022551373,0.06495053,-0.060358766,-0.005394113
AUS_IronOre_Seaborne_Exports_Mt_SIN_lag62d,0.014340452,-0.014141647,0.015710372,-3.558185e-05,-0.0005941539,0.008983535,-0.005526368,0.03452701,-0.058085334,-0.045489486,0.08056123,-0.069626145,0.040367793,-0.06746688,0.14005302,-0.08506699,0.044283014,-0.037088975,-0.011823187,0.05294596,0.18819943,0.08461871,0.086497575,-0.10299649,-0.0036571035,-0.034034576,-0.008778858
China_IronOre_Seaborne_Imports_Mt_SIN_lag21d,0.007212019,-0.038818743,0.049013417,0.0118330065,-0.03875531,0.022901956,-0.02522101,0.034581907,-0.021048767,-0.027320543,0.05874954,-0.0008474745,0.010336361,0.059118517,-0.07628605,0.011858001,-0.076999426,-0.07358884,-0.029637761,0.04788165,-0.07583871,0.058856975,0.0029921394,0.03870242,0.035666827,0.014681977,-0.012821942
China_IronOre_Seaborne_Imports_Mt_SIN_lag42d,0.0108574275,-0.032983582,0.050413962,-0.0055940878,-0.041449472,0.0003659256,-0.00836339,0.031759992,-0.029044686,-0.039632242,0.035709277,-0.050117932,0.025146404,0.014016625,0.018986484,-0.092501454,-0.0332135,0.0050708526,-0.061378114,0.06348034,-0.03679994,-0.018014964,0.0039673625,-0.00786224,0.10289785,0.1098504,0.011177135
China_IronOre_Seaborne_Imports_Mt_SIN_lag62d,0.011452182,-0.03040329,0.04114923,-0.02723545,-0.059970915,-0.044065863,-0.005035518,0.029040715,-0.011122369,-0.03222303,0.02190079,-0.048233747,0.053012937,-0.008492876,0.059304878,-0.018241297,-0.104659036,-0.04283453,0.037939418,0.021192309,-0.04103265,0.0719479,0.022927012,-0.09030712,0.0053591826,0.13300993,0.028593961
China_Coal_Seaborne_Imports_Mt_SIN_lag21d,0.033334788,-0.047010172,0.017393682,0.020591293,-0.022999076,0.009340207,0.012959584,0.025665134,-0.01839071,0.06008597,-0.03334466,-0.08945479,-0.04987903,0.048339184,-0.014786838,0.10902449,-0.039847806,0.04238932,-0.060181502,0.04159779,-0.0024048695,-0.008414186,0.009720002,0.02866142,-0.026707767,-0.062445313,0.024998158
China_Coal_Seaborne_Imports_Mt_SIN_lag42d,0.031957544,-0.048795953,0.023637712,0.011408552,-0.017092597,0.020970238,0.041365568,0.0041355817,-0.02051002,0.058381837,0.00010200108,-0.09110142,-0.049477767,0.06942551,-0.012593414,0.020910261,0.015506936,0.05854966,-0.04208432,0.00059838983,0.0082141375,0.026217297,0.022904232,0.024041906,0.0037830255,0.028344769,-0.0020668881
China_Steel_Seaborne_Exports_Mt_SIN_lag21d,0.04827177,-0.05476536,0.038343083,0.020337064,-0.014732988,-0.033257723,0.012484072,-0.013297429,0.039191075,0.033371452,-0.053443886,0.03270886,-0.012838656,0.050776493,-0.029303662,0.043200545,-0.0033867843,0.02191091,0.02202749,0.0027406544,-0.0021508026,-0.0004004143,-0.009013143,0.019324517,-0.0227808,-0.02086867,0.01907123
China_Steel_Seaborne_Exports_Mt_SIN_lag42d,0.047283392,-0.05539473,0.040878657,0.021795126,-0.019655352,-0.025137099,0.01379692,-0.0046301135,0.022643702,0.033971876,-0.031526383,0.017759612,-0.03664847,0.046054754,-0.014782264,-0.025886115,0.04325835,0.057279944,0.0035512934,-0.034823153,-0.0032729653,-0.06411688,0.023858577,0.015389189,0.004340119,-0.011200475,0.010595619
AUS_IronOre_Exports_Mt_CLRK_lag21d,0.013952654,-0.018827535,0.010001447,-0.016654247,-0.05098033,0.051152863,-0.05585873,0.03719302,0.041095745,0.018875713,0.013642834,0.09087594,-0.009874642,0.023665734,-0.12569879,0.14571273,0.013179503,-0.08248517,0.062949546,0.069644466,0.020294003,-0.07912703,0.040493857,0.015563308,-0.11228687,-0.021276439,0.0313795
AUS_IronOre_Exports_Mt_CLRK_lag42d,0.015272941,-0.017138548,0.020976711,-0.013046548,-0.021804538,0.014267281,-0.01173438,0.010208206,-0.07830885,0.0039782845,0.13428682,0.021085257,-0.052830704,0.041528653,-0.094691485,-0.09698295,0.1222519,0.031409185,-0.11237296,0.0031916378,-0.095973305,-0.106816255,-0.004039242,-0.022551373,0.06495053,-0.060358766,-0.005394113
AUS_IronOre_Exports_Mt_CLRK_lag62d,0.014340452,-0.014141647,0.015710372,-3.558185e-05,-0.0005941539,0.008983535,-0.005526368,0.03452701,-0.058085334,-0.045489486,0.08056123,-0.069626145,0.040367793,-0.06746688,0.14005302,-0.08506699,0.044283014,-0.037088975,-0.011823187,0.05294596,0.18819943,0.08461871,0.086497575,-0.10299649,-0.0036571035,-0.034034576,-0.008778858
Brazil_IronOre_Exports_Mt_CLRK_lag21d,0.020749412,-0.023810284,0.022628093,0.06680843,-0.05672584,0.040257677,-0.063605934,0.02905031,-0.032215748,0.018364016,0.07116701,0.04565931,0.035574313,0.022203123,0.0018160891,0.03333066,0.046147298,-0.06629561,-0.031336572,0.084421836,0.0058949357,-0.023334557,0.027526269,0.002495986,-0.000105046536,-0.05737137,0.004578144
Brazil_IronOre_Exports_Mt_CLRK_lag42d,0.01784178,-0.023101533,0.017866144,0.04879633,-0.05026876,0.042071406,-0.021835763,0.03958112,-0.09108725,0.015653348,0.06826077,-0.011155872,0.057221074,0.028137073,0.029494485,-0.042519953,0.086277105,-0.07561436,-0.057433154,0.08867466,-0.020239083,0.026891185,-0.011406113,0.072808646,0.065916434,0.08393303,-0.036484063
Brazil_IronOre_Exports_Mt_CLRK_lag62d,0.015523612,-0.021931231,0.010788464,0.021317394,-0.056106098,0.03190647,-0.00063780055,0.05498961,-0.10112267,-0.02000451,-0.005285401,-0.067756474,0.07625123,-0.002834629,0.06483413,-0.051361486,0.042622693,-0.031243127,0.037007388,0.08913443,0.0038966406,0.10302447,-0.017043816,0.0836541,0.035935763,0.07510585,0.015677048
China_IronOre_Imports_Mt_CLRK_lag21d,0.007212019,-0.038818743,0.049013417,0.0118330065,-0.03875531,0.022901956,-0.02522101,0.034581907,-0.021048767,-0.027320543,0.05874954,-0.0008474745,0.010336361,0.059118517,-0.07628605,0.011858001,-0.076999426,-0.07358884,-0.029637761,0.04788165,-0.07583871,0.058856975,0.0029921394,0.03870242,0.035666827,0.014681977,-0.012821942
China_IronOre_Imports_Mt_CLRK_lag42d,0.0108574275,-0.032983582,0.050413962,-0.0055940878,-0.041449472,0.0003659256,-0.00836339,0.031759992,-0.029044686,-0.039632242,0.035709277,-0.050117932,0.025146404,0.014016625,0.018986484,-0.092501454,-0.0332135,0.0050708526,-0.061378114,0.06348034,-0.03679994,-0.018014964,0.0039673625,-0.00786224,0.10289785,0.1098504,0.011177135
China_IronOre_Imports_Mt_CLRK_lag62d,0.011452182,-0.03040329,0.04114923,-0.02723545,-0.059970915,-0.044065863,-0.005035518,0.029040715,-0.011122369,-0.03222303,0.02190079,-0.048233747,0.053012937,-0.008492876,0.059304878,-0.018241297,-0.104659036,-0.04283453,0.037939418,0.021192309,-0.04103265,0.0719479,0.022927012,-0.09030712,0.0053591826,0.13300993,0.028593961
SKorea_IronOre_Imports_Mt_CLRK_lag21d,-0.012183979,0.01559367,0.004225255,0.010980036,-0.056472287,0.00870015,0.0037740858,-0.03179222,-0.055992775,0.0025284698,-0.015422969,0.04722075,-0.0014134897,0.06722861,-0.05058286,0.019584578,-0.006623779,-0.020820936,0.0649521,0.082741395,-0.06181532,0.038646813,-0.1074404,0.036701113,-0.011999381,0.012091456,0.02020976
SKorea_IronOre_Imports_Mt_CLRK_lag42d,-0.0127166575,0.015886117,0.0032636682,0.023360098,-0.022328395,-0.018014183,0.032642458,-0.007884413,-0.08228814,-0.006125008,-0.016124375,-0.0047584684,0.040956516,-0.0046884664,0.07740458,-0.055282366,0.028963853,0.06637684,-0.04672935,-0.016459594,-0.03994259,-0.11782362,0.054497015,0.03144064,0.026957761,-0.009044382,0.047358114
Japan_IronOre_Imports_Mt_CLRK_lag21d,-0.0059383926,0.0408619,-0.033277668,0.017987667,-0.029720997,-0.010952931,0.014454366,-0.03848238,-0.07932918,0.06397701,-0.0818585,0.03673182,-0.018805467,0.035106257,-0.01631407,0.073306896,0.052526448,0.0063529066,-0.026192384,0.03850295,-0.044537127,0.03796169,0.011715674,0.045999542,0.021978632,0.06981819,0.08879608
Japan_IronOre_Imports_Mt_CLRK_lag42d,-0.0059442017,0.041543454,-0.028770119,0.018733578,0.0054997043,0.014339405,0.03693652,-0.012366696,-0.07411589,0.04131783,-0.09486637,-0.008850999,0.0045026937,0.029820073,0.026573692,-0.032901745,0.09176149,0.08152347,0.005167627,-0.0050245905,-0.01104709,-0.028243553,-0.05858015,-0.055486307,-0.023389138,0.020133482,-0.0010522852
China_Steel_Exports_Mt_CLRK_lag21d,0.04827177,-0.05476536,0.038343083,0.020337064,-0.014732988,-0.033257723,0.012484072,-0.013297429,0.039191075,0.033371452,-0.053443886,0.03270886,-0.012838656,0.050776493,-0.029303662,0.043200545,-0.0033867843,0.02191091,0.02202749,0.0027406544,-0.0021508026,-0.0004004143,-0.009013143,0.019324517,-0.0227808,-0.02086867,0.01907123
China_Steel_Exports_Mt_CLRK_lag42d,0.047283392,-0.05539473,0.040878657,0.021795126,-0.019655352,-0.025137099,0.01379692,-0.0046301135,0.022643702,0.033971876,-0.031526383,0.017759612,-0.03664847,0.046054754,-0.014782264,-0.025886115,0.04325835,0.057279944,0.0035512934,-0.034823153,-0.0032729653,-0.06411688,0.023858577,0.015389189,0.004340119,-0.011200475,0.010595619
TF_AUS_CHN_IronOre_MT_lag1d,-0.04960392,-0.012893681,-0.0025851785,0.02455102,0.013887836,0.03818083,-0.029619975,0.0022934873,0.0040197936,-0.016664043,-0.017173715,0.0112601025,-0.034039125,0.0028897375,0.03479384,0.05613897,0.008125918,0.049087845,-0.009326601,0.0078085093,0.0118532125,0.024694342,-0.0014458029,-0.059829313,-0.040073324,0.06781317,-0.060103957
TF_AUS_CHN_IronOre_MT_lag5d,-0.04992685,-0.012420588,-0.00026025178,0.0204771,0.010288307,0.04088051,-0.031110192,0.0031745092,0.003274617,-0.01860382,-0.020827545,0.011266943,-0.026867272,0.010271593,0.024503468,0.06899496,0.015859118,0.029747969,-0.0113716265,0.0042904792,0.014159929,-0.00056620466,0.006542147,-0.052915007,-0.027365461,0.07159648,-0.013571384
TF_AUS_CHN_IronOre_MT_lag10d,-0.049975093,-0.012113061,0.0020010755,0.017119817,0.0042810393,0.042231523,-0.03205962,-0.00062957435,0.0057496284,-0.016739516,-0.017797811,0.0057060895,-0.017844513,0.013151248,0.012579908,0.075774334,0.028679408,0.004604843,-0.014219548,0.008515204,0.012400575,-0.03261344,0.0040958836,-0.04083265,-0.0014116232,0.071508326,0.009805317
TF_AUS_CHN_IronOre_MT_lag21d,-0.050451346,-0.0113506215,0.0047054407,0.012025958,-0.0042594937,0.03539133,-0.032819502,-0.0066837547,0.00012899001,-0.026668616,0.00479426,7.1021925e-05,-0.014055508,0.027382465,-0.017600004,0.0732184,0.04936322,0.002920002,-0.0004812042,0.0018783148,-0.023864292,-0.023252118,0.004334441,-0.036497325,-0.010026947,0.06538633,-0.0065365485
TF_AUS_CHN_IronOre_MT_lag42d,-0.05050629,-0.008351064,0.013900752,0.009739387,-0.004030786,0.02289722,-0.025003266,-0.010691031,-0.028518273,-0.025212407,0.04026015,-0.01983346,0.0037210756,0.03904806,0.0016172777,0.017017145,0.06219259,0.008774636,0.01880793,-0.024940584,-0.038431287,-1.6611093e-05,-0.007535621,-0.05837391,0.0360972,-0.004014079,-0.012988248
TF_AUS_CHN_Coal_MT_lag1d,0.03274319,0.006298151,0.007053518,-0.01583443,0.0066798977,-0.01812775,-0.00910008,0.022342816,0.00245403,0.0219873,-0.030018387,-0.012045849,0.0014579443,0.013485487,-0.009767713,0.012006351,0.0034457778,0.041927103,-0.029677872,-0.010899131,0.017078837,0.0062523484,-0.010629532,0.010791331,-0.04018244,-0.03631406,-0.041369583
TF_AUS_CHN_Coal_MT_lag5d,0.033214528,0.0056639425,0.005289653,-0.014703187,0.004210635,-0.020690814,-0.01073427,0.019160833,0.0066880076,0.018735912,-0.022352608,-0.020681174,-0.0052567683,0.005561205,-0.013128905,0.012485789,0.005716055,0.03732438,-0.019617131,-0.0115629975,0.026305083,-0.016109187,-0.019948779,0.014705962,-0.023599043,-0.01934436,-0.027467256
TF_AUS_CHN_Coal_MT_lag10d,0.03361082,0.0048941956,0.0031706905,-0.013912053,-0.00030279823,-0.020975923,-0.012638225,0.01583283,0.011765464,0.02256173,-0.013533171,-0.025275161,-0.0063312133,0.0019912268,-0.016191246,0.011765438,0.010526267,0.040642466,-0.013442109,-0.023879599,0.028879607,-0.025443418,-0.01930027,0.027981367,-0.03225229,-0.025902066,-0.0215658
TF_AUS_CHN_Coal_MT_lag21d,0.03417773,0.003896257,0.002306306,-0.013509556,-0.0009874116,-0.015333105,-0.012396351,0.014121672,0.009901497,0.028004443,-0.006882489,-0.015021914,-0.021329364,0.010814235,-0.019806879,0.017158478,0.0066222134,0.029368322,0.003077119,-0.034847464,0.017484846,0.0035539353,0.012345176,0.025099747,-0.03634068,-0.0391066,-0.042379458
TF_AUS_CHN_Bauxite_MT_lag1d,0.018878363,-0.0237329,0.0034178898,0.016444884,-0.017844697,-0.0036613308,0.011635381,0.031695694,0.022653794,-0.009259405,0.00509358,0.0776169,-0.030248176,-0.006709872,0.024013143,0.019986724,-0.010167947,0.029852197,-0.008865433,-0.056650203,-0.032866187,-0.0057104053,-0.026051326,0.05958661,-0.015236801,-0.05901023,-0.08461521
TF_AUS_CHN_Bauxite_MT_lag5d,0.018398985,-0.023874998,0.0046434435,0.014879924,-0.014951647,-0.0039260904,0.009971933,0.038717266,0.011690719,-0.011730501,0.0034169457,0.08156208,-0.034197938,-0.004832956,0.027123926,0.030052269,-0.009736229,0.025703052,-0.0041496144,-0.04375905,-0.018891377,-0.039055742,-0.028884877,0.053312074,-0.014518507,-0.049403198,-0.05291799
TF_AUS_CHN_Bauxite_MT_lag10d,0.017583778,-0.023981271,0.0033054585,0.014892746,-0.017207533,-0.007008288,0.0047527743,0.04649602,0.007876687,-0.019024083,-0.0022005085,0.06713344,-0.026167823,-0.016707566,0.024011767,0.033862844,-0.008726222,0.044070996,-0.00095494505,-0.03944822,-0.030145686,-0.064662606,-0.044686355,0.029647077,-0.039283343,-0.045501687,-0.012485178
TF_AUS_CHN_Bauxite_MT_lag21d,0.016327955,-0.023503723,0.007434533,0.00025941935,-0.025052296,0.01253598,-0.0035044109,0.049804375,0.009093342,-0.0034515192,-0.026417745,0.06350001,-0.013671637,-0.00411134,0.039000314,0.026711993,0.014971634,0.021003203,-0.016366132,-0.005356128,-0.024937892,-0.06743795,-0.010086795,-0.016624315,-0.047178164,-0.09922509,-0.03893653
TF_AUS_JPN_IronOre_MT_lag1d,-0.01579879,0.0046900627,0.00086494186,-0.0015826104,-0.0031230852,0.0107191475,-0.012556173,-0.005575409,-0.009618164,-0.00973272,0.0026355905,0.0035611428,-0.023116335,0.006837823,0.06154395,0.03058021,0.029438274,-0.041050922,-0.00090084533,-0.08110904,-0.023150029,-0.034125075,-0.03173629,0.023302838,-0.099424504,0.031054955,-0.050225478
TF_AUS_JPN_IronOre_MT_lag5d,-0.015548317,0.0049136,0.0020584906,-0.0042221057,-0.003490211,0.0113880355,-0.011932547,-0.004650097,-0.0061874897,-0.007534848,0.0024788785,0.0016476066,-0.015189084,0.017332735,0.054173898,0.03353721,0.02029998,-0.042246033,0.008714218,-0.062927306,-0.007273876,-0.04441991,-0.05189104,0.02624487,-0.0803174,-0.0023346436,-0.0374697
TF_AUS_JPN_IronOre_MT_lag10d,-0.015099636,0.0050660563,0.00061223184,-0.0044596484,-0.0028513966,0.0070461077,-0.012343007,-0.008747367,-0.0052023516,-0.006046202,0.0057552382,-0.0052055893,-0.007634088,0.028284809,0.041943967,0.039102208,0.020417497,-0.0337208,-0.0023957898,-0.041427094,-0.0051312605,-0.031148253,-0.04850599,0.03352943,-0.08176099,-0.03287418,-0.050170865
TF_AUS_JPN_IronOre_MT_lag21d,-0.014700186,0.006199181,0.0024303412,0.0032970381,0.006843311,0.003028057,-0.010486789,-0.011013245,-0.016399918,-0.0028054113,0.010792645,-0.01428223,0.003780908,0.028033605,0.007903288,0.036819387,0.00903988,0.0037356142,-0.015752818,0.018962836,0.004480443,-0.038246617,-0.031967085,0.028931487,-0.07421963,-0.052423853,-0.022456389
TF_AUS_SKorea_IronOre_MT_lag1d,-0.0014435446,0.0062777745,-0.0042333724,0.009558726,0.024573073,0.020101251,-0.016635653,-0.024409518,-0.018667217,-0.0038376595,-0.009208664,0.018707026,0.010209952,-0.046930898,-0.018336767,0.08956904,-0.011627462,-0.0036773337,-0.03888809,-0.008781626,-0.011679484,0.013123855,0.032493845,0.031718783,0.04758163,-0.025302818,-0.024108268
TF_AUS_SKorea_IronOre_MT_lag5d,-0.0011949973,0.006464751,-0.0040719146,0.010789823,0.022671003,0.021647979,-0.018494148,-0.021180142,-0.018910246,-0.0071657225,-0.014131342,0.017194577,0.010761292,-0.036665425,-0.023598237,0.0721818,-0.014842966,-0.009422276,-0.04497104,-0.008179824,-0.012843298,0.012772849,-0.010930242,0.012305541,0.039962284,-0.0028831116,-0.026856674
TF_AUS_SKorea_IronOre_MT_lag10d,-0.0019008245,0.0068154596,-0.007197492,0.014965256,0.01862705,0.018275017,-0.022668373,-0.02442843,-0.018511206,-0.008228486,-0.014413632,0.0071696825,0.008050721,-0.0368563,-0.020912431,0.045715116,-0.0040522306,0.0033734543,-0.041310668,-0.02162288,-0.011846429,-0.013451421,-0.043476127,0.0140767945,0.052598316,0.019705517,0.014893019
TF_AUS_Taiwan_IronOre_MT_lag1d,-0.0077652615,0.01885128,0.0038568273,0.0010700736,0.027075911,0.009669976,-0.0320632,-0.027478408,0.011532026,-0.02408925,0.007088028,0.017021064,0.037060395,0.04132685,0.010048013,0.06181509,-0.023736583,0.052691657,-0.04101533,0.0073611406,-0.068880685,0.0035672304,0.04127681,-0.033343844,0.10710885,0.04220842,-0.0096193375
TF_AUS_Taiwan_IronOre_MT_lag5d,-0.0073727053,0.018827353,0.0048995293,-0.0001992473,0.021962507,0.014922597,-0.037011832,-0.027618308,0.014190255,-0.02307367,-0.00092200167,0.0220013,0.03712107,0.04933819,0.006380967,0.039608464,-0.020684054,0.03322849,-0.04835037,0.0145655945,-0.039167836,0.014946313,0.027827682,-0.040924553,0.10545676,0.026531765,-0.030116457
TF_AUS_Taiwan_IronOre_MT_lag10d,-0.0068600536,0.018471902,0.0034332876,0.002076224,0.017756267,0.0126357265,-0.04042511,-0.029006165,0.014472948,-0.021661457,0.0023234817,0.020339645,0.025141478,0.037968613,0.005790974,0.028928816,-0.018053422,0.007790205,-0.0103554325,0.024413643,-0.035013158,0.0079497965,-0.014836516,-0.04741959,0.073797025,0.044504654,-0.033371087
TF_Brazil_CHN_IronOre_MT_lag1d,-0.00084237877,-0.011448008,0.0129092615,0.02789267,-0.00082732923,0.019195627,-0.023279443,0.017547173,-0.0069044787,-0.0055676736,0.04155156,0.02683605,-0.031534992,0.0015774312,0.026051002,-0.023191161,0.047495253,0.044704948,0.028894663,0.038165256,0.03976028,0.005111979,0.045195714,-0.037502453,0.02768148,-0.05403951,-0.029330574
TF_Brazil_CHN_IronOre_MT_lag5d,-0.0012182874,-0.011069504,0.013817649,0.029106634,-7.1124e-05,0.020891411,-0.0235142,0.022222633,-0.013905207,-0.01112641,0.033517573,0.023298267,-0.023630142,-0.006594303,0.030643811,-0.004877777,0.03152225,0.012527888,0.033249006,0.043404363,0.036702245,-0.005868122,0.012796721,-0.04218924,0.0035326611,-0.054173436,0.006831683
TF_Brazil_CHN_IronOre_MT_lag21d,-0.0013606369,-0.010630632,0.01122865,0.020711519,-0.017166434,0.026626544,-0.023523923,0.016638016,-0.0070798304,-0.020281559,0.012695467,0.000260841,0.010252659,-0.0025101344,0.012643759,0.018402992,0.030691173,-0.033983026,0.007089232,0.04887047,0.01862436,0.0030214044,0.015020469,-0.002033908,-0.00527385,-0.0074886316,-0.03302897
TF_Brazil_CHN_IronOre_MT_lag42d,-0.001445504,-0.009395189,0.009753488,0.007935956,-0.02073015,0.020950845,-0.008050215,0.0066962866,-0.02438323,0.00028362512,0.024789441,-0.007618545,0.029828586,0.022197105,-0.014902466,0.0023533697,0.004144694,-0.042620014,-0.034510385,0.05229016,-0.039513625,0.013634124,0.020118017,0.030090548,0.054112207,0.025760707,-0.04328018
TF_Brazil_SKorea_IronOre_MT_lag1d,-0.01651566,-0.025507374,0.029550405,-0.015557492,-0.009314612,0.0050471816,-0.036884487,-0.028252501,-0.018385777,-0.02436686,0.03435405,-0.055142894,-0.03759596,0.08246931,0.072416276,0.04861621,-0.08151189,0.058173463,-0.13288048,-0.061523434,-0.007522686,-0.028475393,-0.016078763,0.076606564,-0.12933707,-0.067028835,-0.03850352
TF_Brazil_SKorea_IronOre_MT_lag5d,-0.016271064,-0.025254047,0.03076813,-0.01719032,-0.008329332,0.0053202133,-0.0372577,-0.03278357,-0.014100077,-0.015506854,0.032071732,-0.055140376,-0.039833486,0.08136318,0.08718436,0.0493222,-0.079755396,0.040374693,-0.13282531,-0.049337536,0.0064072274,-0.017619763,-0.008890023,0.075126246,-0.11717592,-0.06110373,-0.05861492
TF_Brazil_SKorea_IronOre_MT_lag21d,-0.014496427,-0.023973597,0.036038492,-0.009559128,0.004869316,-0.010737005,-0.030171828,-0.033365224,-0.010327114,-0.00993895,0.021606224,-0.061616804,-0.03270316,0.080176316,0.09431329,0.046468485,-0.053755842,-0.013012201,-0.045291264,-0.0026495724,0.01668197,0.011032219,-0.048443202,0.032188952,-0.08037644,0.014783454,3.8000737e-05
TF_Brazil_Taiwan_IronOre_MT_lag1d,-0.0013221862,-0.0053182235,-0.016275136,-0.0574823,0.03697685,0.013161084,-0.059977196,0.08818977,0.061731536,-0.019520476,0.13470332,-0.03151537,-0.01126959,0.065444075,0.066540144,0.036010217,-0.038605604,-0.036352005,-0.10417688,0.027906714,-0.02226407,-0.004349543,-0.0539432,-0.044757817,-0.029582852,-0.022948688,0.06788239
TF_Brazil_Taiwan_IronOre_MT_lag5d,-0.0009960162,-0.0053665293,-0.014290226,-0.059694923,0.038046416,0.0129862465,-0.062614046,0.09043602,0.062796414,-0.020794764,0.13408203,-0.03362942,-0.006851819,0.069005474,0.07584957,0.03650806,-0.039186053,-0.029087104,-0.090915486,0.026392544,-0.016364839,-0.002100149,-0.057086665,-0.019511849,-0.013853971,-0.010750351,0.06470755
TF_Brazil_Taiwan_IronOre_MT_lag21d,0.0011175495,-0.004710972,-0.0034659568,-0.066895455,0.040402472,0.020867284,-0.07180491,0.082633,0.05710724,-0.016770827,0.1264024,-0.03927438,0.02095838,0.07845624,0.077351674,0.033944666,-0.06338137,0.0002268021,-0.052883998,0.04224411,-0.01750505,0.0028538785,-0.10025699,0.050819784,0.023382327,-0.032092717,0.042872667
Guinea_CHN_Bauxite_Import_MT_lag1d,0.018823955,-0.026054764,0.011096242,-0.01860349,0.003105493,-0.010333747,0.015665935,0.00029741687,0.0018842649,-0.015798276,-0.0098110875,-0.018105695,0.018557312,-0.020639004,0.0031314518,-0.001333484,-0.011620272,0.013586214,-0.016585156,0.012442085,-0.014321291,0.036907494,-0.011186492,-0.0065985117,0.046896245,0.08900259,-0.014136274
Guinea_CHN_Bauxite_Import_MT_lag5d,0.019043414,-0.026229678,0.0113889165,-0.019944716,6.978333e-05,-0.010271124,0.013827614,0.00044130246,0.008132569,-0.017497046,-0.019515079,-0.015242631,0.019254908,-0.027632885,0.0057705985,0.0016239398,-0.01645568,0.01607698,-0.0050717397,0.0043439786,-0.014107324,0.041695163,-0.017011596,-0.01936971,0.009646893,0.06457408,-0.012642249
Guinea_CHN_Bauxite_Import_MT_lag21d,0.019110618,-0.025572358,0.013738222,-0.022873335,-0.0013483058,-0.011611091,0.011362635,-0.0067418343,0.0168315,-0.013155916,-0.018529264,-0.0063262824,0.019598758,-0.03414134,0.004831251,0.030954503,-0.022070909,0.0028161798,0.026757903,-0.03779129,-0.014411036,0.02736019,-0.010233063,-0.01729745,0.018591808,0.06937232,0.0058420016
Guinea_Bauxite_Cape_Export_MT_lag1d,0.017067207,-0.025118724,0.011335005,-0.015440828,-0.00048141903,-0.008393807,0.013197696,0.0021715024,-0.0026392497,-0.019764984,-0.0067187054,-0.016736267,0.015919255,-0.024720063,-0.006839534,-0.006895754,-0.0017947727,0.009590226,-0.021125738,0.012243226,0.0015167745,0.029635718,-0.016845526,-0.012692722,0.060975738,0.100660935,-0.028296096
Guinea_Bauxite_Cape_Export_MT_lag5d,0.016726524,-0.02458144,0.009840332,-0.016322028,-0.0014134044,-0.009891698,0.010494509,0.0023454349,0.0011619233,-0.021080585,-0.015322733,-0.017918957,0.019129623,-0.032677293,-0.00044562257,0.0011512396,-0.015051589,0.01791903,-0.00019494789,0.0063160425,-0.005488221,0.04027078,-0.017886411,-0.024578696,0.015906917,0.078530766,-0.015483008
Guinea_Bauxite_Cape_Export_MT_lag21d,0.016831476,-0.024127102,0.01278679,-0.022882054,-0.005396187,-0.008436451,0.009427273,-0.0055664773,0.010108937,-0.011508261,-0.017803945,-0.004980114,0.015119259,-0.041152615,0.0017745212,0.029026875,-0.025186129,-0.0030410571,0.03503289,-0.035012733,-0.017423648,0.028296618,-0.016532019,-0.027465148,0.018705396,0.06872292,0.0010069789
Cape_Fleet_DWT_mn_SIN_lag21d,0.07015019,-0.044839565,0.026050895,-0.02343988,-0.0036567382,-0.022652106,0.0025477915,0.029532604,0.024466708,0.006656251,0.010404217,-0.0030131289,0.004229557,-0.003990925,-0.003393458,0.014614489,0.0018704245,0.00024311483,-0.01688867,-0.009877573,-0.00412932,-0.003970745,-0.0026391628,-0.014810804,-0.002647026,0.018261742,-0.01012694
Cape_Fleet_DWT_mn_SIN_lag42d,0.07005887,-0.04516325,0.025423897,-0.02399204,-0.0039257077,-0.022590963,0.0023238664,0.028456511,0.025522865,0.007888558,0.010979276,-0.0025432163,0.0058071646,-0.002538737,-0.0063500316,0.016738614,0.0004633216,-0.004071867,-0.014157147,-0.0050090994,-0.0055732625,0.00016389469,-0.004840717,-0.017196245,-0.0056541413,0.014005346,-0.009997509
Cape_Fleet_DWT_mn_SIN_lag62d,0.06990912,-0.04548396,0.025059776,-0.024232885,-0.0031544021,-0.023295818,0.0023742716,0.028583415,0.025037013,0.008342298,0.0117329,-0.002551728,0.005795021,-0.0013326489,-0.005786649,0.012805156,0.0024207735,-0.00034679976,-0.017538259,-0.006620919,-0.007349391,-0.00171496,-0.0041074636,-0.013720907,0.0001314593,0.0153233,-0.008739061
Cape_Fleet_Growth_YoY_pct_lag21d,-0.048711557,0.059615083,-0.021642378,-0.012457011,0.0106176585,0.011921522,0.008800251,0.028994951,0.035341877,-0.03758816,0.06321294,0.013978047,-0.001962843,0.054689817,0.035546944,-0.031759497,-0.0331364,-0.006291022,0.0057952725,0.010562882,-0.03917803,-0.042064905,0.017556561,-0.021661973,-0.042578846,0.021441247,0.024085365
Cape_Fleet_Growth_YoY_pct_lag42d,-0.045169156,0.060743798,-0.02057203,-0.018331917,0.008695921,0.013386564,-0.0011625108,0.02947982,0.045989458,-0.045928165,0.07107761,0.017994383,0.0121228425,0.045635637,0.03346358,-0.0383797,-0.03996538,-0.027992863,0.01312762,0.029443488,-0.038748465,-0.0326877,-0.0073316945,-0.024186151,-0.030219505,0.00088532484,0.030179761
Cape_Fleet_Growth_YoY_pct_lag62d,-0.041848645,0.061059274,-0.020921607,-0.023891065,0.0071365763,0.0041208053,-0.009671425,0.029960044,0.04013742,-0.042954322,0.08422632,0.0318184,0.027989496,0.045551863,0.032415528,-0.04542273,-0.050464354,-0.022608835,0.003879851,0.037266787,-0.047698453,-0.020552574,0.0048907185,-0.0040164585,-0.014983913,-0.0020443692,0.050727412
Cape_Deliveries_No_SIN_lag21d,-0.05003856,0.028632943,0.0055995453,-0.004525191,-0.0048066806,0.0075753736,0.010494207,-0.042528823,-0.013842938,0.007749045,0.021590697,-0.020349443,0.02927824,0.024677698,-0.08686253,-0.0033057942,-0.03706271,-0.005585646,0.0016951846,0.010232518,-0.03753632,0.09703198,-0.077921115,-0.06972337,-0.07840298,-0.05835948,-0.035165656
Cape_Deliveries_No_SIN_lag42d,-0.048697375,0.030421346,0.0049091196,0.0073010144,0.011865229,-0.013347968,0.0058751674,-0.00052962406,-0.005990428,-0.027824402,0.0050174305,-0.01298213,-0.02227156,-0.0257149,0.082085565,-0.043471143,0.0028082908,0.068435304,-0.06238576,-0.14623797,0.019658396,-0.0431929,0.030982917,0.08018006,0.04046267,0.059867915,-0.027763678
Cape_Atlantic_at_sea_ballast_lag1d,0.040619176,-0.051649753,0.03712834,0.010652771,0.020824043,-0.030065307,0.009144827,-0.017356748,-0.016325809,0.029482393,0.05595389,-0.015712649,-0.061546,0.0065964656,0.027819633,-0.08318393,0.035931222,0.049609963,0.0251585,-0.013613422,0.006986575,0.043490145,-0.031912174,-0.045487575,0.042436365,0.00509744,0.010245569
Cape_Atlantic_at_sea_ballast_lag5d,0.040628187,-0.051529054,0.037953354,0.02013565,0.02664923,-0.029790122,0.008592605,-0.004395495,-0.016360652,0.012619951,0.0379137,-0.01684287,-0.044797137,-0.004877821,0.04218219,-0.085098,0.024900654,0.05671176,0.011936897,-0.004562057,0.024891034,0.042012885,-0.028412482,-0.05973985,0.011764944,-0.010222793,-0.012645214
Cape_Atlantic_at_sea_ballast_lag10d,0.040493846,-0.05084895,0.038908746,0.02657979,0.028323853,-0.020373369,0.0047273007,0.007344942,-0.005766012,0.001188052,0.0042098085,-0.019235153,-0.020136515,-0.013249096,0.056214824,-0.07449746,0.0031275994,0.04609959,-0.006363151,0.0068762363,0.055300105,0.035880383,-0.014460683,-0.066178925,-0.017786862,-0.026869146,-0.03556234
Cape_Atlantic_at_sea_ballast_lag21d,0.040125746,-0.049909286,0.03430482,0.027326707,0.010680552,3.183822e-05,-0.01236795,0.018355148,0.03461246,-0.0100949975,-0.04568998,-0.03127963,0.02405269,-0.029230418,0.05195627,0.0018944604,-0.036131196,0.003815067,0.00019988838,0.024340644,0.08552132,0.016215872,0.017700912,-0.043318264,-0.08809262,0.011708848,-0.0017695031
Cape_Atlantic_at_sea_laden_lag1d,0.039552033,-0.060860764,0.037814695,0.034327053,-0.00031543034,0.002640459,0.004487523,0.023942443,0.01835261,-0.0016632847,-0.037292868,-0.012209854,0.015355877,0.0070278402,0.05626324,-0.011113081,-0.01930392,0.0012811748,0.02524912,0.024651049,0.03367339,-0.019249357,0.006576237,0.0018124791,-0.07433751,-0.024454905,0.03633745
Cape_Atlantic_at_sea_laden_lag5d,0.039271183,-0.06068741,0.03703972,0.032514405,-0.0061114016,0.0067589604,0.0029159642,0.021288328,0.026618911,-4.0936167e-05,-0.044947017,-0.017616171,0.017576398,0.0032088084,0.046832927,0.0044476916,-0.016463563,-0.020215534,0.01500322,0.029133314,0.032299057,-0.034521095,0.008779142,0.014547277,-0.06279049,-0.02603068,0.053679753
Cape_Atlantic_at_sea_laden_lag10d,0.038853306,-0.060599297,0.035583653,0.028866442,-0.013852543,0.008423463,0.0013016479,0.017208686,0.033110745,-0.0018821062,-0.046325177,-0.016817393,0.01145132,0.007865426,0.023806436,0.02026189,-0.007663381,-0.03815999,0.01433125,0.03277425,0.019009162,-0.039263595,0.019525036,0.030209199,-0.05026451,-0.0120961275,0.051041283
Cape_Indian_at_sea_ballast_lag1d,0.03323521,-0.044914182,0.02905021,-0.009575368,-0.023405163,-0.027994992,0.0019283904,-0.030583879,0.020160515,0.055845257,0.062215723,0.00201703,-0.06687928,0.0747012,-0.048258416,-0.048704702,0.034672625,-0.0061323247,0.012997168,-0.06403831,-0.052857153,0.035845123,-0.01395583,0.007367169,0.08132816,0.003934951,0.054723665
Cape_Indian_at_sea_ballast_lag5d,0.03336131,-0.044816148,0.032934517,-0.006032135,-0.013169362,-0.028585318,0.008012143,-0.02316875,0.0024822261,0.054824084,0.07058627,0.006051631,-0.074902564,0.064986825,-0.019513492,-0.082729355,0.041786093,0.022858713,0.015779817,-0.0652813,-0.029645596,0.051687967,-0.007961317,-0.017664656,0.09735973,0.004053774,0.032827273
Cape_Indian_at_sea_ballast_lag10d,0.03355098,-0.044774346,0.03701404,0.0051263385,0.0024323496,-0.03095565,0.013774372,-0.008229457,-0.01813489,0.04271896,0.072078176,0.006560815,-0.06918106,0.04005173,0.020752426,-0.102269664,0.040578775,0.054557025,0.02813879,-0.046991047,-0.007561821,0.051641937,-0.029689286,-0.05585101,0.06768647,0.008447024,-0.008764932
Cape_Indian_at_sea_ballast_lag21d,0.03370602,-0.043275986,0.04278576,0.022837479,0.017666603,-0.018684395,0.012734582,0.021678394,-0.011395673,0.006736825,0.008892569,-0.0023401594,-0.022131298,0.003006476,0.0745906,-0.08505873,0.009221135,0.043408886,0.0015914988,-0.0025761954,0.08534567,0.020081135,-0.03783411,-0.09144713,-0.0074845087,-0.031003546,-0.023424676
Cape_Indian_at_sea_laden_lag1d,0.04472895,-0.047362868,0.039137658,0.017091794,-0.013597074,-0.0032614733,-0.031194676,0.026085583,0.029164186,-0.010972844,-0.038727418,0.011814759,0.024954295,0.009274326,-0.015211375,0.028268594,0.013975236,-0.031525772,-0.001245984,-0.022165254,0.0053369445,-0.04578745,0.028917007,-0.017533626,-0.01147462,0.030644378,0.023221688
Cape_Indian_at_sea_laden_lag5d,0.044668462,-0.047105625,0.038430326,0.013890155,-0.017162776,-0.004331922,-0.031450942,0.025888313,0.026959447,-0.008558049,-0.034357324,0.014182462,0.019300662,0.018437358,-0.023555757,0.033273187,0.019475227,-0.04752092,0.0023255306,-0.021910371,-0.013187695,-0.044890944,0.039800826,-0.0025136364,-0.014448199,0.048264027,0.032055885
Cape_Indian_at_sea_laden_lag10d,0.044494968,-0.04696058,0.036225423,0.011363484,-0.02304297,-0.008533397,-0.031713266,0.020832742,0.023315383,-0.0037916633,-0.0237974,0.007963139,0.010200617,0.021184795,-0.03189203,0.03271393,0.024612548,-0.058065806,0.0012103432,-0.018281179,-0.025104694,-0.042355277,0.03675354,0.0025403644,-0.00762674,0.045254152,0.057178594
Cape_Pacific_at_sea_ballast_lag1d,0.04639897,-0.0316349,0.0070837433,-0.028073289,-0.0072671915,-0.0070205797,-0.020102926,-0.001613266,0.024372758,0.03585587,0.05534055,0.011123666,-0.043643676,0.046996336,-0.07107847,0.07836497,0.050210603,-0.009573603,-0.04119654,-0.0050673913,-0.034785055,0.004849226,0.012140987,0.06576761,-0.038290184,-0.013418837,-0.06956812
Cape_Pacific_at_sea_ballast_lag5d,0.046492755,-0.03172718,0.010150905,-0.025944699,0.0028254525,-0.0074632512,-0.015788382,0.006007625,0.008871181,0.0386341,0.060009353,0.01812379,-0.052226387,0.046504464,-0.0513652,0.053562857,0.04069622,0.0042032935,-0.017864456,-0.010445494,-0.0554608,0.036165286,0.0028916765,0.042609997,-0.01451701,-0.010396497,-0.06187388
Cape_Pacific_at_sea_ballast_lag10d,0.04677111,-0.03189011,0.013805189,-0.023885781,0.009459044,-0.008393836,-0.013361045,0.015895871,-0.0044225054,0.03024207,0.05329816,0.01770241,-0.06370629,0.04284737,-0.024106037,0.012596539,0.04515424,0.014974347,-0.016381571,-0.005583604,-0.05204891,0.058327448,-0.008690012,0.011618634,0.02668923,-0.027563721,-0.06716511
Cape_Pacific_at_sea_ballast_lag21d,0.04766347,-0.031562623,0.018955505,-0.015489641,0.020572731,-0.009194009,-0.015857415,0.03272115,-0.022409456,0.004940647,0.038845997,-0.0015740588,-0.055125427,0.026076248,0.009370875,-0.036071997,0.057127528,0.055670243,-0.028784944,0.02633679,0.004192813,0.030298697,-0.025213439,-0.041079894,0.061189275,-0.018458748,-0.056343883
Cape_Pacific_at_sea_laden_lag1d,0.02854525,-0.039142244,0.0018073281,-0.010392921,-0.012999843,0.033677746,-0.04305336,0.07932322,-0.032390293,-0.025931878,-0.07197714,-0.02906288,0.071590476,-0.035457756,0.04778877,0.086467795,-0.019915398,-0.019413222,0.0010880869,0.016731171,0.008286311,-0.08847052,-0.036199052,0.0042744745,0.04602663,0.04921534,0.04861376
Cape_Pacific_at_sea_laden_lag5d,0.028142115,-0.039499868,-0.0005713018,-0.017628765,-0.02529072,0.028482795,-0.043284673,0.061586175,-0.02225224,-0.021446167,-0.06366666,-0.044419166,0.07181778,-0.025109554,0.0049805394,0.09721279,-0.001776076,-0.03335171,-0.022336699,0.013135197,0.0016118974,-0.10743103,-0.030141266,0.024747035,0.04592048,0.03777589,0.08666949
Cape_Pacific_at_sea_laden_lag10d,0.027155638,-0.03988755,-0.0034132793,-0.030593788,-0.04164693,0.024150774,-0.044385497,0.036909826,-0.017361443,-0.014296029,-0.050770372,-0.048621397,0.057934728,-0.0020186647,-0.046110343,0.09681427,0.010507244,-0.04355288,-0.033501234,0.021767365,-0.021936923,-0.07386949,-0.008413406,0.030701907,0.021578498,0.0056856284,0.04499868
Cape_PortCongestion_pct_fleet_lag1d,-0.01442114,0.0624548,-0.04403417,-0.033353213,-3.9655926e-05,-0.007764526,0.06495034,-0.021149145,0.0054973583,-0.055693425,-0.034815114,0.003044382,0.0030854768,-0.028624408,-0.031040996,0.02431697,-0.06466509,0.0124523835,-0.03359937,-0.00740002,0.009732129,0.015757468,0.01140854,-0.036817826,0.0018725352,0.025312213,-0.07451895
Cape_PortCongestion_pct_fleet_lag5d,-0.014262186,0.061556637,-0.046818744,-0.034581177,-0.0008419729,-0.012446876,0.060779523,-0.022339238,0.012084231,-0.050588947,-0.029387875,0.010938746,0.0031099855,-0.022860369,-0.025552722,0.034335796,-0.06874816,0.026130877,-0.018778492,-0.019794203,0.0044988734,0.007250259,0.010360217,-0.032726057,-0.0020646336,0.036725532,-0.066072695
Cape_PortCongestion_pct_fleet_lag10d,-0.013953333,0.06054933,-0.04854257,-0.034406852,0.0034480446,-0.016744886,0.058742438,-0.02139268,0.01632069,-0.03573233,-0.020521834,0.022047454,0.0038900736,-0.020784004,-0.013896927,0.044802487,-0.0710847,0.035031065,-0.008406582,-0.046291947,-0.004121938,-0.013436055,0.010778515,-0.02439186,0.007535115,0.041830003,-0.012907037
Cape_PortCongestion_pct_fleet_lag21d,-0.01358721,0.058388844,-0.05092716,-0.033126686,0.010393628,-0.01644379,0.052396335,-0.02413412,0.028465165,-0.015866665,-0.014380401,0.04349348,-0.008929932,-0.017893739,0.0036195312,0.020298678,-0.050334502,0.04473651,-0.015236186,-0.061339367,-0.044503905,-0.027685378,-0.013194684,-0.03746452,0.02912269,-0.010143888,-0.052463625
Cape_PortCongestion_CHN_mDWT_lag1d,-0.017866304,0.02910793,-0.002184522,0.0064215967,-0.0582551,0.061446603,0.08903923,-0.007425108,0.024352271,-0.09370822,0.07976162,0.027509972,0.027247343,-0.03895513,-0.05288341,0.056456987,-0.0052541243,-0.062257864,-0.049262233,0.025064092,0.03234766,-0.054108705,0.009984461,-0.03509602,0.002058311,-0.020267798,-0.038638797
Cape_PortCongestion_CHN_mDWT_lag5d,-0.017996218,0.028716417,-0.006493453,0.002363256,-0.061642837,0.053283986,0.08904673,-0.018530406,0.019444985,-0.091864586,0.096431844,0.033398215,0.02868344,-0.026520012,-0.048651215,0.059610292,-0.01038322,-0.053209905,-0.049809057,0.0192295,0.0100983055,-0.025398223,0.00800669,-0.019334331,-0.00503346,-0.011416407,-0.06727638
Cape_PortCongestion_CHN_mDWT_lag10d,-0.01833612,0.028701108,-0.009815707,-0.00030900075,-0.056676317,0.04291866,0.09252343,-0.023695711,0.0060706795,-0.08297359,0.112664185,0.044062834,0.031027261,-0.013445239,-0.029218782,0.056012154,-0.019867549,-0.038170062,-0.046886053,-0.0027510938,-0.01910564,-0.0031263581,0.003242669,-0.0053236806,-0.0022261853,0.0029974568,-0.04594664
Cape_PortCongestion_CHN_mDWT_lag21d,-0.018369462,0.028016929,-0.012247736,-0.0067580603,-0.04121395,0.027425187,0.09699672,-0.02369166,-0.011346978,-0.07418789,0.10647607,0.0594777,0.022963002,0.0070194346,0.029268771,-0.003780395,-0.015717845,-0.018192334,-0.070410386,-0.021685857,-0.059171498,0.030828362,-0.028174393,0.004819322,0.050835583,-0.022248806,-0.057198923
Platts_HFO380_SIN_ext_USD_t_lag1d,0.075149715,0.012089412,-0.0019639728,-0.025026303,0.011550177,0.036895182,0.0045195227,-0.06270273,-0.008307516,-0.03028029,-0.0024660195,0.0016357007,-0.015885154,0.008747806,0.06808831,0.05296459,0.023235546,0.0018431402,0.030734072,0.005890291,-0.02603447,0.00510371,-0.021224624,-0.011286831,0.026606292,-0.01872814,0.014012226
Platts_HFO380_SIN_ext_USD_t_lag5d,0.075428195,0.010405841,-0.008917684,-0.014521205,0.012865421,0.019492913,0.0017443852,-0.06578023,-0.012595679,-0.046868943,0.006652754,-0.0025922607,-0.007954136,0.014749246,0.05484022,0.06167216,0.03362309,0.017970223,0.03146874,0.01034386,-0.023272768,0.00694138,-0.03544377,-0.013478596,0.014350178,5.8358914e-05,0.028136356
Platts_HFO380_SIN_ext_USD_t_lag21d,0.0741285,0.004032187,-0.026394034,0.011913078,0.018044077,-0.0010323327,-0.0048131617,-0.05745751,-0.020646747,-0.038105696,-0.0036376966,0.022957707,0.033701263,0.045914806,0.0498909,0.049950156,3.790962e-05,0.02165847,-0.00998731,-0.014753364,-0.018234892,0.013853237,0.021863619,-0.026167076,0.020146215,-0.042689323,7.490673e-05
Bunker_HSFO380_CLRK_W_USD_t_lag1d,0.073800795,0.011340601,-0.0058375453,-0.020780506,0.011020548,0.029223248,0.0031217434,-0.06582593,-0.011368622,-0.042001903,0.0025800725,-0.0010701198,-0.010373883,0.01091874,0.05598226,0.059333842,0.030948857,0.015436056,0.037650634,0.011781736,-0.021144403,0.00284711,-0.041734364,-0.014048685,0.015138721,-2.8607492e-05,0.023293046
Bunker_HSFO380_CLRK_W_USD_t_lag5d,0.0738676,0.009702347,-0.011560196,-0.012027004,0.013035617,0.015346929,0.0008828294,-0.06570315,-0.015876167,-0.051945128,0.007190373,0.0001725698,-0.0013581972,0.020829326,0.04779824,0.060623083,0.033840038,0.028016003,0.02932879,0.004746452,-0.02380871,0.008279196,-0.030873526,-0.011519306,0.009219307,0.009136775,0.025895156
Bunker_HSFO380_CLRK_W_USD_t_lag21d,0.07218555,0.0034106572,-0.027666943,0.012304986,0.01809123,0.000773531,-0.0053949016,-0.057438657,-0.02251426,-0.037440374,-0.006465339,0.026731225,0.03619222,0.047695592,0.049185213,0.045081194,-0.0023851881,0.02013986,-0.010367756,-0.018831886,-0.014955335,0.0075079566,0.023364674,-0.026670782,0.0185905,-0.042265784,-0.0066637085
Bunker_MGO_CLRK_W_USD_t_lag1d,0.06444316,0.003845686,-0.048930947,-0.039123964,0.038707893,0.030418454,-0.047441643,-0.040177204,-0.0386455,-0.030495536,-0.001018611,0.017322177,0.041777443,0.0029136944,-0.0046982192,-0.01233161,0.029766878,-0.021013582,0.035478685,-0.015727313,0.0009733492,-0.019566022,-0.0021327313,0.0091172075,-0.015443815,0.002745074,0.007516612
Bunker_MGO_CLRK_W_USD_t_lag5d,0.06403722,0.0020324567,-0.05222914,-0.034302,0.039599307,0.021377673,-0.048923038,-0.03975788,-0.041363183,-0.033786662,0.002746944,0.013767267,0.04006982,0.0020230566,-0.0096391095,-0.013924132,0.026522284,-0.022497116,0.028445031,-0.023173518,-0.00013592927,-0.019251358,0.002346117,0.010868351,-0.013170525,0.0028251782,0.008914381
Bunker_MGO_CLRK_W_USD_t_lag21d,0.06129144,-0.004829722,-0.061770763,-0.023355743,0.04084085,0.0060042874,-0.05188196,-0.029793752,-0.04515896,-0.017258579,-0.0049730195,0.014563178,0.035114482,-0.0014999439,-0.008868273,-0.02982692,-0.009836206,-0.044298116,0.006841913,-0.044507682,-0.00024975784,-0.019144487,0.017494999,-0.006776466,0.0068070893,-0.041100096,-0.0055296365
Brent_Crude_USD_bbl_lag1d,0.07434238,0.014962697,-0.029656807,-0.03822924,0.021614198,0.03701245,-0.029006254,-0.03554817,-0.034855567,-0.01505401,-0.009166676,0.010888633,0.030050404,0.016785376,0.009892652,-0.019901274,0.0065921843,-0.0053722924,0.013447694,-0.017017921,0.012694496,-0.008777172,0.002682096,0.004963512,-0.010160145,-0.0011721984,4.26535e-05
Brent_Crude_USD_bbl_lag5d,0.074459106,0.013023955,-0.035240266,-0.03160301,0.022192856,0.021580307,-0.030640135,-0.037245564,-0.03770393,-0.029111736,-0.0007873395,0.0030215883,0.021080729,0.009499314,0.005216266,-0.012801098,0.010720882,-0.010565201,0.026633527,-0.013496944,0.016549839,-0.013473989,-0.01463195,0.008566855,-0.018305967,0.01566248,0.011428339
Brent_Crude_USD_bbl_lag21d,0.07288247,0.0056932783,-0.049419936,-0.017158419,0.024879506,-0.002243415,-0.03228347,-0.028420944,-0.041427687,-0.022749428,-0.0040819277,0.008365042,0.010539339,0.0023748486,0.014159631,-0.017614715,-0.018795967,-0.030158704,0.012733727,-0.034940366,0.0019706308,-0.016326357,0.01610491,0.0025361022,0.0006006858,-0.029415313,-0.008711205
Brent_1M_USD_bbl_SIN_lag1d,0.07377243,0.014094625,-0.03230698,-0.03462901,0.021442898,0.027666807,-0.029973207,-0.03750722,-0.03609428,-0.02573549,-0.0029337455,0.004252758,0.025407618,0.010809184,0.004733047,-0.013089953,0.012201505,-0.007158319,0.025867041,-0.010623486,0.018396936,-0.013649866,-0.016464964,0.006214775,-0.018065609,0.014588493,0.011269121
Brent_1M_USD_bbl_SIN_lag5d,0.07365563,0.012155237,-0.037163332,-0.029205602,0.022118311,0.014758631,-0.03129393,-0.0367542,-0.038303573,-0.034659144,0.0013053634,0.0011084247,0.01940468,0.0088593075,0.0035453844,-0.012189968,0.012569318,-0.010253971,0.02829733,-0.016963754,0.014899011,-0.009867173,-0.012345173,0.011838819,-0.020055722,0.019897245,0.010281929
Brent_1M_USD_bbl_SIN_lag21d,0.07195451,0.0050335214,-0.049958833,-0.016392343,0.025392236,-0.0029002095,-0.031770926,-0.027324677,-0.04108263,-0.019318892,-0.0048963507,0.009688178,0.010940497,0.000995863,0.01371729,-0.01740478,-0.022894537,-0.031557836,0.01253842,-0.03398235,-0.0002980917,-0.021126531,0.015652616,0.0030646634,0.002596301,-0.033732116,-0.0139512615
Coal_Price_AUS_USD_t_lag1d,0.054118317,0.017910527,-0.04956152,-0.05442379,0.04787105,0.0077754846,-0.055729583,0.03748797,-0.020556303,-0.0075395247,0.017706513,-0.013400474,0.041279465,-0.05673318,-0.027333152,-0.055942655,-0.0035263796,-0.019647202,-0.028162327,0.05862264,-0.009823285,-0.01979842,0.024081228,0.051640768,0.0019306239,-0.0068533197,0.03258239
Coal_Price_AUS_USD_t_lag5d,0.054245595,0.016603505,-0.0513769,-0.054321498,0.044175062,0.007862125,-0.057710335,0.034400884,-0.015126161,-0.005857639,0.01792334,-0.018832305,0.039806955,-0.06395525,-0.030547053,-0.05416695,-0.009966,-0.022689322,-0.025143633,0.052955378,-0.012656672,-0.00632335,0.023153033,0.045685764,0.005415343,-0.013067402,0.030917907
Coal_Price_AUS_USD_t_lag21d,0.05415744,0.010967503,-0.054936413,-0.05775478,0.03459572,0.0071968692,-0.05934534,0.029218074,-0.011592439,0.009174603,0.02459395,-0.014140972,0.020876708,-0.07387667,-0.03009108,-0.02848029,-0.039075147,-0.037481997,0.0046190815,0.008149242,-0.024129195,0.04809998,0.017616214,0.020560026,0.028932916,-0.04172415,0.03029082
Coal_Price_AUS_USD_t_lag42d,0.053573456,0.003856466,-0.05387879,-0.053507395,0.038494118,-0.0007338419,-0.057086524,0.035174016,-0.027930059,0.011244325,0.01678594,-0.007792045,0.013455663,-0.063691966,-0.038302124,-0.01018497,-0.042185783,-0.009255782,-0.029390158,-0.0236516,0.006833641,0.023246886,-0.02923011,0.015526445,0.036962394,-0.037555303,-0.0021040456
ThermalCoal_FOB_AUS_USD_t_lag5d,0.04961445,0.015715534,-0.070881985,-0.047965102,0.044845946,0.009776009,-0.046697993,0.02204438,-0.0014833915,-0.0023818556,0.024763161,0.052596558,0.0467826,-0.04518655,-0.026435968,-0.0678549,0.0071686762,-0.029628312,-0.0041450523,0.020496719,0.01795198,-0.021312159,0.0019963444,0.029587511,-0.021994084,-0.033173453,0.022062795
ThermalCoal_FOB_AUS_USD_t_lag21d,0.047836546,0.009260285,-0.073014475,-0.05039202,0.042491242,0.00868121,-0.050488412,0.023252292,-0.0097220335,0.009075047,0.03236017,0.045191087,0.04444772,-0.06029832,-0.045934226,-0.058597464,-0.007658429,-0.036024004,-0.0043624802,0.013834923,0.026211016,-0.0044349814,0.00875914,0.04436821,-0.014027403,-0.029011816,0.007874767
ThermalCoal_FOB_AUS_USD_t_lag42d,0.044941694,0.001504177,-0.071143754,-0.05332508,0.046190407,0.0048166877,-0.053152215,0.034617756,-0.022889655,0.011807038,0.02374547,0.03486345,0.029539997,-0.07579791,-0.06064158,-0.06257535,-0.017741187,-0.028886875,-0.02398058,-0.0026343851,0.035890028,0.0052428106,-0.00627177,0.050901923,0.015059118,-0.021358084,-0.0074780374
Aluminum_LME_USD_t_lag1d,0.071526885,0.024326568,0.003138505,-0.045405008,-0.012770325,-0.0019955034,0.056809895,0.015865186,0.010203365,-0.03270668,-0.0048699295,0.022123983,-0.011484747,-0.033597793,0.011713844,0.0044437465,0.031443816,-0.0058693863,-0.010594701,0.04373965,-0.0076481355,0.013939463,0.022730196,-0.015570146,0.010214906,-0.002939788,0.013217566
Aluminum_LME_USD_t_lag5d,0.072167724,0.023921803,-0.00059617707,-0.043499075,-0.011056573,-0.0073322654,0.05549481,0.011134902,0.011589171,-0.038596693,-0.0011585458,0.020275056,-0.011606891,-0.03347657,0.009793576,0.013989636,0.03242755,-0.0017413134,-0.0040673967,0.04937479,-0.009018905,0.013540587,0.019932333,-0.015187845,0.008861268,0.0004888831,0.01398664
Aluminum_LME_USD_t_lag21d,0.073672116,0.021390703,-0.013595369,-0.035467785,-0.0036752105,-0.014986872,0.05099059,-0.0009702818,0.016889315,-0.034390688,0.00587694,0.028044876,0.009178749,-0.031684037,0.012817295,0.039080154,0.009821116,0.015692445,-0.0057745054,0.03730856,-0.0184849,0.010161309,0.0354164,-0.021115223,0.02982422,-0.0143552525,-0.008762016
Wheat_CBOT_USdc_bu_lag1d,0.038821492,0.05000828,-0.05102975,-0.06493107,0.039026182,0.004196482,-0.0076626893,0.0035178459,0.014064329,-0.035184957,0.013346031,0.048260957,0.045699038,-0.033201985,0.012585508,-0.005950595,-0.0040739654,0.0016297284,-0.021574777,0.026114766,-0.03304833,-0.0046244445,-0.0023031402,0.013501257,0.0136567615,-0.010385705,-0.009301656
Wheat_CBOT_USdc_bu_lag5d,0.039479405,0.048778538,-0.053276148,-0.062521756,0.039608855,0.00014155461,-0.012170577,0.0010779403,0.01641293,-0.037483674,0.015516679,0.04668428,0.044712193,-0.034836207,0.0061746566,-0.0033759223,-0.0025734277,0.0063673747,-0.016701344,0.02807976,-0.031774826,-0.004036032,-0.011752291,0.012278386,0.013124394,-0.0012847467,-8.246064e-05
Wheat_CBOT_USdc_bu_lag21d,0.040680915,0.04287672,-0.061061114,-0.05717001,0.035179388,-0.0064143958,-0.029606355,-0.0054267305,0.02206726,-0.019930214,0.025304437,0.05644566,0.044552006,-0.032598898,-0.0056641246,-0.0031480053,-0.016077617,0.007001423,-0.007754208,-0.0013718593,-0.022837538,0.011680637,-0.012958039,-0.009090231,0.008680355,-0.015004515,0.016872285
MSCI_WorldEnergy_lag1d,0.06844031,-0.044554107,-0.0018997008,-0.018481202,0.0072456347,0.027027644,-0.0094420165,-0.036146473,-0.041254707,-0.006531223,-0.04677139,-0.0146514885,-0.008183477,-0.006681059,-0.022628926,0.003707672,0.006407285,0.008818872,0.008459535,-0.0065951236,0.018458566,-0.0034438253,2.0128762e-05,-0.0004404684,-0.0032353024,-0.020171355,0.002479945
MSCI_WorldEnergy_lag5d,0.067972705,-0.045522794,-0.004862583,-0.014822846,0.007165148,0.017112436,-0.010335726,-0.03833279,-0.04329705,-0.016149387,-0.04157031,-0.019523608,-0.013671566,-0.009018509,-0.024504714,0.008476251,0.009325375,0.009901271,0.013696314,-0.004726572,0.02053247,-0.0059293406,-0.0023652075,-0.002136668,-0.013641587,-0.010603486,0.0047209347
MSCI_WorldEnergy_lag21d,0.064952694,-0.049111627,-0.011736525,-0.0033901404,0.01287488,-0.00041584656,-0.008613337,-0.03588439,-0.0456398,-0.0127363065,-0.042033084,-0.021996465,-0.015298665,-0.010925869,-0.0039347997,0.016146649,-0.007815028,-0.00342172,-0.007159253,-0.023141218,0.0103091,-0.029429127,0.047900602,-0.0049599227,-0.007190405,-0.02751723,-0.018175557
China_SteelPlate_CNY_t_lag1d,0.018339405,0.08536151,-0.0018315349,-0.016658027,-0.000342656,-0.022277465,-0.008115273,0.02650592,0.0005946337,0.0154625615,-0.0012109324,-0.018252669,-0.01566938,-0.011611632,-0.027295455,0.028386272,0.0038387894,0.030944465,-0.014278603,-0.0050524273,0.0113386735,0.01875029,0.0015454853,0.019794988,-0.0076794536,0.008173056,-0.023394441
China_SteelPlate_CNY_t_lag5d,0.019558314,0.08509705,-0.004481117,-0.014293565,-0.0005506129,-0.020096043,-0.008033797,0.024467634,0.002335758,0.016839026,0.0020963757,-0.017266545,-0.012859042,-0.010067925,-0.025975365,0.027165703,0.00043152279,0.034960106,-0.01598048,-0.0118182385,0.009538384,0.018212115,0.007910392,0.014467906,-0.0042190556,0.008137617,-0.02584472
China_SteelPlate_CNY_t_lag21d,0.023712901,0.08287316,-0.016845755,-0.0068644155,-0.00342872,-0.014963414,-0.008176872,0.018764013,0.006083838,0.022840409,0.017043553,-0.0076219216,-0.012972607,0.002405067,-0.019834988,0.024896953,-0.006328454,0.031897254,-0.0146670975,-0.032748006,0.011199628,0.023357997,0.008755465,-0.008410513,0.010675883,0.014767377,-0.027219374
China_SteelPlate_USD_t_lag1d,0.014379687,0.086933404,-0.0019389326,-0.020175293,-0.008028143,-0.024245137,0.0033349101,0.028553711,0.0018477465,0.009454214,0.004204292,-0.0061373166,-0.009606312,-0.015725553,-0.01903484,0.02226451,0.006658669,0.023704544,-0.013899286,0.0018295049,0.0119243795,0.01933956,-0.004472539,0.012649166,-0.0004102807,0.004036446,-0.012048254
China_SteelPlate_USD_t_lag5d,0.01557773,0.086760715,-0.004563472,-0.0183694,-0.007736307,-0.022860931,0.003615264,0.026165837,0.0032850283,0.010866337,0.00747329,-0.0054705725,-0.007540488,-0.014764018,-0.016635342,0.02207848,0.0041640503,0.027951896,-0.014275988,-0.004024584,0.0099709015,0.018433953,0.0013775493,0.008514016,0.0015556454,0.0037862943,-0.015389947
China_SteelPlate_USD_t_lag21d,0.019783955,0.08511316,-0.015833165,-0.012125587,-0.0070925993,-0.018623672,0.004003684,0.019297931,0.006509754,0.01736743,0.019180534,0.0034149298,-0.0060778162,-0.0028320553,-0.009404255,0.0234528,-0.0025603818,0.02914642,-0.015884442,-0.022566509,0.012216913,0.01924091,0.0019456124,-0.0049503613,0.0127009805,0.004703181,-0.021165289
Japan_Steel_ShipPlate_USD_t_lag1d,0.054977324,0.049200177,-0.05115714,-0.034751978,0.01840324,0.014162736,-0.02444161,0.033993326,-0.022240188,0.025618786,0.011132477,0.0038658099,-0.020111948,-0.0151753295,-0.017563492,0.0127403205,0.021687081,0.016150407,-0.0009074246,-0.023211043,0.020523136,0.0009091912,-0.0028115923,-0.029667424,-0.008058813,0.009614826,-0.03593016
Japan_Steel_ShipPlate_USD_t_lag5d,0.055279166,0.047775496,-0.052914273,-0.03431301,0.019458873,0.015157794,-0.024543041,0.03360728,-0.023433922,0.024222754,0.013041906,0.003716167,-0.02029621,-0.01566684,-0.017398268,0.014874527,0.020947998,0.0146345915,-0.0020005056,-0.02230779,0.023714378,-0.00209327,-0.0028427741,-0.030307962,-0.009023117,0.01160656,-0.03288366
Japan_Steel_ShipPlate_USD_t_lag21d,0.056026623,0.04186447,-0.059324365,-0.034571357,0.022481294,0.022525817,-0.024192493,0.033549003,-0.025994064,0.021912925,0.016331641,0.0049681477,-0.018593246,-0.018915955,-0.015134995,0.01842593,0.017553812,0.004733852,-0.0116612045,-0.023616258,0.028048275,-0.0064985165,-0.0019395422,-0.03441025,-0.008379339,0.013036305,-0.021871872
Japan_Steel_ShipPlate_USD_t_lag42d,0.056423675,0.033906646,-0.065797076,-0.03716804,0.027571348,0.03151213,-0.021922454,0.034597654,-0.029607888,0.013983848,0.021136317,0.0040135966,-0.01790718,-0.01850734,-0.019638328,0.017830659,0.014158682,-0.006448135,-0.015055076,-0.020517511,0.030908588,-0.0048375158,-0.017202346,-0.04052488,-0.00473107,0.015056631,-0.01759689
Korea_Steel_ShipPlate_USD_t_lag1d,0.0337761,0.06829018,-0.026396742,-0.043788273,0.005951117,-0.0036478008,-0.052096963,0.037474766,-0.026674947,0.018815279,0.010366985,0.012753546,-0.039027546,-0.019814178,-0.0028375173,0.034573585,0.029396055,0.020378912,-0.02778697,0.008454669,0.02350858,0.0058344076,-0.007673697,-0.058685876,0.016746877,0.016445948,-0.043330643
Korea_Steel_ShipPlate_USD_t_lag5d,0.03481887,0.06765631,-0.028222509,-0.042962957,0.006474187,-0.0029822085,-0.05131973,0.03475467,-0.026414631,0.021863645,0.016171131,0.006473284,-0.034390487,-0.020439008,0.0005464123,0.037545487,0.033110395,0.019974181,-0.023544578,0.010336568,0.026412264,-0.0053095003,-0.008647539,-0.058064006,0.01653557,0.017164493,-0.04744919
Korea_Steel_ShipPlate_USD_t_lag21d,0.038337465,0.06415636,-0.035918456,-0.039593514,0.010204502,0.0007385233,-0.04873321,0.028547721,-0.027853904,0.029904414,0.028594855,-0.0056482153,-0.023043888,-0.012283112,0.0094172275,0.043679878,0.039341092,0.01705486,-0.022103615,0.0072479313,0.020814635,-0.0029692226,-0.009459378,-0.045465272,0.0020948956,0.0075858636,-0.052961994
Korea_Steel_ShipPlate_USD_t_lag42d,0.042338543,0.05845741,-0.045135137,-0.033874128,0.020913709,0.007180975,-0.04146721,0.026960026,-0.030916914,0.035823885,0.039344028,-0.020898344,-0.020201033,-0.0070363027,0.014144679,0.044663966,0.032861598,0.009001666,-0.022972839,-0.0069965115,0.01989416,0.017935265,-0.024726251,-0.021316921,0.010995985,0.0077753495,-0.032920707
CITI_ShanghaiCoke_CNY_t_lag1d,-0.07275928,0.018846452,0.00086840347,0.02943489,0.0038679093,0.01826568,-0.007759198,-0.0599659,-0.014215466,-0.029184429,-0.019317547,-0.02804229,-0.03247039,0.037063956,0.0024661988,-0.012510261,0.0023936145,-0.008852357,0.051780052,0.0255124,-0.017176382,-0.05859753,0.06344007,-0.06758239,0.018028287,-0.015499746,-0.0074209506
CITI_ShanghaiCoke_CNY_t_lag5d,-0.07252738,0.019203018,1.6952901e-05,0.032599233,0.0036033012,0.016436035,-0.0077907285,-0.061647277,-0.012893053,-0.025804391,-0.012198675,-0.029855732,-0.027814822,0.031901274,0.006933751,-0.012018124,0.0014296295,-0.008797932,0.0509402,0.025939677,-0.019294156,-0.05397981,0.06467862,-0.0662769,0.014274155,-0.012959386,-0.0070025185
CITI_ShanghaiCoke_CNY_t_lag21d,-0.07184317,0.020769915,-0.0016818292,0.044831026,0.007686358,0.017583698,-0.0019214448,-0.061436452,-0.006085093,-0.008153572,0.0052851527,-0.030446416,-0.010308736,0.019280728,0.025109584,-0.008329193,-0.0047336193,-0.021647986,0.03904496,0.024151944,-0.02871077,-0.0369523,0.053153183,-0.0445072,0.023162397,-0.0045983754,0.00129074
CITI_CokingCoal_Shanxi_Liulin_#4_lag1d,0.048213117,0.049108483,-0.04752353,-0.012142389,0.0201542,0.040394366,-0.011449722,0.0503116,-0.005915009,0.014408849,0.03767638,-0.07031008,-0.009629936,-0.004141032,-0.026997913,0.035630114,0.04113003,-0.0156029835,-0.008571541,0.0126179615,-0.029836984,0.020919777,0.0276802,-0.0052621397,-0.018127376,0.022889525,0.007821835
CITI_CokingCoal_Shanxi_Liulin_#4_lag5d,0.04852443,0.04764992,-0.050207265,-0.0113154575,0.020166177,0.04176243,-0.00790789,0.049312476,-0.007394666,0.013065846,0.04516252,-0.07126889,-0.0051387004,-0.0008608259,-0.028675914,0.037718974,0.03248862,-0.01043331,-0.008261496,0.0025025667,-0.033861317,0.023775935,0.025774023,0.0023593393,-0.005177334,0.019006535,0.0029279941
CITI_CokingCoal_Shanxi_Liulin_#4_lag21d,0.048367634,0.040589236,-0.060750283,-0.011844885,0.017012177,0.039285082,-0.00044365757,0.05320792,-0.013991043,-0.0027225765,0.048200734,-0.059600063,0.004337,0.020192778,-0.027259776,0.036738675,-0.013515757,0.0019478066,-0.009591201,-0.03127775,-0.028517447,0.058065243,-0.013904677,-0.005735333,0.036917888,-0.01117583,-0.009853279
CITI_Rebar_Shanghai_CNY_t_lag1d,0.017164424,0.08651662,-0.0061468207,-0.010224192,-0.00028615593,-0.01629214,-0.005791908,0.017386366,-0.010368397,0.014417539,-0.02148409,-0.021228649,-0.02425458,-0.0054882267,-0.028267987,0.011977431,0.012476107,0.024994116,0.0038279109,0.015437,0.009986419,0.016138675,0.019600334,0.01756908,-0.0077749626,0.013138712,-0.025163025
CITI_Rebar_Shanghai_CNY_t_lag5d,0.018294321,0.086374246,-0.009331244,-0.0073187216,-0.0005991557,-0.014015887,-0.0052575464,0.015309071,-0.00848709,0.015325947,-0.016377686,-0.021536043,-0.021470495,-0.005384679,-0.029240444,0.013047604,0.009063257,0.034149125,0.003496967,0.0096659595,0.01019399,0.012101569,0.02829029,0.012606572,-0.0056455196,0.012222657,-0.029076204
CITI_Rebar_Shanghai_CNY_t_lag21d,0.021912795,0.08432696,-0.022557784,0.0024705676,-0.0025638798,-0.006237156,-0.003275639,0.009237222,-0.004768104,0.019875184,0.0008836724,-0.015788598,-0.019251425,-0.002251628,-0.024566678,0.020996617,-0.006376476,0.035546396,0.0042977,-0.01328135,0.009042905,0.00985718,0.032068375,-0.011477259,0.01114396,0.014985999,-0.026615202
CITI_China_Rebar12mm_CNY_t_lag1d,0.019923788,0.085588075,0.0006986504,-0.016836299,0.0012023865,-0.019615,-0.009366231,0.024973283,-0.0065327347,0.014008714,-0.014386591,-0.02000918,-0.024220616,-0.009935253,-0.022754787,0.013796698,0.016452879,0.01678802,0.0019187271,0.01603386,0.008681985,0.01928976,0.014651453,0.02455553,-0.010096827,0.0060601337,-0.01982302
CITI_China_Rebar12mm_CNY_t_lag5d,0.021246092,0.08557222,-0.0025306996,-0.013114585,0.001462286,-0.0190113,-0.009053841,0.022567457,-0.004839047,0.012877561,-0.009400267,-0.022083549,-0.021839133,-0.010566088,-0.025406344,0.0161535,0.013454246,0.025238028,0.002179325,0.014250009,0.008044193,0.017060027,0.021747341,0.02016628,-0.008432351,0.007369617,-0.023496527
CITI_China_Rebar12mm_CNY_t_lag21d,0.025587024,0.0841714,-0.015402694,-0.0018972795,-0.0002858181,-0.010468992,-0.0071722018,0.015615033,-0.00018074948,0.018122194,0.006158626,-0.016694091,-0.011715554,-0.0047923573,-0.026981363,0.024291662,-0.0046131588,0.032229744,-0.0016321824,-0.0034768335,0.0066345898,0.017437605,0.03326479,-0.0046585514,0.010371359,0.0083140675,-0.022763256
CITI_China_HRC3mm_CNY_t_lag1d,0.013652228,0.0859586,0.013966502,-0.018419277,-0.012026073,-0.022263018,-0.016131092,0.02946485,-0.0075734914,0.011549302,-0.008088505,-0.024930285,-0.020874012,-0.016157947,-0.017643966,0.010407161,0.0010463918,0.0106857745,-0.0074979328,0.010293629,0.0030705903,0.018613422,0.015259871,0.017824242,-0.01010715,0.019632753,-0.009693546
CITI_China_HRC3mm_CNY_t_lag5d,0.015143672,0.08612625,0.010442016,-0.015251188,-0.012106774,-0.024108065,-0.015022033,0.02608128,-0.006034674,0.010520775,-0.0013357954,-0.029276902,-0.01930447,-0.01692131,-0.018895652,0.015397297,-3.1927484e-05,0.016338829,-0.0057636728,0.00876032,0.0023034574,0.0135425115,0.019594343,0.014247701,-0.009889849,0.02427786,-0.012115493
CITI_China_HRC3mm_CNY_t_lag21d,0.020178033,0.08528356,-0.0030077994,-0.0045710215,-0.012978662,-0.022200536,-0.008378164,0.015374546,-0.0019786842,0.022982951,0.019890202,-0.02802429,-0.007618687,-0.009251019,-0.015209268,0.025744185,-0.014493368,0.017913975,-0.013133702,-0.009945614,-0.0019081887,0.014681428,0.025153955,-0.0081680035,0.004343124,0.01754464,-0.021421686
CITI_China_Billet_Q235_CNY_t_lag1d,0.020812126,0.08538457,0.0010694981,-0.01700743,0.00089635566,-0.01995663,-0.009409923,0.02520139,-0.0065353326,0.012758125,-0.013062831,-0.020441275,-0.024314627,-0.010999993,-0.022553293,0.012793073,0.015701633,0.015351777,0.0005506925,0.016104804,0.00836972,0.01907435,0.01545127,0.023460412,-0.010709167,0.0051061595,-0.02049526
CITI_China_Billet_Q235_CNY_t_lag5d,0.022127166,0.08538235,-0.0020925098,-0.013303457,0.0011266486,-0.019081414,-0.00920221,0.02272149,-0.004956645,0.011716566,-0.008452875,-0.021962397,-0.022040097,-0.011570828,-0.02529866,0.015374046,0.012148444,0.024427688,0.00021060999,0.01478368,0.008088603,0.017157165,0.022872176,0.0195024,-0.009408845,0.0058354363,-0.02528643
CITI_China_Billet_Q235_CNY_t_lag21d,0.02642964,0.08386807,-0.0154351685,-0.0020083801,-0.001045221,-0.011347692,-0.0074071353,0.015838437,0.0003167437,0.017611101,0.006917177,-0.017029388,-0.011545448,-0.006009331,-0.024697676,0.025490854,-0.005077797,0.03127073,-0.0028074856,-0.0031882138,0.007346468,0.017275611,0.033593856,-0.004244369,0.0120942835,0.009121459,-0.020778196
CITI_Steel_SEA_USD_t_lag1d,0.029370036,0.08103224,0.0073978268,-0.024319766,-0.010834159,-0.03599242,0.0013039547,0.026366303,-0.005414697,0.0067472444,-0.0101453625,-0.008860248,-0.019895451,-0.024373922,-0.005060275,0.0150682675,0.009618335,0.016442347,-0.003996,0.025915664,0.0032144797,0.008805331,0.02138447,0.007264824,-0.0020382318,0.0064869286,-0.009242893
CITI_Steel_SEA_USD_t_lag5d,0.030718327,0.080937974,0.004315399,-0.02129393,-0.009979151,-0.035288695,0.001986392,0.024029218,-0.0027829886,0.00868466,-0.0070231846,-0.009797456,-0.017404078,-0.024503438,-0.0047934013,0.018718215,0.008235877,0.021221569,-0.0067550745,0.022467818,0.0005249151,0.0055605154,0.027515652,0.0012345606,-9.681928e-06,0.0059229555,-0.011988972
CITI_Steel_SEA_USD_t_lag21d,0.035425596,0.07926119,-0.008986748,-0.011626383,-0.00884406,-0.029890805,0.004968018,0.014714536,0.008619863,0.023618894,0.0069019664,-0.0064999624,-0.00773259,-0.015463196,-0.0040203673,0.03352376,0.0013355832,0.016405862,-0.011951316,0.007517933,-0.0045909486,0.010147427,0.026725177,-0.02312439,0.016286831,0.003735496,-0.015477955
CITI_Steel_US_USD_t_lag1d,0.036811933,0.07006342,0.010088539,0.004684486,-0.028432626,-0.037031274,0.021258047,0.04836402,0.008381322,0.043709926,-0.0044267643,-0.023943081,-0.011413311,-0.037339635,-0.01786223,0.06306369,0.023149893,0.02678755,0.00015951536,-0.03438954,-0.002681498,0.03648528,-0.00911046,-0.008791926,0.013177699,0.0022984967,-0.03286859
CITI_Steel_US_USD_t_lag5d,0.037734695,0.06962286,0.0073318714,0.0052553625,-0.028178314,-0.0338757,0.02392312,0.04776647,0.008685761,0.046958774,-0.0012758439,-0.021233186,-0.010081658,-0.03149727,-0.019116286,0.066671066,0.019108826,0.025596054,-0.0030848505,-0.040345613,-0.00366567,0.033590313,-0.010196684,-0.010395556,0.010497216,0.0029345246,-0.03584877
CITI_Steel_US_USD_t_lag21d,0.040938333,0.06705398,-0.002980564,0.0052641844,-0.025659101,-0.021400254,0.033061314,0.04790799,0.007879724,0.051531393,0.007997345,-0.008355948,-0.005710539,-0.0016418683,-0.022750923,0.06250805,0.018874712,0.02912521,-0.023558294,-0.06197621,-0.002196849,0.028516753,-0.024308024,-0.01150464,-0.0055551226,0.01643329,-0.04021993
CITI_AppConsump_Rebar_Mt_lag5d,0.06521321,-0.0528371,0.03117303,-0.0150485365,-0.007051715,-0.022492528,0.010965784,0.020264806,0.025053622,0.007098087,0.0015053344,0.00014138334,0.006624753,-0.006049871,-0.009808613,0.013944265,0.00951693,-0.0012778623,-0.010971331,-0.007844067,-0.0038232664,0.0006678767,0.0022494234,-0.0141859045,0.0020524827,0.012493083,-0.010626706
CITI_AppConsump_Rebar_Mt_lag21d,0.065213315,-0.05283728,0.03117302,-0.015049516,-0.007053177,-0.022493174,0.01096697,0.020262899,0.025054222,0.0070983605,0.0015049458,0.0001383526,0.0066222353,-0.0060453056,-0.009810172,0.013933338,0.009511579,-0.001285772,-0.010966868,-0.00784037,-0.0038174742,0.0006633252,0.0022397947,-0.014189392,0.0020615864,0.012496204,-0.010609283
CITI_AppConsump_Rebar_Mt_lag42d,0.06521331,-0.05283706,0.031173907,-0.0150496615,-0.0070527815,-0.022492621,0.010967919,0.020262223,0.025053281,0.0070995498,0.0015051134,0.00013909713,0.00662118,-0.006043943,-0.009812009,0.013930117,0.009511067,-0.0012835045,-0.010968694,-0.007840698,-0.0038094758,0.00066335825,0.0022440983,-0.01419101,0.0020604408,0.012498463,-0.010609653
CITI_AppConsump_Total_Mt_lag5d,0.06521322,-0.052837115,0.03117304,-0.01504853,-0.007051715,-0.022492532,0.010965786,0.020264804,0.025053617,0.0070980727,0.0015053472,0.00014138102,0.006624732,-0.0060498696,-0.009808603,0.013944266,0.009516912,-0.0012778649,-0.010971341,-0.007844076,-0.003823254,0.00066787243,0.002249404,-0.014185892,0.002052457,0.012493104,-0.0106266895
CITI_AppConsump_Total_Mt_lag21d,0.06521333,-0.052837282,0.031173006,-0.015049503,-0.007053167,-0.022493169,0.0109669855,0.020262878,0.025054226,0.007098352,0.0015049494,0.00013835651,0.0066222344,-0.006045306,-0.009810189,0.013933331,0.0095115965,-0.0012857746,-0.010966848,-0.007840369,-0.0038174642,0.00066333293,0.002239811,-0.014189411,0.0020615926,0.012496192,-0.01060928
CITI_AppConsump_Total_Mt_lag42d,0.0652133,-0.052837055,0.03117391,-0.0150496615,-0.007052775,-0.022492629,0.010967902,0.020262254,0.025053283,0.007099558,0.0015051091,0.00013908201,0.006621178,-0.00604396,-0.009812017,0.013930103,0.009511045,-0.0012835102,-0.0109686935,-0.007840684,-0.0038094686,0.0006633347,0.0022440953,-0.014191008,0.0020604476,0.012498459,-0.010609662
AUDUSD_SIN_lag1d,0.010554531,-0.07636009,-0.026509857,0.015816752,0.035840478,0.005285481,0.018153857,-0.006420557,0.008539716,0.040180434,-0.041442644,-0.037048575,-0.007054537,0.025385208,-0.00042248334,0.02111355,0.021815905,0.0122885825,-0.0029852956,-0.02226796,-0.039066005,0.0015194522,0.06059128,-0.019698745,-0.0050810594,0.042989556,-0.06267257
AUDUSD_SIN_lag5d,0.009359823,-0.07667869,-0.022857815,0.013599261,0.036486086,0.013143933,0.017533313,-0.0029003618,0.012054383,0.044010058,-0.04680707,-0.032297265,-0.0063472283,0.026686473,-0.011154136,0.019260885,0.018666241,0.0062092654,0.0016628635,-0.019078413,-0.029385807,0.0069811684,0.045370333,-0.02600126,0.0028605498,0.03511144,-0.04618828
AUDUSD_SIN_lag21d,0.0052340887,-0.07777379,-0.012259666,0.0037845084,0.0309056,0.025730278,0.01097033,0.008414816,0.019687174,0.023008894,-0.04901098,-0.027093641,-0.035260007,0.012600577,-0.041817535,0.0079879975,0.03444176,0.010134174,0.045750357,-0.019022077,-0.012659375,0.023011336,0.012269545,-0.0515818,0.0063161976,0.043286894,0.025147153
EURUSD_SIN_lag1d,-0.031210199,0.04482937,0.071681544,0.022247817,-0.058503002,-0.030790241,0.021315094,0.017548686,0.025561083,-0.018856283,0.016327148,0.029102033,-0.0044509983,-0.031107502,0.0040808422,0.047483284,0.04653307,-0.025893083,-0.02228469,-0.014842994,0.011989502,0.016256431,-0.016032727,-0.03619022,0.013822347,0.013009302,0.01780197
EURUSD_SIN_lag5d,-0.03011216,0.046632808,0.069596626,0.022884866,-0.05799192,-0.03222955,0.024046034,0.014325026,0.022991324,-0.0153541565,0.022875011,0.026322983,-0.0028603973,-0.024891745,0.011606129,0.050396424,0.048832767,-0.024693325,-0.023858348,-0.011188626,0.0032207824,0.00890289,-0.014282632,-0.036140356,0.0031667943,0.004856701,0.009758157
EURUSD_SIN_lag21d,-0.025583377,0.05277656,0.062315915,0.026337648,-0.05672335,-0.031294856,0.030606585,0.0040029916,0.017651118,-0.0045928736,0.030538632,0.019997219,0.008364353,0.004814603,0.028087713,0.052592564,0.04907946,-0.013972764,-0.043656953,0.0064682458,-0.016859489,-0.0004978913,-0.040694438,-0.01075242,-0.009153057,-0.027373968,-0.024715403
CNYUSD_SIN_lag1d,0.005607922,-0.081607275,0.006681446,0.033241842,0.027945958,0.025251139,-0.028594464,-0.030205488,-0.0018491138,0.012767701,-0.03185349,-0.038036037,-0.018414898,0.032169428,-0.011416353,0.0025631688,-0.0046521523,0.008886368,0.016799953,-0.017163422,-0.015320639,-0.0123236105,0.0402699,0.014933408,-0.0313135,0.011347175,-0.029546669
CNYUSD_SIN_lag5d,0.0046877298,-0.08171034,0.008867447,0.033282332,0.026144302,0.027382921,-0.029186785,-0.026833178,-0.0020587533,0.011425903,-0.03401401,-0.036374066,-0.018329507,0.03288513,-0.017337484,-4.125068e-05,-0.006267674,0.0037190635,0.01399481,-0.016045554,-0.014416854,-0.011144104,0.037997987,0.013768398,-0.025211109,0.011977159,-0.023581617
CNYUSD_SIN_lag21d,0.001041209,-0.08211959,0.013947959,0.03181912,0.014044074,0.026517153,-0.030536318,-0.016010359,-0.0029874367,0.0010186604,-0.030673282,-0.03916367,-0.02679999,0.023210546,-0.028695757,-0.0105782505,0.00023394296,-0.0120375,0.026753306,-0.010154022,-0.02325935,-0.0021544185,0.03611103,-0.012896996,-0.0152755845,0.03114671,-0.0059847236
USD_Index_DXY_lag1d,0.041582663,-0.058211826,-0.049059834,-0.02086981,0.049820323,0.020949218,-0.030814076,-0.012623435,-0.018853819,0.01762027,-0.011427808,-0.030291889,0.004920157,0.027556043,-0.004620951,-0.035985492,-0.043033794,0.015957972,0.019801497,0.010790114,-0.010161567,-0.015229088,0.016000379,0.03742203,-0.015290658,0.0037740727,-0.008003054
USD_Index_DXY_lag5d,0.040541593,-0.059644233,-0.04749462,-0.020219425,0.0500943,0.021298194,-0.03256119,-0.010644708,-0.01777345,0.016138205,-0.015763097,-0.030006686,0.004773573,0.020661877,-0.012310483,-0.03908611,-0.046778332,0.015852464,0.019904193,0.008991132,-0.010851282,-0.012172267,0.01491166,0.03415872,-0.012335386,0.0045778053,-0.0047713295
USD_Index_DXY_lag21d,0.036448922,-0.0644116,-0.04047298,-0.021265987,0.04662625,0.021647338,-0.037195936,-0.0026867765,-0.013512305,0.009473848,-0.023030106,-0.029179325,-0.0029334063,-0.0073385527,-0.03049107,-0.048109867,-0.047828414,0.0058852835,0.028920956,-0.0019404946,0.002697649,-0.0013546486,0.026136799,0.0074213026,0.0040894314,0.01725669,0.022319123
VIX_lag1d,-0.03375484,0.0054905484,-0.047563776,-0.026745401,0.060661256,-0.06433666,0.03883911,0.038826454,0.0968508,-0.0214093,0.019761587,0.026887912,0.04837054,-0.0011611644,0.07980962,0.0062112184,0.038055267,-0.06262061,-0.046631217,0.012438492,-0.049872868,0.0036188813,0.06271615,0.023510186,-0.025189782,0.07479706,-0.015852593
VIX_lag5d,-0.033999402,0.005530662,-0.043830775,-0.028881678,0.063455805,-0.05300009,0.03516451,0.044263817,0.1076917,-0.0057063242,0.009841613,0.037000477,0.056107346,0.009156214,0.06451959,0.0033015208,0.032573473,-0.057956964,-0.043970764,0.013681738,-0.04684406,0.0110817645,0.061064918,0.03883525,0.0029864977,0.038073026,-0.03170015
VIX_lag21d,-0.032326337,0.0056190547,-0.028669653,-0.041440167,0.048642557,-0.018482465,0.009648671,0.04159786,0.12537318,0.016922832,0.014067946,0.071966745,0.037139412,0.017872943,-0.057958096,0.0021501782,0.014563272,0.002681762,0.043616235,0.07277292,-0.015570098,0.053963795,-0.09012775,0.025714593,0.04150316,-0.034312367,0.023891058
VHSI_lag1d,0.005718954,-0.018417202,-0.050233882,-0.038882185,0.08147152,-0.035190452,0.012324266,0.034494106,0.07503096,-0.0065478534,0.0076898187,-0.03158293,0.0042112796,-0.012098338,0.05471854,-0.011389804,0.07258744,-0.048292466,-0.042085055,0.014339731,-0.103651784,0.04030183,0.087336995,0.07952593,-0.02967672,0.06301114,0.0068789506
VHSI_lag5d,0.0057458077,-0.018724598,-0.045878418,-0.038780417,0.083177306,-0.021917606,0.009947498,0.038941346,0.083755426,0.0053644385,0.0026867886,-0.02417421,0.012454006,-0.010123324,0.04040355,-0.010568227,0.05417721,-0.03273416,-0.04002694,0.009630104,-0.08597965,0.045200817,0.08572519,0.07933132,-0.0007407706,0.012989359,-0.011931639
VHSI_lag21d,0.0065037054,-0.021088487,-0.034911558,-0.039563037,0.064404316,0.0019406872,-0.012576827,0.043449823,0.10033746,0.00070253987,0.008553933,0.0027495287,0.023068119,-0.007923493,-0.059665956,0.025078762,-0.00094200973,0.036106504,0.056173146,0.045010082,-0.014245877,0.0964562,-0.050183877,0.019511763,0.030740108,-0.049723987,0.006444746
VSTOXX_lag1d,-0.02827572,0.010726669,-0.048524834,-0.032230865,0.06725901,-0.05633214,0.04274912,0.040297057,0.09782452,-0.027523797,0.01932447,0.02677398,0.024940446,0.013403117,0.100793175,0.012446145,0.060824703,-0.048813846,-0.033387806,0.026048,-0.043308236,-0.005034456,0.066297114,0.0063668047,-0.025576139,0.059591934,-0.0057688276
VSTOXX_lag5d,-0.028317846,0.010701664,-0.04568065,-0.033861082,0.06934171,-0.045852873,0.03704987,0.04514083,0.110172406,-0.016176388,0.008802017,0.03336203,0.033109136,0.021956496,0.085019685,0.011169087,0.0551456,-0.044914808,-0.03359427,0.02888288,-0.04593192,0.003889603,0.06741235,0.01992048,0.0004229941,0.02076404,-0.017816376
VSTOXX_lag21d,-0.026089061,0.010589882,-0.03245274,-0.04489133,0.052457225,-0.008885799,0.008045834,0.03597545,0.12973046,0.0076068854,0.022773417,0.064955875,0.024916295,0.028600084,-0.045381445,0.022026865,0.017033791,0.012180451,0.060258806,0.08478379,-0.013525649,0.043311834,-0.07859437,0.0060509103,0.043306313,-0.052411806,0.02312626
HangSeng_lag1d,-0.049115475,0.04860192,0.025656931,0.02039648,-0.045533,-0.025872312,0.054313034,-0.036654696,-0.003969102,-0.012053802,-0.03213975,0.0679435,0.018069163,-0.044325054,-0.029166093,-0.0142178545,0.058430288,0.0013227925,0.0015362854,-0.023665972,0.025685309,0.008216838,0.0006312404,0.01579981,-0.0042862236,-0.016527474,-0.0042454298
HangSeng_lag5d,-0.048895292,0.049544293,0.022884116,0.021772996,-0.04392519,-0.031149259,0.054381005,-0.037246257,-0.0054303166,-0.01322426,-0.02687774,0.06456908,0.015647942,-0.04322263,-0.024504786,-0.013055445,0.0642625,0.0067058923,0.0069797193,-0.022905238,0.024239631,0.008707023,0.000729317,0.017358959,-0.012408309,-0.012627147,-0.011525541
HangSeng_lag21d,-0.048310358,0.052996203,0.014973614,0.029059412,-0.031398185,-0.03787957,0.054448444,-0.03204245,-0.008646062,-0.0036165132,-0.02559261,0.058690358,0.015945503,-0.03675791,0.0032878867,-0.011111094,0.066912435,0.014208454,0.00079093117,-0.022703147,0.023586508,0.0053236987,0.033094026,0.025293624,-0.011807431,-0.036717538,-0.044655368
SP500_lag1d,0.06377952,-0.0348627,0.04872822,-0.0009694155,-0.04556527,-0.020016331,0.057840392,0.01849873,0.019311873,-0.0012445851,0.0058191707,0.013871467,-0.005382021,0.004511188,0.001644587,-0.0009045244,0.010202226,0.010015526,-0.0012544,0.01657912,-0.0037748406,-0.0002642099,0.010030873,-0.009392894,-0.0016313368,-0.009161709,0.013179479
SP500_lag5d,0.06416697,-0.03470252,0.047366526,-0.0011751959,-0.044351805,-0.022352885,0.059334412,0.017149363,0.017893719,-0.0040641306,0.0073710387,0.012474022,-0.005057948,0.0025266644,0.005928452,0.0009705243,0.010543742,0.009442732,-0.0007482387,0.017328896,-0.0033012652,-0.0007093871,0.012270702,-0.012317804,-0.007447589,-0.0021806431,0.01406158
SP500_lag21d,0.06530028,-0.034066282,0.04213282,-0.0005491852,-0.035677128,-0.027657112,0.064659715,0.015605714,0.018169673,-0.008979326,0.0012096692,0.0094134705,0.008943889,0.003667699,0.025953446,0.0054144356,0.0110572735,0.0032231214,-0.018764753,0.013862787,-0.0067687174,-0.009006602,0.034502886,-0.0099032475,-0.0123096965,0.013280212,-0.0023819853
KOSPI_lag1d,0.044000316,0.04252859,0.06568517,-0.0039840927,-0.056466196,-0.04462208,0.015693054,0.03396249,0.0064667664,0.019127239,0.015690412,0.033897005,0.010843695,-0.023810834,-0.004959828,0.0059130345,0.026726896,-0.005850886,-0.021508057,-0.031156253,0.018591441,0.012824245,-0.047103494,0.0011096456,-0.03744466,-0.017867403,0.022452109
KOSPI_lag5d,0.045347903,0.043393515,0.06187313,-0.0022509182,-0.055559013,-0.049148716,0.016906446,0.03267664,0.0043484624,0.01431022,0.02007398,0.028764084,0.007726171,-0.02122201,-0.0008855359,0.007996095,0.02974805,-0.005878646,-0.02364488,-0.02868091,0.019042758,0.009323596,-0.04600157,0.0023174088,-0.0491616,-0.009598141,0.017500933
KOSPI_lag21d,0.049816206,0.04644406,0.047034137,0.004394681,-0.04774742,-0.055320736,0.023145285,0.03382034,0.0031984653,0.017684476,0.019763347,0.015579161,0.01026198,-0.0043434086,0.026471585,0.010024644,0.022833373,-0.011383622,-0.057158656,-0.025954956,0.013825165,-0.002382355,-0.010364392,0.018807698,-0.064293146,-0.004062085,-0.024999538
MSCI_EM_lag1d,0.005683345,0.051332556,0.06734334,0.005540312,-0.08440157,-0.03676017,0.056760773,0.006824284,-0.0009713114,-0.010012367,0.011434289,0.05333369,0.026935274,-0.027413331,-0.0008715868,-0.01630634,0.023506176,-0.0081721125,-0.014163017,-0.0021066433,0.004833046,0.00876708,-0.028432924,0.02302219,-0.027764663,-0.0131577365,0.026200583
MSCI_EM_lag5d,0.006797483,0.052533068,0.06354948,0.006407042,-0.082209244,-0.044635907,0.059444726,0.0043976,-0.0044747028,-0.013950956,0.017002214,0.048950035,0.024168875,-0.025908269,0.00831439,-0.014241442,0.030547924,-0.0053478573,-0.011269508,0.0001629294,0.0025504152,0.009879761,-0.026446814,0.025537422,-0.039393872,-0.0060707442,0.018776314
MSCI_EM_lag21d,0.010459632,0.05679474,0.0498866,0.013396595,-0.065820135,-0.061385747,0.069489345,0.0043214196,-0.007870107,-0.009123722,0.009590738,0.037923887,0.031845458,-0.016687697,0.052660096,-0.010791823,0.033944394,-0.0029351006,-0.03987996,0.0025708945,-0.0020281267,0.0019252489,0.013701484,0.046668854,-0.04475962,-0.023719842,-0.029182216
MSCI_Global_lag1d,0.062581256,-0.027850384,0.055081412,0.0019706178,-0.053281073,-0.021497335,0.062569395,0.01731361,0.015695583,-0.0006077402,0.0031135655,0.01572005,-0.005619182,-0.0040223435,-0.0032116924,0.0015630921,0.01408742,0.0102315005,-0.002011419,0.009647226,-0.00047469087,0.0020908548,0.0052127102,-0.013060717,-0.0031288455,-0.0093110325,0.013017374
MSCI_Global_lag5d,0.06311915,-0.027564047,0.053324282,0.0019602147,-0.05208466,-0.02445537,0.06446846,0.015788427,0.014076573,-0.0040560486,0.0052663838,0.01402612,-0.0055992072,-0.005476586,0.0025415064,0.0040852907,0.015100207,0.009821854,-0.0017982698,0.010296951,0.00013485909,0.0012020499,0.0074186805,-0.015890358,-0.010572894,-0.0015641478,0.013333385
MSCI_Global_lag21d,0.06470601,-0.02654678,0.046360146,0.0033860994,-0.042694576,-0.031450253,0.07119389,0.014183656,0.014985659,-0.0091418605,-0.0012674119,0.0104600545,0.008438371,-0.0006729567,0.029004904,0.011110204,0.016596451,0.0017097271,-0.025245355,0.006270385,-0.005172716,-0.009183811,0.034333568,-0.009764554,-0.018311722,0.01227213,-0.009334164
Nikkei225_lag1d,0.06110569,-0.041846603,0.05590167,0.0048300144,-0.03946605,-0.014168354,0.025131715,0.009006686,0.006462587,0.010118791,-0.0012446077,-0.014699121,0.00329789,0.029924331,0.0143051585,-0.007818865,-0.020512417,0.0069783623,-0.002779944,-0.016668463,-0.007270103,0.0009252377,-0.025322832,0.018350372,-0.03172984,0.0072863568,0.02676946
Nikkei225_lag5d,0.06151068,-0.04166201,0.054776438,0.0053758686,-0.038322512,-0.017431734,0.026554853,0.008755396,0.004289447,0.005955188,-0.00090327073,-0.01595836,0.0014587947,0.029711753,0.017580096,-0.00624235,-0.02199737,0.006361901,0.00051262614,-0.01424305,-0.007350556,8.6816726e-05,-0.02530074,0.01727907,-0.041705742,0.013558517,0.025322068
Nikkei225_lag21d,0.06235841,-0.041048616,0.04963919,0.007146249,-0.0349625,-0.025815992,0.03142753,0.008688695,0.004866355,-0.0008907923,-0.01112242,-0.020609079,0.002794406,0.028910747,0.0357968,-0.0058094193,-0.02457143,-0.0023337705,-0.016835153,-0.008304899,-0.010200705,-0.010160317,0.004060492,0.018853227,-0.050176084,0.013800696,0.0047812094
EuroStoxx50_lag1d,0.059861865,-0.03879301,0.05177312,0.009107325,-0.044624098,-0.0089175105,0.05535347,-0.007818439,-0.009509532,0.0067578973,-0.02990517,-0.014568465,-0.024554314,-0.024546556,-0.03145797,0.010202857,-0.007567598,0.017058238,0.0024494852,-0.032985404,0.014052192,0.005851915,-0.0027210808,-0.033118647,-0.0032035855,0.013028958,-0.0061432687
EuroStoxx50_lag5d,0.06013439,-0.03866407,0.050039433,0.0102317985,-0.043938246,-0.012586665,0.057429813,-0.009164451,-0.009900728,0.0017280843,-0.027996829,-0.014409061,-0.025803758,-0.025493003,-0.02432936,0.013957372,-0.0055245976,0.016159961,0.0010702105,-0.0321927,0.015178972,0.002529802,-0.0022923732,-0.038546566,-0.013171878,0.021435354,-0.0069753225
EuroStoxx50_lag21d,0.06028665,-0.03857979,0.041817825,0.014871141,-0.038059995,-0.024181798,0.06364088,-0.009097867,-0.0014343763,-0.0063555436,-0.034279685,-0.011920711,-0.019089408,-0.015283512,0.013433491,0.02861039,0.0048319492,0.002899139,-0.032251954,-0.0333534,0.007558074,-0.014367051,0.034157068,-0.03551725,-0.028525773,0.027504377,-0.030988952
Platts_HFO380_SIN_ext_USD_t_roll21d,0.076703414,0.008634144,-0.014756222,-0.0061969673,0.014988326,0.012522609,-0.00028226554,-0.06435767,-0.016109932,-0.04557312,0.0035608287,0.0058980817,0.0054898914,0.026976096,0.054704033,0.05718105,0.024169842,0.022792516,0.014014946,-0.0011283918,-0.024173027,0.010416425,-0.011366946,-0.016449954,0.017511427,-0.015511204,0.019608023
Platts_HFO380_SIN_ext_USD_t_roll42d,0.07697878,0.0041296273,-0.025332002,0.0057971794,0.015880315,0.007041408,-0.004965913,-0.05624434,-0.016634043,-0.035261076,-0.009817958,0.022741782,0.024953479,0.040904656,0.055716872,0.04838931,0.0070314715,0.012433768,0.0028768722,-0.008766791,-0.015434742,0.011250225,-0.0026841878,-0.021222891,0.0259504,-0.022341786,0.006915616
Bunker_HSFO380_CLRK_W_USD_t_roll21d,0.07605855,0.008081152,-0.01749865,-0.0039695837,0.015209537,0.01006914,-0.0012174016,-0.065822765,-0.019270197,-0.049721394,0.00311943,0.008626998,0.01083847,0.030939085,0.050813705,0.0568991,0.023941295,0.029149814,0.012445581,-0.0050571887,-0.023302337,0.008040372,-0.008680694,-0.017030897,0.011962505,-0.01265197,0.018427014
Bunker_HSFO380_CLRK_W_USD_t_roll42d,0.07629934,0.0034952143,-0.027802443,0.007109301,0.015985487,0.005970317,-0.0057423837,-0.0576374,-0.019076018,-0.03728499,-0.011078214,0.02517341,0.027911477,0.043060284,0.053630978,0.047020227,0.006614535,0.012385109,0.0025428936,-0.012620148,-0.014083312,0.0065901857,-0.0013492677,-0.022312228,0.022251809,-0.020619083,0.0061048884
IronOre_roll21d,0.014442561,0.068858616,0.05001874,-0.0218928,-0.00993047,-0.07820869,-0.050564826,-0.0050147506,0.004044526,0.038194653,-0.003951018,-0.03259879,0.013163253,0.008058085,0.014217251,-0.0018414581,-0.0042700977,-0.00069309084,0.02767042,0.023718026,-0.011481032,-0.03995798,0.023177978,-0.023755776,0.009661811,-0.008260117,0.0006022849
IronOre_roll42d,0.019241182,0.07145937,0.04400125,-0.0038502482,-0.0057353815,-0.07111285,-0.044296686,-0.006969119,0.012255498,0.055374775,0.0045748176,-0.03687607,0.0106441695,0.0011336646,0.016782371,-0.0063165724,-0.00413348,-0.008515599,0.02087416,0.011270739,-0.012637393,-0.016185973,0.015162896,-0.01415883,0.0059828446,-0.009190896,0.004326472
TF_AUS_CHN_IronOre_MT_roll21d,-0.06877096,-0.016614137,0.0022048522,0.024334727,0.00747528,0.055005953,-0.042125247,-0.0018088629,0.0054712067,-0.02411089,-0.016529359,0.007934013,-0.028368315,0.01735753,0.016477043,0.093537346,0.03359698,0.017075822,-0.010291137,0.0075427163,0.0076612616,-0.01975077,0.0057806326,-0.05588099,-0.013733385,0.08861357,-0.008604261
TF_Brazil_CHN_IronOre_MT_roll21d,-0.0031616974,-0.027708659,0.033826772,0.06676491,-0.014002732,0.062246297,-0.057134517,0.04683449,-0.023155041,-0.023417538,0.063226365,0.030978518,-0.019686531,-0.007285183,0.0601688,0.0042679026,0.077087976,-0.013410046,0.033709798,0.1026759,0.09355905,-0.014146493,0.038312178,-0.05753596,0.03675861,-0.10708144,-0.0058219642
EMA_5,0.04797256,0.04809396,0.017311076,0.08426752,0.018889565,0.041780937,0.0028342674,0.053099666,0.007947557,-0.030221483,-0.030415663,-0.020400638,-0.009833539,0.00446645,-0.009767134,-0.01913828,-0.011700913,-0.021013921,-0.019447131,0.008256313,-0.04014984,-0.010625312,-0.0195044,-0.009382669,-0.0036282497,-0.0027332052,-0.004365107
EMA_12,0.049546093,0.048438817,0.008432255,0.08307717,-0.0014929535,0.044773005,-0.0037838651,0.04874095,0.022129828,-0.03415455,-0.03298366,-0.029963529,-0.007117903,0.00942374,-0.015160643,-0.017725036,-0.007979239,-0.021677852,-0.02126539,0.008744195,-0.024963068,-0.008262188,-0.016414728,-0.005824192,0.002531154,-0.006254308,-0.0010758601
EMA_26,0.05171133,0.047907792,-0.0045693293,0.07837147,-0.0267478,0.045179434,-0.0046861926,0.045812435,0.022501918,-0.028853936,-0.02080345,-0.026190946,-0.009201152,0.022828324,-0.017439045,-0.0074494504,-0.013315153,-0.02116021,-0.008406053,0.0020611535,-0.0158831,-0.0043509966,-0.0006776522,0.0053811334,0.008795689,-0.0014707941,0.0015748373
EMA_50,0.054248102,0.04567161,-0.01857876,0.06675264,-0.04513545,0.042832743,0.0067252857,0.048679642,0.0057405853,-0.017644508,-0.0049871085,-0.015111843,-0.011554567,0.037102997,-0.009539916,-0.004480783,-0.022184098,-0.018678058,0.00054731185,0.0020566962,-0.012942211,-0.009641639,0.0030267565,0.011618549,0.009831253,0.0068919705,-0.00048507925
MACD,0.0047246106,0.016538111,0.060988415,0.045446903,0.11324636,0.0112474365,0.002956719,0.027418418,0.004788534,-0.03383592,-0.06446188,-0.025733287,0.007298736,-0.05758714,0.0058281035,-0.05143182,0.021688623,-0.008661628,-0.06409628,0.032636963,-0.048163522,-0.020018952,-0.07563345,-0.052140944,-0.027460009,-0.023359409,-0.012246042
MACD_signal,0.0059279366,0.018865751,0.054538894,0.050271027,0.08871888,0.020160675,-0.019989567,0.01575913,0.05408614,-0.055808105,-0.09179307,-0.062775984,0.01952682,-0.06445879,-0.011392289,-0.057573307,0.041432656,-0.0104998145,-0.08247706,0.0420702,-0.0113380095,-0.010720968,-0.075837396,-0.05393523,-0.022154918,-0.039155677,0.00040247617
MACD_hist,-0.0018158306,-0.0017282253,0.030545551,-0.0008880917,0.08754332,-0.019177038,0.05706483,0.0352447,-0.11991124,0.04580043,0.05157609,0.08476474,-0.028269898,0.0029888053,0.043695476,0.0026800719,-0.043257613,0.0024255854,0.02968374,-0.015296253,-0.10205065,-0.027661556,-0.017737638,-0.008166813,-0.019649923,0.03315978,-0.034015704
RSI_14,0.00747702,0.0150406435,0.06705961,0.031729974,0.11974827,0.0011838982,0.018627953,0.04626337,-0.049689207,-0.012598436,0.00044439328,0.050050892,0.014547694,-0.021861318,0.004607686,0.01806998,-0.032266255,0.048718005,0.027890723,0.007753531,-0.008338992,0.0010781137,-0.01754073,-0.0019807094,-0.00729401,0.006784918,-0.003020758
Stoch_K_14,0.004997367,0.008986278,0.04968085,0.023919249,0.09693652,-0.010147106,0.03830414,0.03699499,-0.09215107,0.011895382,0.045465127,0.08497203,-0.017346952,0.010823469,0.015996879,0.042883627,-0.050043844,0.02954043,0.05628532,-0.0074623744,-0.03808388,0.032478552,0.034327902,0.012694513,-0.026553228,0.024700588,-0.013222802
Stoch_D_14,0.0058029746,0.009967065,0.05225343,0.027565783,0.10024419,-0.0061471774,0.037610143,0.04117196,-0.087373614,0.0051176213,0.033246495,0.07715051,-0.012493194,0.0060416246,0.020194242,0.027994921,-0.04426837,0.028105507,0.033248074,-2.2426291e-05,-0.044122633,0.015263956,-0.0008059079,-0.0019027586,-0.019568933,0.007389587,-0.021341313
Stoch_K_21,0.006168571,0.010287823,0.058352236,0.029095424,0.10807393,-0.00607592,0.035731915,0.04404917,-0.08130668,0.0011974333,0.02286476,0.062387444,-0.010668382,-0.008418316,0.021797316,0.016901255,-0.036220226,0.03288475,0.020985696,0.00088674796,-0.0319906,0.017804472,-0.016331157,0.0015278267,-0.01273978,-0.008492387,-0.03259852
Stoch_D_21,0.00691223,0.011147288,0.05966707,0.031992327,0.1077983,-0.0012477753,0.032761395,0.046350032,-0.07155114,-0.0064314753,0.007685291,0.050199606,-0.0045697372,-0.015502957,0.025654858,0.0025927252,-0.02859243,0.030986924,-0.002191562,0.008206454,-0.033611782,0.002011298,-0.048943,-0.0127274925,-0.0055933194,-0.025056282,-0.039660733
BB_mid_20,0.04965314,0.0471035,-0.0032472813,0.078253284,-0.027588772,0.045833062,-0.012363244,0.040714294,0.03824069,-0.036658388,-0.031831052,-0.038109295,-0.0041652443,0.016414953,-0.022737348,-0.010320429,-0.00523987,-0.019626573,-0.01388657,0.006872224,-0.004277006,0.0013057602,0.00021031995,0.0024715527,0.005203185,-0.005843174,0.0074558966
BB_upper_20,0.044618472,0.04891373,0.00026185808,0.06847085,-0.026566949,0.044928648,0.0040340144,0.05526231,0.04603929,-0.050225895,-0.018996626,-0.05839108,0.0161133,0.023362419,-0.025271531,-0.0070954408,0.005362975,-0.0070963986,0.011119109,-0.027191846,-0.0011893499,-0.0075417487,0.014405218,-0.0010154163,0.0079315165,0.0068247076,-0.008862818
BB_lower_20,0.050379697,0.03717567,-0.008420832,0.08237707,-0.025130058,0.040470205,-0.036955792,0.011203754,0.019978564,-0.0093319835,-0.0477831,0.00025643164,-0.036234587,0.0027726956,-0.015268505,-0.013983244,-0.021551989,-0.03690455,-0.05212927,0.060760967,-0.008617819,0.015373655,-0.022703381,0.007724803,3.0737847e-05,-0.025394235,0.032652203
BB_width_20,-0.0038888159,0.02144377,0.019881587,-0.010111286,0.0048685716,0.0059504355,0.055478286,0.06576265,0.04922357,-0.073016375,0.03676213,-0.077555045,0.081318386,0.03482701,-0.0040425383,-0.0055425856,0.032747492,0.028467081,0.10334026,-0.13178685,0.026370632,-0.06916721,0.060293775,-0.0143671315,0.003837287,0.03162143,-0.046669286
BB_pct_20,0.0037442325,0.008637606,0.05711192,0.02153975,0.10189294,-0.013352356,0.042947423,0.045370698,-0.09403994,0.019390954,0.037094664,0.07083826,0.0031295824,0.011216834,0.017155336,0.029748248,-0.0475722,0.04104455,0.048292667,0.004632047,-0.04224406,0.023151122,0.010500636,0.007428108,-0.021495152,0.0049407575,-0.026704898
BB_mid_40,0.051340256,0.044658262,-0.01856105,0.069044136,-0.05278354,0.042663526,-0.0028071988,0.039753735,0.013220851,-0.014421679,0.006313564,-0.009063138,-0.016681703,0.040756937,-0.018892419,0.015721606,-0.026141856,-0.023068616,0.018608617,-0.016287224,-0.01621326,0.00090195384,0.027823206,0.026996538,0.020699367,0.009852446,0.0017738596
BB_upper_40,0.04467695,0.04787221,-0.013943487,0.055905502,-0.049933705,0.041131042,0.0233974,0.05078941,0.026620042,-0.035949755,0.020566175,-0.040014148,0.017111553,0.051257275,-0.033457108,0.019004157,-0.023108235,-0.015379142,0.03350705,-0.058004875,-0.008273775,-0.0034129804,0.0345819,0.029721562,0.02759182,0.008967652,-0.03063693
BB_lower_40,0.049187027,0.026224876,-0.021842029,0.07382707,-0.043216657,0.0335135,-0.05018438,0.008319414,-0.0151154,0.029192427,-0.021653928,0.050367538,-0.074115366,0.010025193,0.013176795,0.0052784476,-0.024385344,-0.030731522,-0.0139944805,0.0649589,-0.026258543,0.008579941,0.0075964467,0.0144155435,0.0022249818,0.0087151015,0.060848054
BB_width_40,-0.0035576075,0.024422713,0.017723352,-0.014206369,0.00028856302,0.010349391,0.072775185,0.039085682,0.057587035,-0.08143305,0.040336337,-0.09583204,0.103289954,0.0440304,-0.045761883,-0.0071935738,-0.008726481,-0.0068240534,0.06953574,-0.13314858,0.021916317,-0.056543533,0.038061745,0.012127654,0.002849084,-0.014369334,-0.092554964
BB_pct_40,0.0063150367,0.01628069,0.06529249,0.036812115,0.110770814,0.00412216,0.02626057,0.0433927,-0.051958773,-0.012625651,-0.0068818755,0.021843627,0.03048394,-0.04133126,0.014471322,0.0044186,-0.020310098,0.04727846,0.0119780805,0.016440697,-0.00986169,-0.00064745883,-0.013654675,-0.03451094,-0.027431678,0.0036787267,-0.01805669
RealVol_5d,0.008100343,0.014244417,-0.0011453171,-0.008588992,0.016277948,-0.011849365,0.032179102,0.076799475,0.010342608,-0.009651585,0.027130049,-0.007739772,0.05889973,0.06392465,0.0068107145,-0.02130058,0.0038290073,-0.029125087,0.107291386,-0.065753944,0.0062158178,0.0050610127,-0.024333749,-0.07770225,-0.003787295,-0.0143591,0.006451458
RealVol_10d,0.0070021176,0.018872363,-0.0010043003,-0.018225092,0.015143348,-0.010333235,0.03902161,0.0984051,0.023941485,-0.015142882,0.02093233,-0.014443698,0.07766339,0.07256811,0.011872737,-0.033648353,0.004708947,-0.031405322,0.1307126,-0.0766496,0.00017311054,-0.01811033,-0.027590659,-0.087200284,0.01197098,-0.022140184,-0.0077339425
RealVol_21d,0.0070167826,0.025462221,9.1412345e-05,-0.024452329,0.010195367,-0.008206886,0.044939067,0.108212285,0.044221066,-0.03688284,0.01455901,-0.02732109,0.10337448,0.07718992,-0.0011620834,-0.042389292,0.014003004,-0.029897675,0.12508602,-0.07316527,0.012581723,-0.05390904,-0.033586603,-0.055010628,0.01762393,-0.04122762,-0.033287816
RealVol_42d,0.0091312565,0.030940715,-0.0010969543,-0.04266977,-0.005283262,-0.0035557053,0.045045495,0.08322962,0.061639853,-0.036352884,0.036015604,-0.029396035,0.095144965,0.06972543,-0.045959577,-0.04157192,-0.0067878338,-0.03479955,0.13690513,-0.06283842,0.01327996,-0.055406783,-0.0016893949,0.01840953,0.011813351,-0.07212563,-0.016977299
MOM_5d,-0.000613233,0.0031693107,0.03482797,0.00798922,0.08212981,-0.016877111,0.03652928,0.022384908,-0.09070821,0.039799407,0.055031657,0.08316642,-0.027552437,-4.402665e-05,0.016767781,0.04340164,-0.051210057,0.011581349,0.08954876,-0.033373658,-0.0785525,0.031354237,0.09793481,0.030211331,-0.051038127,0.05768441,0.010515391
ROC_5d,-0.00093714683,0.004530909,0.038466576,0.004107794,0.085129455,-0.010651309,0.041002993,0.027607199,-0.08626246,0.033325624,0.0569475,0.08147637,-0.022951663,0.016657934,0.0052883276,0.036933783,-0.04636964,0.02229159,0.10290127,-0.033099685,-0.05798445,0.036966316,0.096265085,0.021192968,-0.04727954,0.05750668,0.007969915
MOM_10d,0.00019293805,0.00552516,0.045231767,0.017052416,0.10517719,-0.013904922,0.040624514,0.031093664,-0.09033801,0.028565053,0.032117352,0.06716885,-0.023964988,-0.014420342,0.029813861,0.008640351,-0.036269944,0.0027776235,0.038729932,-0.015249798,-0.09281884,-0.0038954306,0.011444648,-0.0069288528,-0.03875971,0.038557146,-0.010100225
ROC_10d,-0.00023113453,0.007211251,0.050095614,0.013613394,0.10860203,-0.0070123286,0.04747046,0.037370965,-0.08230759,0.013973375,0.039348397,0.059593245,-0.012502181,-3.2550848e-05,0.016421868,0.0040128664,-0.027782276,0.02946247,0.061182633,-0.019223524,-0.058761533,-0.0035684844,0.0068194,-0.018069051,-0.041599356,0.045755986,-0.011085226
MOM_21d,0.002754023,0.010507185,0.055056263,0.031041441,0.11499968,0.0021213964,0.026172547,0.035870433,-0.041695807,-0.012761224,-0.03652794,0.0057823085,-0.002140622,-0.041961845,0.02001138,-0.049620844,0.008082325,-0.008331353,-0.057547312,0.030838344,-0.07418231,-0.03726688,-0.10249297,-0.055348404,-0.017664803,-0.014931968,-0.04250306
ROC_21d,0.0016390894,0.012198892,0.058580503,0.025668906,0.115789026,0.010029295,0.034370646,0.0451878,-0.030306218,-0.03721532,-0.016842538,-0.009382216,0.018689873,-0.033988666,0.008682931,-0.046512153,0.010288048,0.034589015,-0.014490743,0.0007445149,-0.03018344,-0.05263633,-0.084850445,-0.05170109,-0.027690558,-0.004530194,-0.04745518
MOM_42d,0.005340184,0.020012436,0.05679528,0.046337698,0.090709746,0.020941537,-0.021681493,0.0056944303,0.053965155,-0.032824934,-0.06487988,-0.045921046,0.028052662,-0.072274655,-0.0099791465,-0.01489688,0.010706817,0.0061346237,-0.004121624,0.018548382,0.022379348,0.031090287,0.06963812,-0.013905438,-0.06567434,0.0051119737,0.04590197
ROC_42d,0.0016670176,0.020384168,0.058208045,0.037262097,0.089367464,0.0261352,-0.012286198,0.01684733,0.056368977,-0.06724466,-0.045215473,-0.04648144,0.036329657,-0.060633782,-0.03220584,-0.012983432,-0.013729585,0.02542524,0.02308451,-0.020079998,0.050377123,0.0019075488,0.06940789,-0.012830548,-0.07275584,-0.019868845,0.033770308
MOM_62d,0.007505974,0.02383934,0.05673887,0.06526429,0.078986175,0.018255256,-0.034613546,-0.0046391073,0.055158377,-0.04517203,-0.032069452,-0.016032027,-0.025449444,-0.03391025,-0.060955964,0.03680284,0.018251944,-0.040268354,-0.0018974767,-0.039687574,-0.10175098,0.04399641,0.017693646,0.021142215,0.011232355,-0.01427344,0.014584866
ROC_62d,0.0032272749,0.026397562,0.059651554,0.05370503,0.07407112,0.025039012,-0.029165454,0.0057630655,0.05674069,-0.07656785,-0.016935345,-0.0033525627,-0.027955974,-0.024273489,-0.07553097,0.03203344,-0.013346401,-0.023224123,0.009931499,-0.07260519,-0.0670568,0.004644855,0.037263513,0.0062831556,0.026326796,-0.042463798,0.002703002
Zscore_21d,0.0038489066,0.008997685,0.057956256,0.02204195,0.10297302,-0.012604775,0.04277723,0.04632692,-0.09257943,0.017897556,0.034114707,0.068128824,0.0046479315,0.008003511,0.017847138,0.026289077,-0.04643409,0.042170744,0.04510842,0.0064237956,-0.041057963,0.021233493,0.0049659186,0.0048990157,-0.020173939,0.001955107,-0.03060529
Zscore_63d,0.009833923,0.019603582,0.06615955,0.04726159,0.11075808,0.009930307,0.010020102,0.036331963,-0.00831387,-0.034499764,-0.0210733,0.0015208834,0.028802153,-0.045373227,0.0088548055,0.015243663,-0.0073923413,0.024888733,0.01851009,-0.015771994,-0.007912303,0.0047995234,0.012705735,-0.040381856,-0.01963482,-0.010099184,0.017504537
PctFrom52wHigh,0.0025974256,0.011061949,0.07976144,0.10944399,0.026254738,0.02327954,-0.0466834,0.011811595,-0.037519246,-0.0123455655,-0.049606398,-0.012357985,-0.0022296768,-0.017989159,0.017365579,0.022974163,0.018040204,-0.02105988,0.0028950644,-0.019008005,-0.022680523,0.003339276,-0.002800815,0.018409591,-0.036676526,0.011931078,-0.022487458
PctFrom52wLow,-0.010165319,0.06256141,0.043956947,0.07757155,0.029950714,0.024275655,-0.0055837515,0.039032612,-0.007811815,-0.052857183,-0.014183491,0.022191329,0.038872596,-0.01653896,-0.02090782,-0.0060301307,-0.014004467,-0.026662698,0.008134367,-0.01881468,-0.037802216,0.019836761,-0.014970291,0.054206755,0.0012908822,-0.013408421,-0.0005098806
Spread_EMA12_EMA26,0.0047246106,0.016538111,0.060988415,0.045446903,0.11324636,0.0112474365,0.002956719,0.027418418,0.004788534,-0.03383592,-0.06446188,-0.025733287,0.007298736,-0.05758714,0.0058281035,-0.05143182,0.021688623,-0.008661628,-0.06409628,0.032636963,-0.048163522,-0.020018952,-0.07563345,-0.052140944,-0.027460009,-0.023359409,-0.012246042
Dist_from_EMA26,0.0024612132,0.011525928,0.06354024,0.028402502,0.12690726,0.0009930673,0.029549139,0.037487023,-0.05740664,-0.009244276,0.0048212935,0.038473167,-0.0039492836,-0.02588177,0.007566707,-0.010374465,-0.017071538,0.034219984,0.034969203,-0.003969221,-0.0409441,-0.005080838,-0.0049239835,-0.020533105,-0.043059226,0.021822898,-0.0066030812
IronOre_Spot_CFR_NChina_USD_t_EMA_5,0.010545376,0.06634328,0.054508258,-0.03631021,-0.013809977,-0.0785584,-0.056047343,0.004963056,-0.0025058356,0.017600065,-0.023934603,-0.019205704,0.0032706556,0.02350848,0.012434535,-0.005061204,-0.005730409,-0.0075371247,0.024223888,0.026469111,-0.016900107,-0.025275944,0.016879434,-0.025637375,0.010525106,-0.010336506,-0.00044245186
IronOre_Spot_CFR_NChina_USD_t_EMA_12,0.012303598,0.067699336,0.05274746,-0.030271975,-0.01229547,-0.078659244,-0.05388805,0.00053795445,0.0006783573,0.026811397,-0.015197487,-0.025664985,0.0077308714,0.016531711,0.013441898,-0.00343145,-0.004986672,-0.0047690086,0.02629691,0.025914714,-0.013915318,-0.03390148,0.019557785,-0.02471966,0.01061151,-0.0087729255,-0.00069560064
IronOre_Spot_CFR_NChina_USD_t_EMA_26,0.015608692,0.07004035,0.04911453,-0.018720593,-0.0098216785,-0.07617066,-0.049999755,-0.002648483,0.00569707,0.039906427,-0.0057487693,-0.031294532,0.009793522,0.009513165,0.014639265,-0.0038583502,-0.004652413,-0.0045994543,0.025127608,0.020094318,-0.012549548,-0.029374147,0.018396579,-0.020112347,0.008356108,-0.0077317334,0.0013921064
IronOre_Spot_CFR_NChina_USD_t_EMA_50,0.020740349,0.07299547,0.042250942,-0.0039240634,-0.009695994,-0.06865173,-0.04394409,0.0016382142,0.010937642,0.052520964,0.00093047397,-0.03252619,0.006336985,0.0061792755,0.014439508,-0.005782126,-0.005152649,-0.0053735618,0.021327695,0.009114942,-0.010593917,-0.013927066,0.010078426,-0.009096937,0.00110129,-0.0018883776,0.0040851305
IronOre_Spot_CFR_NChina_USD_t_MACD,-0.024841933,-0.007281634,0.038894128,-0.09963443,-0.022353776,-0.034077685,-0.041178536,0.02611763,-0.040869534,-0.10225969,-0.0798254,0.04148909,-0.015494111,0.060211603,-0.007428742,0.0028868902,-0.0036017324,-0.0022184288,0.014147512,0.05206669,-0.013586966,-0.042902432,0.0129031995,-0.041950244,0.020275278,-0.010037355,-0.017171785
IronOre_Spot_CFR_NChina_USD_t_MACD_signal,-0.024852963,-0.0054776673,0.041173402,-0.1004617,-0.020464033,-0.044696823,-0.041637156,0.008982839,-0.038952533,-0.08869053,-0.05796274,0.021686899,0.0048944475,0.04205635,-0.005642394,0.012929103,-0.00054179365,0.013739128,0.0280895,0.06593905,-0.0030253706,-0.10148369,0.03400671,-0.053298764,0.027613403,-0.008390995,-0.022587838
IronOre_Spot_CFR_NChina_USD_t_MACD_hist,-0.003981664,-0.008011463,-0.0023329502,-0.013003858,-0.010777311,0.034697928,-0.004932494,0.06912368,-0.013879251,-0.067951754,-0.09572739,0.081714906,-0.079725675,0.07850997,-0.007968556,-0.03756485,-0.012172117,-0.060794406,-0.050509933,-0.04410542,-0.04219957,0.21491267,-0.077834494,0.036185313,-0.02450748,-0.007861155,0.017730597
IronOre_Spot_CFR_NChina_USD_t_RSI_14,-0.022552246,0.01005433,0.045938384,-0.08970087,-0.02272921,-0.028593224,-0.039485596,0.054737557,-0.0435819,-0.09409358,-0.041713968,0.000616903,-0.1000409,0.029252129,-0.020961517,0.009608111,0.020245047,-0.006296549,0.00224044,-0.010359289,0.032337878,-0.045803882,0.07937216,-0.0040795193,0.0011014985,0.0022997826,-0.015836451
IronOre_Spot_CFR_NChina_USD_t_Stoch_K_14,-0.022456508,0.000697051,0.022504045,-0.08181537,-0.018683406,-0.016369365,-0.034069322,0.070098914,-0.038668286,-0.08872541,-0.041744355,0.031376977,-0.122433424,0.012640804,0.0026057328,-0.040731188,0.00882489,-0.037462007,-0.022629077,-0.096196726,0.083057016,-0.0237858,0.061077148,0.045442086,-0.005833973,0.0424122,0.011067573
IronOre_Spot_CFR_NChina_USD_t_Stoch_D_14,-0.021924507,0.0019261307,0.02440535,-0.08189949,-0.014505492,-0.017531635,-0.031167133,0.06413275,-0.03952407,-0.079805136,-0.033816736,0.023391044,-0.112262376,0.0037845725,0.006837387,-0.027430177,0.00021767025,-0.036575284,-0.009028638,-0.076905996,0.076258875,-0.05603314,0.06490509,0.039699484,-0.010105521,0.03810212,-0.011339941
IronOre_Spot_CFR_NChina_USD_t_Stoch_K_21,-0.022456508,0.000697051,0.022504045,-0.08181537,-0.018683406,-0.016369365,-0.034069322,0.070098914,-0.038668286,-0.08872541,-0.041744355,0.031376977,-0.122433424,0.012640804,0.0026057328,-0.040731188,0.00882489,-0.037462007,-0.022629077,-0.096196726,0.083057016,-0.0237858,0.061077148,0.045442086,-0.005833973,0.0424122,0.011067573
IronOre_Spot_CFR_NChina_USD_t_Stoch_D_21,-0.02230075,0.0021429402,0.02423848,-0.08236153,-0.014979085,-0.017868571,-0.031438112,0.06392172,-0.039615843,-0.079733916,-0.033608604,0.022886964,-0.11278798,0.0045784703,0.008155804,-0.027780399,0.0010592097,-0.03766656,-0.010600308,-0.078316115,0.07719163,-0.055061642,0.06394089,0.041951478,-0.010871326,0.03712739,-0.011521144
IronOre_Spot_CFR_NChina_USD_t_BB_mid_20,0.01420951,0.06871351,0.05027495,-0.022810007,-0.010236238,-0.07836805,-0.05092007,-0.0046584946,0.0037776208,0.03713012,-0.004713669,-0.032241832,0.012916921,0.008558112,0.014159903,-0.0017629458,-0.0041760304,-0.0006386534,0.0280311,0.024179317,-0.011383918,-0.040655326,0.023124287,-0.02393943,0.009786618,-0.007943159,0.00037587163
IronOre_Spot_CFR_NChina_USD_t_BB_upper_20,0.013672174,0.07083283,0.045008097,-0.011637763,-0.008102242,-0.07286705,-0.04308278,0.009151922,-0.0036302542,0.044265173,0.004763324,-0.027741496,0.011447276,-0.0072500533,0.004036838,0.0054009566,-0.009893862,0.017184036,0.0021036144,0.005016402,-0.004057291,-0.04592273,0.037641175,-0.03159992,0.009824599,-0.009438975,0.06481171
IronOre_Spot_CFR_NChina_USD_t_BB_lower_20,0.013752141,0.061054118,0.05254349,-0.033981342,-0.0119240945,-0.0787761,-0.056107994,-0.020253545,0.012045656,0.026073916,-0.015300173,-0.034993205,0.013634238,0.026164109,0.024775963,-0.009902103,0.0027435694,-0.021171845,0.055845916,0.044474576,-0.018981235,-0.031488713,0.00460624,-0.013277322,0.00900029,-0.005613302,-0.0740631
IronOre_Spot_CFR_NChina_USD_t_BB_width_20,0.00017736478,0.025037998,-0.013132066,0.034702223,0.004842489,0.007123968,0.018677428,0.059116725,-0.035354037,0.032390818,0.039243355,0.014724041,0.0012782022,-0.047590777,-0.03689007,0.028647669,-0.032693084,0.086091064,-0.08950607,-0.087493606,0.025872735,-0.018335046,0.06331195,-0.04625684,0.0022550256,-0.03135862,0.26317886
IronOre_Spot_CFR_NChina_USD_t_BB_pct_20,-0.018847013,-0.001472586,0.015275825,-0.061097942,-0.019492622,-0.0042638797,-0.03131332,0.061121535,-0.032945957,-0.08231974,-0.06009456,0.04637395,-0.11637172,0.035659563,-0.007998878,-0.05605984,0.018912913,-0.047483053,-0.047115207,-0.098172575,0.05946269,0.080318846,0.027399793,0.033694383,-0.0010823195,0.003038582,0.054384608
IronOre_Spot_CFR_NChina_USD_t_BB_mid_40,0.018788142,0.07124984,0.04463429,-0.005445402,-0.0059376596,-0.07197404,-0.04481648,-0.007178315,0.011395783,0.054073945,0.004189073,-0.036740962,0.011450752,0.001583884,0.016365347,-0.0057385913,-0.0042939126,-0.00764353,0.021172665,0.0126290945,-0.0125867855,-0.019205512,0.016394472,-0.015622337,0.006545712,-0.009577923,0.0037612333
IronOre_Spot_CFR_NChina_USD_t_BB_upper_40,0.018055093,0.07556621,0.03708836,0.005581763,-0.006358729,-0.05165186,-0.03568693,0.014409577,0.007598152,0.057413343,0.0054516853,-0.031832,0.0019082759,-0.016809281,0.008924394,0.00012891565,-0.0042795236,-0.014503653,-0.012974309,-0.0036433395,-0.0025698366,-0.018635463,0.020896472,-0.031002298,0.0012858269,-0.0061605335,0.0563475
IronOre_Spot_CFR_NChina_USD_t_BB_lower_40,0.017691027,0.05774356,0.049671695,-0.019369802,-0.004731207,-0.09083547,-0.05191937,-0.034820102,0.0151458755,0.04373982,0.0020663873,-0.03917224,0.022760503,0.025632566,0.024368083,-0.012835672,-0.0038413894,0.0022299523,0.06381763,0.03267225,-0.02439658,-0.01784782,0.008665837,0.006347084,0.0127539765,-0.0130269155,-0.06590444
IronOre_Spot_CFR_NChina_USD_t_BB_width_40,0.0023661025,0.041813064,-0.0160454,0.031339493,-0.0021217233,0.056123275,0.0143807735,0.0822972,-0.02132165,0.019011833,0.004730535,0.009172992,-0.03030768,-0.05530689,-0.01601485,0.02021306,-0.010302008,-0.028680338,-0.107135534,-0.06591334,0.03845644,-0.007135092,0.00801601,-0.063985184,-0.013187051,-0.020599106,0.19528316
IronOre_Spot_CFR_NChina_USD_t_BB_pct_40,-0.018723156,0.003169501,0.035436857,-0.07476944,-0.023957998,-0.010752533,-0.040534325,0.06384263,-0.035337124,-0.10451508,-0.07376778,0.031470116,-0.11110923,0.05036135,-0.030448576,-0.027556436,0.028319975,-0.02457544,-0.024932204,-0.034891855,0.01689449,0.04686923,0.040815294,0.02729126,-0.012618637,-0.0063044745,0.024815269
IronOre_Spot_CFR_NChina_USD_t_RealVol_5d,0.0008648364,0.010061445,-0.0076554655,0.013459589,-0.00021334065,-0.009896719,0.0055944887,0.026279675,-0.01192691,0.009261661,0.03189777,-0.0019798146,-0.006570575,-0.03207571,-0.013614025,0.034200974,-0.01540486,0.06926436,0.010699908,-0.03712443,0.017649377,-0.037300482,0.019244531,-0.012856328,-0.027219186,0.03666954,0.20273985
IronOre_Spot_CFR_NChina_USD_t_RealVol_10d,0.0006091239,0.01565648,-0.010516556,0.02362265,0.0023591223,-0.010131383,0.0099080065,0.038645145,-0.023270844,0.019310577,0.041146744,0.001550733,-0.0021730028,-0.040742833,-0.024895448,0.04255577,-0.016980512,0.087345436,-0.018918151,-0.06387747,0.023259038,-0.046904504,0.04504788,-0.015977012,-0.016322212,0.01852508,0.2803546
IronOre_Spot_CFR_NChina_USD_t_RealVol_21d,0.00044837553,0.029109135,-0.014229527,0.0368031,0.0034424623,0.015593246,0.020094123,0.06727673,-0.034143295,0.037298124,0.040769402,0.012647727,0.0027652653,-0.057733953,-0.028227216,0.028457217,-0.036873706,0.09074523,-0.096084796,-0.08582349,0.033200394,-0.02641153,0.066143334,-0.058350053,-0.00036275788,-0.023839438,0.23966943
IronOre_Spot_CFR_NChina_USD_t_RealVol_42d,0.0033798763,0.04506425,-0.025871519,0.032809995,-0.014734838,0.053416677,0.01274828,0.080198064,-0.017788598,0.01722953,0.013706453,0.0018577267,-0.028056877,-0.051197927,-0.012096768,0.033282325,0.0037119396,-0.0142563945,-0.08684326,-0.07542945,0.041734643,-0.0035599777,0.0056787548,-0.06873175,-0.01693972,-0.018325675,0.21411131
IronOre_Spot_CFR_NChina_USD_t_MOM_5d,-0.0124584325,-0.0067107407,0.014001669,-0.04061061,-0.010085659,0.0007213696,-0.01931364,0.04239469,-0.030074464,-0.07841414,-0.08049565,0.070070334,-0.05019177,0.072134286,-0.013642076,-0.026870992,-0.005068379,-0.027495423,-0.03981961,-0.022618309,-0.045122135,0.16669424,-0.02967597,-0.006057217,-0.011658852,-0.036435977,0.031473503
IronOre_Spot_CFR_NChina_USD_t_ROC_5d,-0.012900781,-0.0054960554,0.012963436,-0.04030742,-0.010887277,0.0016521511,-0.019862367,0.052279606,-0.030121734,-0.07483782,-0.077520736,0.071657985,-0.061988477,0.06391453,-0.014391659,-0.026266675,0.0013453176,-0.022811446,-0.041817434,-0.030031264,-0.042897027,0.16608526,-0.022821814,-0.016396465,-0.01718274,-0.033717703,0.05627871
IronOre_Spot_CFR_NChina_USD_t_MOM_10d,-0.01625217,-0.008163023,0.021343455,-0.059516728,-0.014195957,-0.0008899332,-0.02533859,0.05231164,-0.03492615,-0.0965786,-0.10147704,0.07629592,-0.056690905,0.08309952,-0.010941666,-0.025355972,-0.011376512,-0.041244563,-0.034474593,-0.0022897352,-0.04329746,0.13597785,-0.03966456,-0.008230049,-0.007484783,-0.027721394,0.008433126
IronOre_Spot_CFR_NChina_USD_t_ROC_10d,-0.01673308,-0.006443442,0.020066895,-0.059169505,-0.0155776385,0.00085462607,-0.025708849,0.06575852,-0.035233483,-0.0914841,-0.09650529,0.07837757,-0.073730804,0.070344016,-0.012350324,-0.023371851,-0.0029898144,-0.038703524,-0.04005597,-0.0112876985,-0.03944133,0.1321749,-0.032975603,-0.019690212,-0.01477112,-0.024217706,0.038215455
IronOre_Spot_CFR_NChina_USD_t_MOM_21d,-0.021806635,-0.009329157,0.028860904,-0.08722955,-0.026884954,-0.015371142,-0.03739756,0.0469655,-0.033745,-0.11124978,-0.09554431,0.057210505,-0.04205344,0.0708173,-0.00872261,-0.0082279155,0.0012539605,-0.013899572,0.008313327,0.02737456,-0.01625204,0.02020675,-0.020271998,-0.01759533,0.0044913082,0.005239271,-0.004820284
IronOre_Spot_CFR_NChina_USD_t_ROC_21d,-0.022345152,-0.0064426344,0.027956257,-0.08781437,-0.027389139,-0.009476584,-0.03596912,0.065805316,-0.034191433,-0.10396432,-0.08770396,0.059572242,-0.06429218,0.054833572,-0.011058679,-0.0021268032,0.009864784,-0.016344195,-0.0013772683,0.015119113,-0.011541474,0.015620751,-0.010116979,-0.02915784,-0.005864369,0.012354028,0.01721011
IronOre_Spot_CFR_NChina_USD_t_MOM_42d,-0.025113666,-0.005999083,0.04059107,-0.09830354,-0.018815355,-0.04470845,-0.039445095,0.01324611,-0.04821744,-0.09447911,-0.05936515,0.031410586,0.008977599,0.051463705,-0.018238606,0.015002334,-0.0070894053,0.020202735,0.01006415,0.06178686,-0.009274022,-0.08969424,0.037517775,-0.062317673,0.022996768,-0.019473875,-0.016672444
IronOre_Spot_CFR_NChina_USD_t_ROC_42d,-0.026093805,-0.00021922849,0.04288716,-0.10259762,-0.018663254,-0.029784722,-0.035481196,0.03425391,-0.048285536,-0.0894442,-0.04354465,0.02313564,-0.0066901743,0.02750229,-0.03138398,0.029324288,0.00645358,0.013415449,-0.008674708,0.056122962,-0.0013184348,-0.10566302,0.04519795,-0.07987622,-0.0016965459,-0.0017881329,0.009109847
IronOre_Spot_CFR_NChina_USD_t_MOM_62d,-0.02616589,-0.0016038244,0.04949618,-0.0992697,-0.007383727,-0.062315974,-0.0442099,-0.022627322,-0.03919769,-0.06719543,-0.037838735,0.0069253477,0.018264793,0.025962118,0.004902415,0.0019951859,0.0036642095,-0.0017784506,0.017609203,0.064509265,-0.028127782,-0.072095856,0.0567307,-0.08161816,0.03875481,-0.051936783,-0.0149878245
IronOre_Spot_CFR_NChina_USD_t_ROC_62d,-0.026785158,0.006835702,0.051430386,-0.104829244,-0.0072681857,-0.044736635,-0.036764648,-0.0049900473,-0.03704879,-0.072849214,-0.00958374,-0.013991349,0.009150524,0.011256604,-0.018624354,0.0124290325,0.02268345,-0.017423889,-0.00898436,0.060076527,-0.026302071,-0.06461498,0.06890997,-0.09440908,0.017119318,-0.036928225,-0.0067168386
IronOre_Spot_CFR_NChina_USD_t_Zscore_21d,-0.019062333,-0.0014261847,0.015495712,-0.061801624,-0.019571623,-0.004412731,-0.03156552,0.061472457,-0.03328087,-0.08284656,-0.060104884,0.04617867,-0.11725039,0.03534466,-0.007708883,-0.055962443,0.019145766,-0.047723707,-0.04669684,-0.09859351,0.060404263,0.07851277,0.028289871,0.034288436,-0.00081119593,0.0037893637,0.053948253
IronOre_Spot_CFR_NChina_USD_t_Zscore_63d,-0.025727585,0.006867967,0.042282484,-0.08169324,-0.022462917,-0.017182104,-0.047733806,0.05535927,-0.045796808,-0.10133586,-0.05370233,0.021684708,-0.08692112,0.059411637,-0.034400553,-0.004796719,0.04256471,-0.002202992,0.006268174,0.0040838523,0.0008522129,0.027215062,0.051601425,0.0075201495,-0.0037307297,-0.012300514,0.020837592
IronOre_Spot_CFR_NChina_USD_t_PctFrom52wHigh,-0.026522009,-0.009538943,0.0951035,-0.014287924,-0.009338034,-0.06192245,-0.088662095,-0.01922089,-0.004248921,-0.011870717,-0.015784938,-0.031123783,-0.00077444135,0.025433019,-0.0019492679,0.008551095,0.018447308,-0.040605392,0.035319656,-0.03227944,-0.014446286,-0.005131095,-0.00043370188,-0.047477648,0.029715635,-0.0070489957,-0.043361686
IronOre_Spot_CFR_NChina_USD_t_PctFrom52wLow,-0.019899463,0.059004612,0.054748796,-0.04203005,-0.011429279,-0.06516041,-0.060786694,-0.02516758,-0.032251675,-0.025975643,-0.04466294,0.017119331,0.04198075,0.016577434,0.026279373,0.0051095835,-0.0010237559,-0.0014441351,0.019598808,0.01783913,0.0012495359,0.014061023,-0.011779795,0.025586817,0.046085488,-0.03873186,0.028010568
IronOre_Spot_CFR_NChina_USD_t_Spread_EMA12_EMA26,-0.024841933,-0.007281634,0.038894128,-0.09963443,-0.022353776,-0.034077685,-0.041178536,0.02611763,-0.040869534,-0.10225969,-0.0798254,0.04148909,-0.015494111,0.060211603,-0.007428742,0.0028868902,-0.0036017324,-0.0022184288,0.014147512,0.05206669,-0.013586966,-0.042902432,0.0129031995,-0.041950244,0.020275278,-0.010037355,-0.017171785
IronOre_Spot_CFR_NChina_USD_t_Dist_from_EMA26,-0.023917222,-0.008982804,0.03278955,-0.09111069,-0.020946952,-0.01520713,-0.037662067,0.05665581,-0.040374957,-0.10970979,-0.09383336,0.06590396,-0.06132433,0.06905912,-0.01635075,-0.010138062,0.0049809217,-0.023415096,-0.01784225,0.01566812,-0.026521554,0.057062104,-0.008781371,-0.03786956,-0.006528926,-0.01365517,0.02017686
Brent_Crude_USD_bbl_EMA_5,0.07473165,0.014532214,-0.03126781,-0.03665556,0.021894893,0.033139702,-0.02960372,-0.03589069,-0.035830777,-0.018565215,-0.0073087825,0.009397061,0.028977182,0.015979204,0.008338938,-0.018537087,0.007631514,-0.0052459273,0.01535461,-0.016603021,0.0134387165,-0.009036896,-4.596575e-05,0.005473506,-0.01286792,0.0022038037,0.002718553
Brent_Crude_USD_bbl_EMA_12,0.07507385,0.01296168,-0.03540666,-0.03257341,0.022561643,0.02429577,-0.030662978,-0.035693295,-0.037575588,-0.023732478,-0.004453177,0.006797721,0.02388984,0.012232624,0.008105537,-0.017039785,0.006284413,-0.009711982,0.018753843,-0.01854694,0.012833458,-0.010984574,-0.0025602363,0.0071525443,-0.0132897375,0.0041999277,0.0043113437
Brent_Crude_USD_bbl_EMA_26,0.07518123,0.0097961,-0.04187453,-0.027313542,0.023755807,0.014829392,-0.03174476,-0.03217639,-0.0387098,-0.022342974,-0.0055434825,0.0069580455,0.019307466,0.008341994,0.00944842,-0.016902205,-0.0012753527,-0.016179735,0.017744195,-0.021703029,0.0107173985,-0.013722119,-0.0011495799,0.0058141463,-0.00927699,-0.0029636133,0.0015580092
Brent_Crude_USD_bbl_EMA_50,0.07459214,0.004291925,-0.04954374,-0.023573,0.025608197,0.009074416,-0.032165408,-0.024672894,-0.038235795,-0.01200219,-0.01086432,0.008239893,0.015591867,0.0047296635,0.007536731,-0.018290885,-0.0082746055,-0.020642472,0.014924135,-0.020057458,0.010998527,-0.017873801,-0.00093781337,0.0033299436,-0.00476178,-0.010991308,-0.0012606162
Brent_Crude_USD_bbl_MACD,0.008206699,0.034786962,0.063382454,-0.05917455,-0.009710249,0.10223048,0.007524991,-0.041295305,0.0072149523,-0.017512877,0.010873187,-0.00083575916,0.050994735,0.04229539,-0.013066185,-0.0035603915,0.08000964,0.06657635,0.0129129775,0.030770713,0.02377215,0.027323995,-0.015102184,0.014916031,-0.04370705,0.07559765,0.029391488
Brent_Crude_USD_bbl_MACD_signal,0.01072593,0.03685028,0.059935294,-0.050756875,-0.009504216,0.07648321,0.0040986845,-0.054570425,-0.0018947189,-0.060680192,0.035611738,-0.018146755,0.03399291,0.032799967,-0.017099805,0.0033918968,0.097245365,0.060897782,0.035619576,0.022091279,0.023297595,0.027228376,-0.026777934,0.031976175,-0.060071763,0.10873418,0.047216654
Brent_Crude_USD_bbl_MACD_hist,-0.0061955587,0.00042125632,0.023086986,-0.037657194,-0.0025395288,0.099760585,0.012084868,0.033028796,0.02962652,0.13026519,-0.07448921,0.05345069,0.062641986,0.03769029,0.00993418,-0.022229396,-0.03771467,0.030623984,-0.067796424,0.03290671,0.0061246757,0.005646262,0.033204064,-0.04991676,0.042125303,-0.087825365,-0.04945158
Brent_Crude_USD_bbl_RSI_14,-0.0028540976,0.030051215,0.059601545,-0.059242003,-0.018197402,0.11112475,-0.0077645527,-0.001918432,0.018757073,0.05725124,-0.02202866,0.027595831,0.096959926,0.069627866,0.021506773,-0.005279532,0.03510846,0.050976563,-0.036345467,-0.018922748,0.008555291,0.054040607,0.032121405,-0.0129803885,-0.03759558,0.017996553,0.014885932
Brent_Crude_USD_bbl_Stoch_K_14,-0.00893037,0.022412116,0.039390616,-0.041295882,-0.010478501,0.09992665,-0.003715072,0.017511459,0.028009,0.08923804,-0.059115477,0.03383669,0.08987341,0.056087844,0.028281,-0.017628055,-0.035160594,0.050859567,-0.09234245,-0.023820873,-0.010633047,0.048722204,0.07808997,-0.06163756,-0.0027534955,-0.036048166,-0.041551426
Brent_Crude_USD_bbl_Stoch_D_14,-0.008938815,0.024384504,0.04279859,-0.045534138,-0.012003945,0.1078622,-0.004107015,0.014152073,0.030985983,0.09111654,-0.057428323,0.02958765,0.08227874,0.04714205,0.032279946,-0.012178098,-0.033380292,0.033774864,-0.074758284,-0.016793199,-0.0054887645,0.037667554,0.059742346,-0.055575844,0.0021285925,-0.018212125,-0.044914797
Brent_Crude_USD_bbl_Stoch_K_21,-0.010745629,0.026422596,0.04646336,-0.047456536,-0.01263662,0.10877906,-0.007813034,0.01120132,0.033466227,0.08016011,-0.04841906,0.02288783,0.09393103,0.04696601,0.020074336,-0.005694016,-0.016422033,0.051696528,-0.08306871,-0.01277082,-0.014487408,0.0421763,0.060057297,-0.04679667,-0.022370119,0.022899715,-0.02535247
Brent_Crude_USD_bbl_Stoch_D_21,-0.010595415,0.027911004,0.04868469,-0.050072845,-0.013817879,0.11215635,-0.008244719,0.0070981807,0.03517405,0.07735538,-0.04312933,0.016761564,0.08516748,0.037872024,0.021539535,-0.00012807432,-0.010749486,0.03660651,-0.06399475,-0.0064430283,-0.007961348,0.031578492,0.039779216,-0.038102984,-0.021727199,0.04483813,-0.02074626
Brent_Crude_USD_bbl_BB_mid_20,0.0749761,0.011078554,-0.0399121,-0.027759822,0.023169175,0.01419738,-0.031712126,-0.034954637,-0.039460182,-0.028761335,-0.0018179262,0.004636842,0.018175678,0.008641359,0.008828768,-0.016909977,0.003924419,-0.014238307,0.019843794,-0.0231128,0.0104229795,-0.0121113425,-0.0007754629,0.008953844,-0.012382037,0.0030336187,0.0046935384
Brent_Crude_USD_bbl_BB_upper_20,0.071811855,0.011883514,-0.04836272,-0.03258133,0.031017985,0.006804794,-0.024758313,-0.030988656,-0.03028579,-0.030630995,-0.007884682,0.0065875887,0.015105571,0.009538883,0.024397394,-0.013791056,0.02083814,-0.019733442,0.019092226,-0.023500066,0.0043243016,-0.010667421,0.0037813927,0.0075099627,-0.011003382,-0.005384052,0.01646409
Brent_Crude_USD_bbl_BB_lower_20,0.076326065,0.009884392,-0.029530514,-0.021695891,0.0139192995,0.02189318,-0.038433135,-0.03831194,-0.04839466,-0.025901968,0.0048778187,0.0023695375,0.021025201,0.0074145934,-0.008471299,-0.019848738,-0.014710523,-0.007818167,0.02010692,-0.022036428,0.0168082,-0.013350951,-0.005744356,0.010282562,-0.013542603,0.012167158,-0.008330178
Brent_Crude_USD_bbl_BB_width_20,-0.036312427,-0.005909523,-0.050883513,-0.021261176,0.04600203,-0.05526147,0.049706362,0.04224322,0.07379359,0.03857382,-0.049276825,-0.0025087404,-0.038343847,0.04454527,0.082398474,0.040231653,0.083924994,-0.009889119,-0.017872551,0.0004382514,-0.04883052,0.017158486,0.024944909,0.0017467437,-0.0014057903,-0.022047134,0.059016645
Brent_Crude_USD_bbl_BB_pct_20,-0.0082008615,0.021331297,0.044829708,-0.049460616,-0.011713653,0.110265486,0.0032533312,0.007821265,0.029840734,0.08062841,-0.06366472,0.035246797,0.10035053,0.05659554,0.03679292,-0.014284763,0.0049106106,0.030620579,-0.08437736,-0.017619388,-0.016780484,0.043334812,0.075726315,-0.036493167,-0.015202158,-0.022884745,-0.022669196
Brent_Crude_USD_bbl_BB_mid_40,0.07450036,0.0065073865,-0.04815898,-0.020868344,0.025019577,0.005027147,-0.03239229,-0.027641913,-0.039542858,-0.019247964,-0.0077412915,0.008617196,0.015118635,0.0036776504,0.013078254,-0.016492404,-0.01423056,-0.024509251,0.014887737,-0.026523894,0.007260304,-0.01572211,0.0019370826,0.0019053498,-0.0029943392,-0.017048098,-0.0046392563
Brent_Crude_USD_bbl_BB_upper_40,0.06953693,0.008478877,-0.058450162,-0.029607048,0.03662427,-0.0015973533,-0.021527387,-0.019804412,-0.026055083,-0.020108288,-0.013302063,0.011041004,0.014601623,0.01023607,0.030004693,-0.007570367,0.0051861256,-0.029669013,0.020968169,-0.02275108,0.0030687342,-0.014643674,-0.004640873,-0.009261402,-0.010690563,-0.03612373,0.0013344248
Brent_Crude_USD_bbl_BB_lower_40,0.07650864,0.004048394,-0.034670204,-0.010335951,0.01115692,0.012051977,-0.042802624,-0.03495478,-0.05249689,-0.017419845,-0.0012939908,0.005565671,0.014989134,-0.0036754587,-0.0060640117,-0.025506217,-0.03484394,-0.017729614,0.007542371,-0.029435903,0.011517404,-0.016179819,0.009053146,0.014049269,0.0055735325,0.0046310187,-0.010969045
Brent_Crude_USD_bbl_BB_width_40,-0.04198921,-0.0018425419,-0.037520707,-0.030692825,0.05737774,-0.032422915,0.056612015,0.05353908,0.080585,0.037375234,-0.034234364,-0.0033198255,-0.016075334,0.059544712,0.052330647,0.063557625,0.069312274,0.0070342026,0.028434802,0.02796683,-0.0064576166,0.004858168,-0.04052672,-0.042444624,-0.047822665,-0.057022948,0.031876717
Brent_Crude_USD_bbl_BB_pct_40,-0.004425071,0.026318481,0.053195253,-0.06040752,-0.017364979,0.10957947,-0.004367587,-0.01669596,0.027570928,0.05527287,-0.03956251,0.01280782,0.07973951,0.07584135,0.019145202,-0.00516954,0.042653028,0.039015688,-0.038191646,-0.017471746,-0.0126362685,0.054676898,0.045354497,-0.005124862,-0.040787436,0.052338522,0.005240801
Brent_Crude_USD_bbl_RealVol_5d,-0.023096813,0.0005339187,-0.051749296,-0.004683502,0.05083615,-0.059680257,0.033463847,0.027944105,0.058573227,-0.0024932914,-0.024590677,-0.010577408,-0.028621096,0.02445914,0.09255562,0.04573764,0.07558396,-0.036453485,0.01944653,0.03354568,-0.012290278,-0.009446012,-0.029596591,0.034031093,0.014761595,-0.03130562,0.042966243
Brent_Crude_USD_bbl_RealVol_10d,-0.028442184,-0.00054711266,-0.058486033,-0.006792952,0.056900483,-0.06310085,0.038076203,0.036960643,0.07389212,0.0062704124,-0.041682255,-0.002674462,-0.032252852,0.0365938,0.08322943,0.045263343,0.080662504,-0.022943074,0.0136593,0.03619619,-0.025503583,-0.0004874596,-0.01966157,0.03336329,0.026078342,-0.05347306,0.04880939
Brent_Crude_USD_bbl_RealVol_21d,-0.033264033,-0.0017744082,-0.059272453,-0.012707323,0.057569724,-0.050750904,0.03833744,0.041466713,0.089731626,0.028481027,-0.051934298,0.01164945,-0.03235431,0.049362678,0.049738303,0.05088205,0.06396709,-0.0035721739,0.02954317,0.044216666,-0.01816551,0.0036315166,-0.021698477,0.021756578,0.036383115,-0.08246766,0.0482179
Brent_Crude_USD_bbl_RealVol_42d,-0.038125865,-0.00037837253,-0.04830152,-0.024511807,0.06410563,-0.019665647,0.03454007,0.045366403,0.09705889,0.036224645,-0.042453695,0.030026,-0.04475518,0.057429712,0.005585986,0.049167197,0.059975058,0.04235809,0.049972136,0.049984273,-0.017341418,-0.013376287,-0.026480356,0.0033605096,0.032732077,-0.07845104,0.06457374
Brent_Crude_USD_bbl_MOM_5d,-0.0011005568,0.011078803,0.031240044,-0.03612796,-0.00340971,0.08404429,0.008658585,0.012053387,0.015163716,0.0771243,-0.048097707,0.04751009,0.06442401,0.052678302,0.017898755,-0.039787095,-0.020060647,0.05053921,-0.08753553,-0.021049924,-0.02347036,0.039177414,0.106544346,-0.02820149,0.030569073,-0.09695817,-0.055663988
Brent_Crude_USD_bbl_ROC_5d,-0.003562385,0.009156509,0.03010185,-0.035983652,0.00054028176,0.08227643,0.0047845314,0.01722765,0.020253414,0.08244924,-0.04078746,0.05836214,0.051925693,0.06127768,-0.013965745,-0.040914454,-0.021859853,0.07155897,-0.05767966,-0.016738294,-0.02325817,0.028140167,0.083508566,-0.012826,0.03956438,-0.11343542,-0.009501995
Brent_Crude_USD_bbl_MOM_10d,0.0002858403,0.017313618,0.044339225,-0.049962144,-0.005627177,0.11211284,0.011056249,0.002427174,0.020188145,0.08133649,-0.04634054,0.04252491,0.06994242,0.047507204,0.010511787,-0.024537532,-0.00581352,0.052760784,-0.056150533,0.016838754,0.0018496417,0.023105213,0.04871044,-0.03618148,0.016088426,-0.06456189,-0.02845754
Brent_Crude_USD_bbl_ROC_10d,-0.0039980463,0.013625063,0.041605927,-0.04892085,-0.0019514642,0.107640624,0.0044106143,0.009629663,0.02616341,0.08867743,-0.035598498,0.055488296,0.05013601,0.055554,-0.02964472,-0.033367828,-0.01061876,0.07989301,-0.02463885,0.0137001285,0.002027798,0.012969976,0.016769746,-0.023501432,0.027808538,-0.08162185,0.024341257
Brent_Crude_USD_bbl_MOM_21d,0.0033598067,0.025441604,0.05481656,-0.058072135,-0.009027489,0.10946281,0.009220667,-0.016446253,0.01833728,0.026227169,-0.018083517,0.012354563,0.06356166,0.048054274,-0.013609448,-0.009428964,0.066556886,0.07975527,-0.01216121,0.044800416,0.025300788,0.029345222,-0.021638583,0.00017156888,-0.03274482,0.064743325,0.022045286
Brent_Crude_USD_bbl_ROC_21d,-0.0026907239,0.02115389,0.05485007,-0.057280302,-0.0032819454,0.10865548,0.0005258025,-0.003513692,0.017689083,0.032620978,-0.00053490064,0.02836425,0.038094908,0.041682437,-0.039069496,-0.027430484,0.05798357,0.10917274,0.023696067,0.024698237,0.023014152,0.008978249,-0.044813838,0.0008354678,-0.03171473,0.049968813,0.07445527
Brent_Crude_USD_bbl_MOM_42d,0.0096326815,0.035949703,0.061737604,-0.05317749,-0.006979385,0.08492879,0.0071569816,-0.053134963,-0.0047268947,-0.039929196,0.03309979,-0.006677417,0.04560534,0.044520102,-0.018639049,-0.013928919,0.08119461,0.07060289,0.01815066,0.0044045104,-0.00046664284,0.035629373,0.028717985,0.030133164,-0.05971283,0.059927188,0.023635581
Brent_Crude_USD_bbl_ROC_42d,-0.00036278297,0.030534219,0.06458667,-0.050215002,0.005195698,0.08590115,-0.00092931045,-0.026021153,-0.0023449324,-0.04769218,0.05091107,-0.0025279718,0.038384367,0.031720832,-0.033893242,-0.03367059,0.07327465,0.08271287,0.042723294,-0.031003997,0.020281292,-0.013086825,0.02138194,0.02044947,-0.0879778,0.041489154,0.046668027
Brent_Crude_USD_bbl_MOM_62d,0.016024534,0.044467103,0.06231499,-0.03643152,-0.0034526354,0.06347097,0.002820093,-0.061122842,-0.014387694,-0.086019896,0.041399512,-0.006767389,0.034517094,0.019792924,0.032228008,-0.00073672767,0.0317676,0.039497826,0.0017656467,-0.04871335,-0.0005939004,0.03690066,0.0352593,0.015454243,-0.020354496,0.00409273,0.0067996173
Brent_Crude_USD_bbl_ROC_62d,0.004449284,0.038637016,0.06501894,-0.035925698,-0.00035516417,0.06201062,-0.011475681,-0.042197876,-0.0021732564,-0.09699263,0.06922385,-0.013826188,0.043492418,0.008360196,0.0048218328,-0.020056784,0.02023389,0.024539983,0.014378993,-0.07018699,0.02422346,0.0052390555,0.036020473,0.02710151,-0.05825189,-0.026693493,0.0025223019
Brent_Crude_USD_bbl_Zscore_21d,-0.008091955,0.021702418,0.045607317,-0.0502814,-0.011935456,0.11132724,0.0027063668,0.0066096126,0.03029242,0.07924608,-0.0628526,0.03366433,0.10051221,0.056572866,0.035078865,-0.013182033,0.0076712654,0.03053014,-0.0819028,-0.016567621,-0.01585718,0.042777825,0.07360846,-0.03431286,-0.017171968,-0.016006581,-0.019229826
Brent_Crude_USD_bbl_Zscore_63d,-0.0009117853,0.03557402,0.060041595,-0.05620252,-0.015453788,0.095813245,-8.5672855e-06,-0.027534954,0.014214324,0.026657848,-0.01672465,0.0038137687,0.06540538,0.08089757,0.022065263,0.00077031663,0.057642795,0.035906315,-0.0070042205,-0.024083856,-0.00026103543,0.06335443,0.021556761,0.012997118,-0.050772924,0.076339446,0.0038580133
Brent_Crude_USD_bbl_PctFrom52wHigh,0.048076656,0.04234558,0.041075192,0.0058358186,-0.05540857,0.029744571,0.015392168,-0.032103892,-0.06193795,-0.0031153604,-0.031215388,-0.0008092638,0.058804765,0.07411337,0.018133547,-0.022487924,0.026416857,0.00047226387,0.014227716,-0.03568682,-0.01025944,-0.006721515,0.01763091,0.034758393,-0.07191335,0.024012549,0.0036748007
Brent_Crude_USD_bbl_PctFrom52wLow,-0.029243508,0.059320647,0.04736714,-0.017633984,-0.005667259,-0.01434326,-0.021314865,0.01809341,0.040514264,-0.018828062,0.06679758,0.029887678,0.09009114,0.016217936,0.035951726,-0.035146404,-0.00076942955,-0.0052142083,0.00083509844,-0.022264179,-0.00855058,0.0521313,-0.06273419,0.10908417,-0.045606595,-0.031375993,0.044497076
Brent_Crude_USD_bbl_Spread_EMA12_EMA26,0.008206699,0.034786962,0.063382454,-0.05917455,-0.009710249,0.10223048,0.007524991,-0.041295305,0.0072149523,-0.017512877,0.010873187,-0.00083575916,0.050994735,0.04229539,-0.013066185,-0.0035603915,0.08000964,0.06657635,0.0129129775,0.030770713,0.02377215,0.027323995,-0.015102184,0.014916031,-0.04370705,0.07559765,0.029391488
Brent_Crude_USD_bbl_Dist_from_EMA26,0.004340725,0.024228053,0.06432476,-0.055018075,-0.01025731,0.1229882,-0.0074487273,-0.009595855,0.0048804167,0.0380866,-0.0014866001,0.047160055,0.05899309,0.044745807,-0.045218702,-0.04682142,0.020718623,0.10152634,-0.006161248,-0.0031661235,0.013427959,0.013602126,0.014976933,-0.0051241717,-0.008270999,-0.024434661,0.043824367
Platts_HFO380_SIN_ext_USD_t_EMA_5,0.075748846,0.0117564555,-0.0036476885,-0.022680122,0.011982955,0.033176444,0.0038824661,-0.063652426,-0.009413126,-0.0339614,-0.0006159672,0.0010857027,-0.013848211,0.010699018,0.06562875,0.05486196,0.02528288,0.0056482186,0.0303604,0.0061063864,-0.02590822,0.0057776095,-0.0229923,-0.011862776,0.024095105,-0.01570354,0.017068367
Platts_HFO380_SIN_ext_USD_t_EMA_12,0.07655192,0.010431932,-0.008619105,-0.015544125,0.013253436,0.02382007,0.002014272,-0.06450658,-0.012324691,-0.040257465,0.0018309266,0.0023928357,-0.0059262593,0.01738945,0.06041872,0.056975633,0.026323244,0.0135349035,0.024989527,0.0042521744,-0.024858242,0.0076432386,-0.021269491,-0.0137208635,0.020628167,-0.012744338,0.019592714
Platts_HFO380_SIN_ext_USD_t_EMA_26,0.07747278,0.007586409,-0.01650771,-0.006052798,0.0145347845,0.0152627155,-0.0009978457,-0.0617136,-0.015076611,-0.039620686,-0.0019663696,0.010480716,0.0073032547,0.028396174,0.056898836,0.053678107,0.020454383,0.015648153,0.016377898,-0.0012582232,-0.021534909,0.008237262,-0.013703597,-0.016435454,0.02168287,-0.015395799,0.016392367
Platts_HFO380_SIN_ext_USD_t_EMA_50,0.078027725,0.0022713284,-0.02663779,0.0012050286,0.014712798,0.010792076,-0.0038164477,-0.053466253,-0.017935472,-0.030011415,-0.011693686,0.021539357,0.018926352,0.038771108,0.051083654,0.040659737,0.01587741,0.010319546,0.0158465,-0.0053757457,-0.015176333,0.0012945429,-0.009708366,-0.0157897,0.023469433,-0.016220605,0.013357565
Platts_HFO380_SIN_ext_USD_t_MACD,0.0055736825,0.024412662,0.061349653,-0.078182615,-0.007967202,0.072142124,0.024319725,-0.03310917,0.019831069,-0.011855472,0.030539807,-0.06398611,-0.106321655,-0.08469649,0.038207255,0.03585735,0.051160898,-0.01454248,0.0727715,0.044585697,-0.03064827,-0.0034408458,-0.06381869,0.019298555,-0.0049190633,0.01896079,0.028781224
Platts_HFO380_SIN_ext_USD_t_MACD_signal,0.007827229,0.026410194,0.05868548,-0.06714791,-0.0037958913,0.047215715,0.023513578,-0.04743952,0.011422761,-0.04792786,0.05538661,-0.079616226,-0.100067586,-0.07922913,0.02334168,0.057391994,0.06940341,0.024118254,0.06131079,0.046319585,-0.03750432,0.008483246,-0.0642893,0.015328476,-0.02587448,0.03205126,0.04696006
Platts_HFO380_SIN_ext_USD_t_MACD_hist,-0.00574984,-0.0012446143,0.020237653,-0.049020015,-0.014259968,0.09006536,0.00726225,0.03702489,0.029490365,0.107340455,-0.069510564,0.034868903,-0.040049236,-0.033379417,0.052760415,-0.05838772,-0.04534959,-0.12043295,0.04924427,0.0035474976,0.014784486,-0.036938384,-0.01119381,0.01588962,0.06274618,-0.03605347,-0.049583264
Platts_HFO380_SIN_ext_USD_t_RSI_14,-0.0013761368,0.023947757,0.058056347,-0.07901842,-0.01814696,0.10620719,0.008589608,-0.0077331956,0.029158616,0.061302014,-0.004275659,-0.020206656,-0.06913959,-0.053177,0.056881286,-0.0003294831,-0.018699873,-0.07100759,0.034183133,-0.035794307,-0.0493053,-0.019296186,-0.025103625,0.012769876,0.0044128126,0.037866592,0.0073980023
Platts_HFO380_SIN_ext_USD_t_Stoch_K_14,-0.0066136234,0.01563134,0.040368427,-0.06077015,-0.015455856,0.10485133,0.008614044,0.013137423,0.03939556,0.0874773,-0.040316056,0.008484207,-0.036885552,-0.0436752,0.063293874,-0.026690338,-0.07226029,-0.0885196,0.018721733,-0.050099853,-0.04087146,-0.037821226,0.01840043,-0.009866035,0.046227947,-0.011337198,-0.039238043
Platts_HFO380_SIN_ext_USD_t_Stoch_D_14,-0.006436776,0.01677977,0.04218246,-0.06357407,-0.017095944,0.10556921,0.008957325,0.00904394,0.040719304,0.08139527,-0.034590423,0.0013864591,-0.04682609,-0.05154629,0.059493136,-0.018149024,-0.063025534,-0.09415031,0.031060565,-0.03983083,-0.035896108,-0.045438953,-0.009092058,-0.00600747,0.0446401,0.009991696,-0.032022256
Platts_HFO380_SIN_ext_USD_t_Stoch_K_21,-0.006884355,0.018257154,0.04798351,-0.07109719,-0.018393913,0.10196425,0.007861741,0.0056008073,0.04147631,0.07251098,-0.026844012,0.0022143705,-0.054556485,-0.064215094,0.056871373,-0.019367604,-0.05024619,-0.09727106,0.03447175,-0.043283507,-0.043195304,-0.040871885,-0.018722517,0.0023915865,0.038250767,0.036268555,-0.006277451
Platts_HFO380_SIN_ext_USD_t_Stoch_D_21,-0.006520959,0.019126644,0.049069818,-0.07247627,-0.019385839,0.098920934,0.00811296,0.0009597346,0.041148353,0.062890664,-0.019131415,-0.004518896,-0.063182116,-0.06922176,0.050654437,-0.011615193,-0.037395313,-0.096425585,0.043613162,-0.032892447,-0.038788732,-0.04580531,-0.04400769,0.006753379,0.034183946,0.05599841,0.0026131896
Platts_HFO380_SIN_ext_USD_t_BB_mid_20,0.07666603,0.008829856,-0.014172329,-0.007047896,0.01481743,0.013184496,-6.593565e-05,-0.064521775,-0.015853127,-0.0457679,0.0038522494,0.005130829,0.0041792104,0.026040561,0.05483572,0.05739541,0.02519746,0.022731755,0.015158034,-0.00045042636,-0.024374202,0.010221674,-0.012925771,-0.015964782,0.017391648,-0.01417358,0.020388734
Platts_HFO380_SIN_ext_USD_t_BB_upper_20,0.07062307,0.011455296,-0.026330259,-0.003901892,0.02454838,0.019089147,0.0031886804,-0.074664496,-0.017305152,-0.049744163,-0.007496814,0.009588685,0.006772988,0.024427779,0.062605195,0.059149403,0.051814944,0.023417886,0.019079603,-0.0014642569,-0.018790698,0.010554301,-0.0035859128,-0.0037276566,0.030553794,-0.021938086,0.035226807
Platts_HFO380_SIN_ext_USD_t_BB_lower_20,0.0794018,0.005486316,-5.4988588e-05,-0.010152926,0.0033405337,0.0060059917,-0.0036475856,-0.05004927,-0.013442909,-0.039047122,0.01615673,-4.208173e-05,0.0011083821,0.026485315,0.043472882,0.05252799,-0.005411657,0.020813301,0.010063051,0.00068942277,-0.029278098,0.009332453,-0.02255294,-0.028627986,0.0020035391,-0.0048957127,0.0030011835
Platts_HFO380_SIN_ext_USD_t_BB_width_20,-0.041085064,0.0030392879,-0.058469865,0.012895343,0.04743626,0.016692154,0.02789109,-0.027593575,0.0058293357,0.009545408,-0.0637169,0.011137967,-0.02020576,0.016340153,0.040048208,0.011446649,0.11587423,0.019337522,0.015203129,-0.011562837,0.017254565,0.0027414444,0.059144624,0.056457378,0.035163444,-0.018108625,0.06981687
Platts_HFO380_SIN_ext_USD_t_BB_pct_20,-0.007311789,0.016651923,0.046709605,-0.070179135,-0.014410135,0.11070703,0.009171579,0.007446394,0.032809824,0.08110014,-0.03746083,0.0075252107,-0.034831908,-0.04318993,0.074460335,-0.026585221,-0.03944002,-0.10631205,0.03185256,-0.047172334,-0.036840536,-0.047972575,-0.0035983317,0.014200461,0.039847948,-0.0014811897,-0.01677545
Platts_HFO380_SIN_ext_USD_t_BB_mid_40,0.07699168,0.004597761,-0.024352726,0.0050178645,0.016012698,0.007391942,-0.0045043137,-0.057283428,-0.01679849,-0.036411922,-0.0082924785,0.021231871,0.02383823,0.039828774,0.055701945,0.04936872,0.0077384613,0.013792143,0.0031941987,-0.008265477,-0.016345443,0.011739689,-0.0023549588,-0.02136904,0.024703594,-0.023218365,0.0071242773
Platts_HFO380_SIN_ext_USD_t_BB_upper_40,0.06789494,0.008759268,-0.04188661,0.0058897096,0.029309053,0.018408036,0.0012987389,-0.06991077,-0.015212009,-0.04425055,-0.021507869,0.031908136,0.02496547,0.045483697,0.06329776,0.05056868,0.0350221,0.005781679,0.02245192,-0.005837199,-0.009371916,0.017754521,-0.009063532,-0.0155824525,0.029643605,-0.029787386,0.007443057
Platts_HFO380_SIN_ext_USD_t_BB_lower_40,0.08101321,-0.0005083266,-0.002430671,0.0036155246,-0.00041002347,-0.0057325056,-0.010729158,-0.03823567,-0.01722336,-0.024517838,0.007404902,0.00735835,0.020601964,0.030135859,0.042501546,0.04395571,-0.023899868,0.021763505,-0.018951183,-0.010346873,-0.02292904,0.0039418545,0.0054614726,-0.026191832,0.01706378,-0.013849228,0.0061776475
Platts_HFO380_SIN_ext_USD_t_BB_width_40,-0.048505947,0.0050482964,-0.05927483,0.0032272467,0.057967357,0.035310548,0.03869556,-0.02007549,0.022441322,-0.004009289,-0.05865234,0.01921481,-0.014222598,0.04398353,0.01862216,0.02199039,0.08875168,-0.003848133,0.074036784,0.009813377,0.0361641,0.004302788,-0.02213257,0.015706541,-0.016621288,-0.0157039,-0.0008512043
Platts_HFO380_SIN_ext_USD_t_BB_pct_40,-0.0050195884,0.022331264,0.054796636,-0.08267411,-0.016364459,0.09549443,0.0085327625,-0.015233751,0.031713873,0.05820253,-0.005477034,-0.026417073,-0.068135194,-0.060557716,0.05108935,-0.011177878,0.0042652274,-0.06986336,0.036044452,-0.02307069,-0.047242787,-0.029320983,-0.03674222,0.027298648,0.01835481,0.04533206,0.022069437
Platts_HFO380_SIN_ext_USD_t_RealVol_5d,-0.033354986,0.001200158,-0.053938564,0.0030143033,0.04994666,-0.019677807,0.023692321,-0.0046451227,0.017416328,-0.007405651,-0.051394593,-0.0054163444,-0.027438974,0.026045013,0.040804062,-0.012130322,0.11422245,0.0118143745,0.0061179544,-0.008635985,-0.03645942,-0.0022041306,0.013320282,0.045938704,0.018184416,-0.013120501,0.07081299
Platts_HFO380_SIN_ext_USD_t_RealVol_10d,-0.039394993,0.0008889405,-0.062427625,0.0026218845,0.056030825,-0.015006166,0.02319744,-0.006036063,0.024335068,-0.0057151825,-0.065620795,-0.0015727406,-0.030035257,0.029186238,0.042558786,-0.0148885455,0.12501304,0.021561919,0.0069409776,-0.010616223,-0.03310594,-0.005040732,0.0291395,0.04400393,0.03472092,-0.031717703,0.07459177
Platts_HFO380_SIN_ext_USD_t_RealVol_21d,-0.046565242,-0.00037810515,-0.06655187,-0.00053133944,0.058106273,4.9935057e-05,0.023837237,-0.009467839,0.033688825,0.011632257,-0.071529895,0.006139366,-0.026198437,0.031301837,0.019472526,-0.0027283125,0.10571521,0.022114653,0.041606642,0.0015550628,-0.0041680355,-0.0045709554,0.021159006,0.030733177,0.04177836,-0.05585089,0.05182713
Platts_HFO380_SIN_ext_USD_t_RealVol_42d,-0.052706372,-0.0002154642,-0.06063837,-0.005003398,0.063406095,0.020599077,0.022517025,-0.012323411,0.034062043,0.010533939,-0.057605434,0.019324992,-0.03136956,0.031529214,-0.02224067,0.010929988,0.07822906,0.033215377,0.070491344,0.007446221,0.0187661,-0.007158066,0.010837614,0.0016869166,0.025614804,-0.06734504,0.03608683
Platts_HFO380_SIN_ext_USD_t_MOM_5d,-0.0017458033,0.008199712,0.03417981,-0.051459443,-0.006343223,0.08554326,0.013374901,0.017119713,0.020673785,0.08271487,-0.04599071,0.023184527,-0.036263216,-0.026269246,0.06433793,-0.045294493,-0.053872295,-0.075356886,-0.0063172253,-0.028226037,-0.019299433,-0.003387276,0.07849537,0.008785367,0.05542847,-0.09683673,-0.06549518
Platts_HFO380_SIN_ext_USD_t_ROC_5d,-0.0031516997,0.008357231,0.036214907,-0.050501417,-0.002299034,0.09515166,0.0074426364,0.01690555,0.02393068,0.08550895,-0.041321136,0.03431318,-0.0328724,-0.017225591,0.04092862,-0.04860146,-0.052857116,-0.047806025,-0.0017313499,-0.035515964,-0.020558525,-0.017655296,0.07642383,0.016534647,0.06536325,-0.102627076,-0.0415105
Platts_HFO380_SIN_ext_USD_t_MOM_10d,-0.00083108473,0.011726869,0.043593127,-0.066100016,-0.010226198,0.09832686,0.016614208,0.008063943,0.02826972,0.0748752,-0.036674052,0.0021739283,-0.06492056,-0.058058135,0.0652179,-0.024369381,-0.031325128,-0.089937985,0.044827424,0.011327961,-0.009192013,-0.018012356,0.002864873,0.0086527215,0.045063548,-0.060354635,-0.039966382
Platts_HFO380_SIN_ext_USD_t_ROC_10d,-0.0032165009,0.0115504665,0.04531682,-0.062498324,-0.005325394,0.110451706,0.008120393,0.006252007,0.03048012,0.07828659,-0.028482057,0.017145555,-0.055867076,-0.044538897,0.032771677,-0.030140372,-0.031134758,-0.053966217,0.047837183,-0.0020683703,-0.004533733,-0.0352213,-0.0019230733,0.015335371,0.054284774,-0.05926388,-0.015662165
Platts_HFO380_SIN_ext_USD_t_MOM_21d,0.0016460047,0.016990334,0.052590225,-0.07939524,-0.013664191,0.08488619,0.02000828,-0.007941833,0.026749125,0.024602858,-0.002762186,-0.039564297,-0.10226771,-0.07609598,0.042707313,0.0004152809,0.04004452,-0.045865193,0.08012858,0.03607458,-0.01995052,-0.01563672,-0.07519972,0.030014934,0.016593136,0.03659855,0.023012932
Platts_HFO380_SIN_ext_USD_t_ROC_21d,-0.002259147,0.016555488,0.054253407,-0.072648115,-0.0061864117,0.09936424,0.008700995,-0.008439908,0.027081031,0.020269746,0.010319893,-0.019725803,-0.08973693,-0.06037694,0.014473506,-0.012561673,0.04040101,-0.015490107,0.08970723,0.011205792,0.0029303508,-0.03478109,-0.07439711,0.025854366,0.00988196,0.044037193,0.04934912
Platts_HFO380_SIN_ext_USD_t_MOM_42d,0.006907376,0.026691679,0.06290737,-0.07008651,-0.00037668023,0.061472274,0.027646068,-0.04549179,0.0065279715,-0.025742028,0.049937487,-0.068529904,-0.089397185,-0.07386395,0.031042138,0.037916757,0.03651401,0.020035148,0.044695448,0.030116184,-0.047401134,0.015512504,-0.0066183126,0.004214107,-0.03191877,-0.039255425,0.008922803
Platts_HFO380_SIN_ext_USD_t_ROC_42d,0.0017932967,0.026603827,0.065993994,-0.063581616,0.0076074554,0.07391436,0.011683698,-0.037634686,0.014137435,-0.04863852,0.074601226,-0.05734641,-0.06926055,-0.06270163,0.0009105919,0.00946937,0.03450021,0.020517945,0.05733948,-0.010435298,-0.024455583,-0.020672051,-0.004769474,-0.002784888,-0.065370515,-0.032224555,0.011939495
Platts_HFO380_SIN_ext_USD_t_MOM_62d,0.012522808,0.03322015,0.06357927,-0.048061337,0.0106152035,0.04509339,0.022247968,-0.061533153,0.012101793,-0.06267249,0.054575436,-0.068548605,-0.060280085,-0.073675126,0.06864266,0.08485574,0.009957054,0.024043605,-0.022524418,0.01401518,-0.039621953,0.052550346,0.022916382,-0.009465813,-0.0066825906,-0.04804319,-0.00096904405
Platts_HFO380_SIN_ext_USD_t_ROC_62d,0.0065648784,0.033292674,0.06524092,-0.04416742,0.010783997,0.053859208,0.00081237074,-0.055262383,0.023201464,-0.08341695,0.09133439,-0.055548545,-0.043990493,-0.062657446,0.04160378,0.04644134,-0.0036312602,0.0037543217,-0.009788152,-0.023218712,-0.011798631,0.0259634,0.031269528,-0.0036629003,-0.021537231,-0.06958158,-0.0045776707
Platts_HFO380_SIN_ext_USD_t_Zscore_21d,-0.0074693006,0.016960142,0.047752865,-0.07136153,-0.014620667,0.11087348,0.009175103,0.006548158,0.032709636,0.07925691,-0.035129946,0.0061131455,-0.035740484,-0.04497332,0.072611086,-0.026097188,-0.03634304,-0.10582646,0.0325777,-0.04611328,-0.038478844,-0.048864685,-0.007672253,0.015335001,0.03859671,0.0038134141,-0.014691816
Platts_HFO380_SIN_ext_USD_t_Zscore_63d,-0.0020685804,0.03121758,0.06223001,-0.073283724,-0.009484626,0.08234569,0.014173547,-0.032239176,0.024542568,0.04333093,0.023357065,-0.048335254,-0.07238221,-0.064272225,0.05341368,0.0042601284,0.009569476,-0.022331806,0.026983425,-0.015181728,-0.031473875,0.0058407844,-0.037159447,0.014856781,-0.017952418,0.037323758,0.027985191
Platts_HFO380_SIN_ext_USD_t_PctFrom52wHigh,0.052465077,0.02907189,0.06324461,0.0038081233,-0.051038623,0.00011659939,0.02258456,-0.031747837,-0.01281197,0.012343403,-0.0038619328,0.008499938,0.007583,0.014301862,0.10185361,0.053845193,0.040553927,-0.008303751,0.006645717,0.019036693,-0.044022385,0.021150919,-0.03636889,0.017438632,-0.0034182929,0.012301453,0.03397126
Platts_HFO380_SIN_ext_USD_t_PctFrom52wLow,-0.026725328,0.056657277,0.058773138,-0.027177595,-0.0035394963,-0.009204671,-0.029422916,-0.006948692,0.03134172,-0.033853173,0.06392136,0.012469783,0.054876592,-0.010540918,0.06592297,0.016274456,-0.0099080475,-0.016269358,0.001209581,-0.017522343,-0.031204171,0.0566754,-0.08066201,0.10171244,-0.02133281,-0.037575483,0.031985566
Platts_HFO380_SIN_ext_USD_t_Spread_EMA12_EMA26,0.0055736825,0.024412662,0.061349653,-0.078182615,-0.007967202,0.072142124,0.024319725,-0.03310917,0.019831069,-0.011855472,0.030539807,-0.06398611,-0.106321655,-0.08469649,0.038207255,0.03585735,0.051160898,-0.01454248,0.0727715,0.044585697,-0.03064827,-0.0034408458,-0.06381869,0.019298555,-0.0049190633,0.01896079,0.028781224
Platts_HFO380_SIN_ext_USD_t_Dist_from_EMA26,0.0032670654,0.019326655,0.06634821,-0.07585335,-0.009513299,0.11235452,0.0056462726,-0.007048515,0.024696955,0.038418725,0.010166138,-0.0067669554,-0.0736688,-0.06360094,0.02249087,-0.022110801,-0.006925734,-0.03224314,0.05817053,-0.009250425,-0.012811992,-0.0304766,-0.0139233805,0.016144512,0.025529934,-0.02837245,0.006903812
C5_FFA_C5_1MON_EMA_5,0.054735966,0.055322688,0.0065580104,0.061178505,0.02030386,0.025555078,0.014974198,-0.00785472,0.034558076,-0.02639074,-0.013411256,0.0082727065,-0.03349537,0.039477758,-0.013433056,-0.031704284,-0.008309151,-0.023697538,-0.012262366,0.020397909,0.0014259547,-0.008295453,0.00043131917,0.0010325733,0.011227534,0.023840979,-0.0073510874
C5_FFA_C5_1MON_EMA_12,0.05568303,0.054639254,-0.0017617567,0.0627828,0.0069779945,0.02570529,0.008832959,-0.0071998844,0.041944426,-0.030111685,-0.013043884,0.007170245,-0.033443138,0.037375197,-0.011565423,-0.033896826,-0.0093464125,-0.013989874,-0.0061004553,0.01651751,-0.0008613863,-0.0021178345,0.0014877345,-0.001563484,0.008468826,0.022335324,-0.007136893
C5_FFA_C5_1MON_EMA_26,0.05701204,0.052699227,-0.014280743,0.0628079,-0.009983727,0.025869925,0.0052397233,-0.0017895382,0.04016073,-0.025729867,-0.004913527,0.017702239,-0.03465259,0.038085967,-0.0037093284,-0.029326405,-0.016840197,-0.0057131783,0.0075009763,0.008877672,-0.004407941,-0.0017412575,0.01014431,0.00036632468,0.007952028,0.022368632,-0.0066590356
C5_FFA_C5_1MON_EMA_50,0.058701042,0.04895464,-0.029023338,0.056627497,-0.023772305,0.02645953,0.009520665,0.010610933,0.02622994,-0.015343461,0.005749347,0.03257489,-0.03159373,0.03999743,0.007029017,-0.027320998,-0.021763617,-0.0021894644,0.0138819525,0.01008441,-0.007380097,-0.011676187,0.0109099215,0.002060695,0.0026449326,0.024112366,-0.0067418246
C5_FFA_C5_1MON_MACD,0.004545809,0.023720583,0.07393247,0.013872356,0.10226056,0.0047635506,0.02330581,-0.033729322,0.019957708,-0.032739956,-0.051183365,-0.06092737,-0.00028815656,0.004127147,-0.0492249,-0.034705095,0.04240347,-0.05226364,-0.08211454,0.049046963,0.020863682,-0.0027089831,-0.05106241,-0.011806379,0.004959582,0.0047905254,-0.0044313986
C5_FFA_C5_1MON_MACD_signal,0.0060927467,0.026108757,0.06728408,0.021601927,0.08327669,0.005392409,0.004486071,-0.04524469,0.056854237,-0.056457482,-0.06520361,-0.08676185,0.0009502149,-0.005421638,-0.05851727,-0.049974006,0.050611,-0.02942917,-0.0782291,0.043491006,0.02286335,0.027367974,-0.049387693,-0.021463871,-0.003309224,-0.00061338494,-7.0914924e-05
C5_FFA_C5_1MON_MACD_hist,-0.0037685626,-0.0024906201,0.034816697,-0.020592054,0.077733174,-0.00095112645,0.061508294,0.028075136,-0.10751027,0.06514234,0.032166835,0.06592349,-0.0037992417,0.029674716,0.018271402,0.03922248,-0.016352175,-0.07940787,-0.028098624,0.026558686,-0.0018857616,-0.09141949,-0.015232787,0.026828837,0.025972951,0.017282654,-0.014058485
C5_FFA_C5_1MON_RSI_14,0.0114665385,0.019813448,0.07763303,0.010837197,0.10640884,-0.0021122068,0.037811086,0.00094382995,-0.02898742,0.014167289,0.004954756,0.0005341431,0.0071703605,0.038370814,-0.04281821,0.03549586,0.0033331001,-0.05519261,-0.027275888,0.0118327085,0.10177465,-0.004149793,0.0028165483,0.022249416,0.05761066,-0.025325809,0.019605378
C5_FFA_C5_1MON_Stoch_K_14,0.005689747,0.007864739,0.05962948,0.007026285,0.08892752,-0.007887619,0.051602513,0.00989132,-0.06674785,0.04984285,0.040488925,0.048765652,-0.0063581504,0.055678066,-0.010598228,0.06707071,-0.011703535,-0.06489079,-0.00566922,0.0011905655,0.09106943,-0.0072113443,0.04631995,0.048459217,0.0465777,0.0054729073,0.035616234
C5_FFA_C5_1MON_Stoch_D_14,0.0066109784,0.008860534,0.062635094,0.011000857,0.0942748,-0.006846207,0.053142063,0.012359057,-0.06357822,0.042646855,0.03457292,0.040439725,-0.0045348043,0.04986335,-0.010950611,0.057390053,-0.007106792,-0.065621376,-0.018585304,0.009420721,0.08130172,-0.016459132,0.012821865,0.036839113,0.046161957,-0.00032920908,0.028028063
C5_FFA_C5_1MON_Stoch_K_21,0.0063174325,0.011211656,0.068188354,0.009126845,0.09891962,-0.0073900134,0.055509713,0.0048080287,-0.05258159,0.034677144,0.025877576,0.022918535,-0.0044028726,0.05358378,-0.014976643,0.044258315,0.0066034244,-0.0639167,-0.042543158,0.025200397,0.10136497,-0.012869874,-0.004663183,0.034807093,0.050878618,-0.0098061245,0.015505735
C5_FFA_C5_1MON_Stoch_D_21,0.0070921946,0.012100513,0.06934131,0.01288456,0.10044877,-0.006490526,0.054569688,0.005285263,-0.04530293,0.02511807,0.017791564,0.011058324,-0.0022430785,0.04621376,-0.016010111,0.032458797,0.01369562,-0.06130982,-0.054591585,0.033759892,0.09292936,-0.018779572,-0.036885995,0.021472316,0.04844914,-0.014920256,0.009677557
C5_FFA_C5_1MON_BB_mid_20,0.055778444,0.052843887,-0.011734847,0.06314721,-0.009744512,0.02543437,0.0012295442,-0.006885716,0.04974365,-0.032016102,-0.010629708,0.007514753,-0.032936014,0.034928918,-0.00857965,-0.033658013,-0.012313512,-0.0020947878,0.005522531,0.008584349,-0.00017081985,0.0071335775,0.012375344,-0.0016797051,0.0056673544,0.020380167,-0.0031766305
C5_FFA_C5_1MON_BB_upper_20,0.052640807,0.055918016,-0.012414823,0.052822042,-0.006429983,0.024123278,0.015297691,0.009147479,0.049253885,-0.04214931,0.0027437087,-0.0115472935,-0.027520202,0.045749545,-0.0026784316,-0.03763946,-0.0058375294,0.015947422,0.017636431,-0.012035337,0.0054049687,0.013399227,0.020044545,0.010462617,0.01637268,0.01876895,-0.0014771943
C5_FFA_C5_1MON_BB_lower_20,0.05558042,0.044736356,-0.009937962,0.07179438,-0.013333398,0.025187375,-0.017291984,-0.027354361,0.046543293,-0.01627095,-0.027325353,0.031901985,-0.037486024,0.01805853,-0.015646402,-0.025843639,-0.019844947,-0.025564848,-0.010770815,0.034929175,-0.007460822,-0.001624105,0.0013745205,-0.017454062,-0.00879212,0.020916576,-0.0051570917
C5_FFA_C5_1MON_BB_width_20,-0.008863005,0.022316717,-0.0015441278,-0.036404453,0.026289232,-0.014142689,0.062932946,0.07454444,0.016992059,-0.046973594,0.0515908,-0.08086169,0.010922719,0.06875192,0.039320968,-0.032969214,0.023159033,0.07055418,0.066575296,-0.085024096,0.035570446,0.01605002,0.03503676,0.040559225,0.033508737,-0.012060683,0.021073814
C5_FFA_C5_1MON_BB_pct_20,0.0060800915,0.011347696,0.066714615,0.0013750137,0.09346292,-0.004357296,0.055820458,0.01691873,-0.06486788,0.04567866,0.03198624,0.03051253,0.0015565294,0.05666552,-0.009319935,0.06021638,-0.011327466,-0.065533355,-0.016011642,0.012971928,0.08830931,-0.026769683,0.042692475,0.042294838,0.06228002,-0.016280975,0.013918647
C5_FFA_C5_1MON_BB_mid_40,0.05643511,0.048751544,-0.027130242,0.06165156,-0.027193902,0.025307063,0.002019559,0.0047681727,0.03269394,-0.01660208,0.008698263,0.035803754,-0.03842538,0.038581863,0.008065847,-0.015821546,-0.030651962,0.00024286797,0.028533125,-0.005101135,-0.0126489485,-0.003157611,0.02384908,0.006808948,0.012270395,0.022619914,-0.008196139
C5_FFA_C5_1MON_BB_upper_40,0.051577028,0.05298407,-0.028880293,0.046706483,-0.022764647,0.023605304,0.02280332,0.022456842,0.035676625,-0.037809078,0.014449211,0.008766704,-0.021850014,0.048696995,0.011736407,-0.020492896,-0.04046088,0.021293001,0.03863844,-0.029019475,0.0046690586,0.005783722,0.023006255,0.024545643,0.023918763,0.0032421332,-0.0148269525
C5_FFA_C5_1MON_BB_lower_40,0.054769937,0.035154343,-0.020436443,0.073734544,-0.029403683,0.023872597,-0.028270565,-0.021479806,0.023367189,0.016539503,-0.00093399925,0.0693012,-0.056429412,0.018061861,0.0015316333,-0.0066518416,-0.0117924055,-0.03015837,0.0095717115,0.030183988,-0.035685625,-0.015569886,0.021399757,-0.019821836,-0.0064175944,0.047095414,0.002628109
C5_FFA_C5_1MON_BB_width_40,-0.008505125,0.024772692,-0.004525157,-0.03565348,0.02358221,-0.0031101955,0.068694666,0.06047231,0.03483617,-0.07135253,0.0148787815,-0.09303683,0.044577017,0.04839784,0.020261316,-0.029979538,-0.047567777,0.06459409,0.05432704,-0.07597901,0.06113082,-0.007588596,0.014227249,0.05647713,0.010770015,-0.06807716,-0.016321836
C5_FFA_C5_1MON_BB_pct_40,0.009128273,0.02054043,0.074322544,0.007901643,0.098745145,0.0013223749,0.05201811,-0.0073020537,-0.02958627,0.012820565,0.021093031,-0.020166887,0.007340551,0.042252317,-0.037899133,0.026483087,0.027426405,-0.06501063,-0.047144763,0.01781045,0.0977324,0.0026896037,0.0077205864,0.009684352,0.05693291,-0.014873656,0.017168934
C5_FFA_C5_1MON_RealVol_5d,0.0011313602,0.010227412,-0.014971222,-0.03302176,0.017300619,-0.016030386,0.038760755,0.07083236,0.014155189,-0.014774347,0.01233761,-0.034522306,-0.005344207,0.056612894,0.008513448,-0.010597445,0.007639034,0.0068160794,0.08702625,-0.074100204,-0.02160897,0.014933912,-0.072742715,-0.05383948,0.020891482,-0.026012156,0.03297298
C5_FFA_C5_1MON_RealVol_10d,-0.00027813288,0.013816157,-0.017541124,-0.048707593,0.020411175,-0.01864185,0.044917375,0.089773975,0.018089937,-0.018689841,0.009824558,-0.048322298,0.002450807,0.07039276,0.0143471705,-0.010404218,0.012111133,0.017964002,0.097134314,-0.08796145,-0.014541719,0.018785842,-0.0721797,-0.05352994,0.034461256,-0.048234716,0.047762904
C5_FFA_C5_1MON_RealVol_21d,-0.0014409453,0.01804192,-0.01979354,-0.067004144,0.019580247,-0.019891528,0.050325662,0.099109575,0.029613068,-0.02561484,0.011507619,-0.0722063,0.026623627,0.08184812,0.006774269,-0.006046617,-0.0036095954,0.037328538,0.11263772,-0.066097125,0.015445706,0.022041611,-0.07287557,-0.060678773,0.031123767,-0.08835482,-0.020232841
C5_FFA_C5_1MON_RealVol_42d,-2.448071e-05,0.022312203,-0.014653713,-0.08221141,0.021283418,-0.012701433,0.052191947,0.081196256,0.046788372,-0.016669868,0.020861762,-0.08114769,0.05467228,0.07357391,-0.023907099,0.018437238,-0.057517,0.06745392,0.109260984,-0.061172336,0.044099037,-0.04091056,-0.05791987,-0.009317664,0.0379156,-0.098309904,-0.019802555
C5_FFA_C5_1MON_MOM_5d,-0.0013129537,0.006525659,0.046243895,-0.012072633,0.07589529,0.002174779,0.04621107,-3.9211518e-05,-0.06979634,0.061389152,0.031130552,0.055353187,-0.009317227,0.030433191,0.0045517934,0.05395867,-0.03387459,-0.06947781,0.016239477,-0.015707077,0.038236212,-0.03273453,0.112277485,0.06274937,0.033032287,0.018825613,0.02179946
C5_FFA_C5_1MON_ROC_5d,-0.0016319811,0.0071911057,0.04692861,-0.01710537,0.07544934,0.006452277,0.04776349,0.0028112002,-0.06518731,0.059108302,0.03803875,0.053208273,-0.0027763916,0.049159933,-0.009616148,0.05458494,-0.029852841,-0.05331054,0.03167235,-0.019016912,0.064301476,-0.02307678,0.110721685,0.06084392,0.036194973,0.017208472,0.03109737
C5_FFA_C5_1MON_MOM_10d,-0.000426834,0.0099796895,0.05810632,-0.007258722,0.09801786,0.000678224,0.05192986,-0.0014048365,-0.0675608,0.04081056,0.014233642,0.032444187,-0.010465295,0.02705326,-0.0039783563,0.03134508,-0.0064767767,-0.07956214,-0.023263127,0.0193636,0.022367796,-0.053485133,0.020339772,0.032916654,0.03144535,0.021285381,0.0078760395
C5_FFA_C5_1MON_ROC_10d,-0.0008475695,0.0111173075,0.059973206,-0.014219583,0.098132744,0.008191949,0.05644042,0.0018686194,-0.062210523,0.03912437,0.029508216,0.02800651,-0.0008513677,0.0448443,-0.017896613,0.033278838,-0.004114731,-0.054417882,0.0049104732,0.01014034,0.06293564,-0.048500407,0.01938545,0.032357056,0.033569377,0.02235267,0.019024277
C5_FFA_C5_1MON_MOM_21d,0.001804126,0.01643311,0.06841222,0.0015934753,0.105125986,0.0035608222,0.039185196,-0.012798333,-0.022061625,-0.009626238,-0.040500525,-0.03185888,0.0044907797,0.013401573,-0.03755759,-0.02583009,0.038769573,-0.068566315,-0.10296638,0.06230023,0.010369472,-0.03747919,-0.08184102,-0.01604474,0.0048794253,0.003971853,-0.025713092
C5_FFA_C5_1MON_ROC_21d,0.00082568935,0.0175105,0.06999035,-0.0037730657,0.10705562,0.008927511,0.04700226,-0.0046829204,-0.02003325,-0.021700962,-0.010653964,-0.03889009,0.012831803,0.023353625,-0.050458837,-0.024095055,0.035022233,-0.03638879,-0.054667037,0.031098435,0.058229096,-0.038945593,-0.078673325,-0.006911315,-0.0026351216,0.0070349243,-0.022974309
C5_FFA_C5_1MON_MOM_42d,0.0055463053,0.026593467,0.07019797,0.015256173,0.08627697,0.009168946,0.009638812,-0.052409567,0.050394878,-0.033021457,-0.042251404,-0.07401664,0.0040473803,-0.008780713,-0.04803432,-0.03204438,0.027709292,-0.025280818,-0.025127614,0.017612899,0.052906282,0.05321363,0.057886917,0.011082953,-0.0076578828,0.019487906,0.02821684
C5_FFA_C5_1MON_ROC_42d,0.0034924597,0.026579708,0.07012695,0.009998294,0.086218044,0.012695153,0.015495606,-0.037866563,0.0493745,-0.057830226,-0.023212554,-0.0748683,0.009232805,-0.0028504496,-0.06113075,-0.044937856,0.0039455784,-0.006474571,-0.0012599721,-0.026376244,0.09037706,0.036919132,0.04260265,0.022535268,-0.008853578,-0.013148421,0.017832331
C5_FFA_C5_1MON_MOM_62d,0.008531931,0.031225713,0.066303425,0.040252127,0.07522137,0.0040962803,-0.008623684,-0.058592625,0.06556355,-0.053524543,-0.03748559,-0.04632272,-0.040733684,0.0023302801,-0.049652893,0.013725396,0.0010391708,-0.0414514,-0.005791851,-0.028749146,-0.016752057,0.057611693,0.02425596,0.024295732,0.05175207,-0.0042040837,0.000220853
C5_FFA_C5_1MON_ROC_62d,0.0051621324,0.03264539,0.06789371,0.031539597,0.07078133,0.0074191056,-0.007343146,-0.04771403,0.06451222,-0.07344847,-0.021513073,-0.03611814,-0.03922818,0.00531624,-0.059484787,-0.00047101956,-0.033890903,-0.026055848,0.013124326,-0.061086126,0.03103228,0.03395851,0.029952157,0.033429433,0.058815707,-0.033763412,-0.013656358
C5_FFA_C5_1MON_Zscore_21d,0.0062379492,0.011955289,0.06772165,0.0012135142,0.09469051,-0.003840623,0.055913836,0.015973812,-0.063037984,0.044250898,0.03022172,0.02682921,0.0018840738,0.05528343,-0.0103959665,0.057695102,-0.009315508,-0.064860635,-0.018928422,0.015525972,0.090083964,-0.028097697,0.036806956,0.03947658,0.06307755,-0.01843394,0.011123206
C5_FFA_C5_1MON_Zscore_63d,0.012417471,0.024443995,0.07395242,0.018403232,0.09922143,0.003110473,0.041866463,-0.017271971,0.002583711,-0.009622088,0.0052642883,-0.029581789,0.0050617065,0.031237748,-0.034174252,0.015558344,0.028606588,-0.056014095,-0.03405449,-0.012058942,0.10156831,0.022306738,0.013466581,0.00837912,0.050710462,-0.017289158,0.0067461915
C5_FFA_C5_1MON_PctFrom52wHigh,0.00653598,0.024953285,0.07774299,0.10148186,0.014513897,0.019300595,-0.024861211,-0.0438266,-0.012338068,-0.017501092,-0.020685256,-0.014841205,0.0030830991,0.0740543,0.03303664,0.009107803,0.028960995,-0.053341407,0.012643918,-0.00044613454,-0.0051052673,-0.00051899464,-0.008526365,0.046060156,-0.001724932,0.023223814,-0.007118688
C5_FFA_C5_1MON_PctFrom52wLow,-0.0025584048,0.070930995,0.04826732,0.070782475,0.011167032,0.0067008156,0.00708657,0.00816029,0.026191888,-0.02028454,-0.001741684,0.006901876,-0.017036045,0.020237092,-0.03455659,-0.00020643554,-0.008954008,-0.032349374,-0.014345835,-0.0033785752,0.023812091,0.03137542,0.0013464574,0.05774703,0.021486403,0.0142404875,-0.026422556
C5_FFA_C5_1MON_Spread_EMA12_EMA26,0.004545809,0.023720583,0.07393247,0.013872356,0.10226056,0.0047635506,0.02330581,-0.033729322,0.019957708,-0.032739956,-0.051183365,-0.06092737,-0.00028815656,0.004127147,-0.0492249,-0.034705095,0.04240347,-0.05226364,-0.08211454,0.049046963,0.020863682,-0.0027089831,-0.05106241,-0.011806379,0.004959582,0.0047905254,-0.0044313986
C5_FFA_C5_1MON_Dist_from_EMA26,0.0020592224,0.017721027,0.077363476,-0.00286898,0.112032376,0.009394917,0.04521145,-0.01678579,-0.033285893,0.008710974,0.005698548,-0.0036590293,0.002663821,0.03343633,-0.046920452,0.0091696,0.0082613835,-0.054173794,-0.01951806,0.010923315,0.07613758,-0.026767585,0.0059429635,0.025035234,0.022842487,0.013735966,0.011213296
C5_vs_C5_FFA_C5_1MON_spread,-0.0052030063,-0.00663195,0.027191348,0.068502925,0.013386854,0.033711188,-0.021668995,0.14291039,-0.070609406,-0.012677412,-0.026542252,-0.044633567,0.03872197,-0.07931367,0.01096219,0.026864193,-0.02060472,0.022463253,0.013154153,-0.031657547,-0.12922172,0.0131008,-0.03362852,-0.025480993,-0.058251027,-0.03722548,0.0040977662
C5_vs_C5_FFA_C5_1MON_pct_gap,-0.0018427166,-0.0045891926,0.027899789,0.058803976,0.012780468,0.030356672,-0.04098734,0.13962755,-0.07284065,-0.03605342,-0.033114992,-0.032773305,0.06258249,-0.083531335,0.023896484,0.026316492,-0.025432307,0.033891857,0.036995422,-0.025136534,-0.13248885,-0.011022681,-0.021371644,-0.04401331,-0.045437917,-0.053690393,0.024351785
C5_vs_C5_FFA_C5_2MON_spread,-0.0042701005,0.000441779,0.028306246,0.08386124,0.008470372,0.043838907,-0.021283135,0.14708804,-0.060983375,-0.02397331,-0.015637526,-0.034041986,0.029285192,-0.06292735,-0.006293009,0.019007014,-0.010876532,0.017795334,0.0007859671,-0.012329483,-0.121497326,0.033171427,-0.029376663,0.02145091,-0.014981944,-0.0029529862,-0.012312104
C5_vs_C5_FFA_C5_2MON_pct_gap,-0.0009861364,0.0017261446,0.028931288,0.07204946,0.0070101633,0.040145397,-0.041466437,0.14299302,-0.06596601,-0.0510182,-0.0156022115,-0.016716458,0.051696718,-0.067910805,0.0099550905,0.012909145,-0.018023362,0.026069382,0.03841953,-0.0032261861,-0.13137023,0.019308938,-0.017906014,0.0019479526,0.0071478514,-0.015219913,0.008000086
IronOre_vs_Bunker_ratio,-0.058226947,0.0350052,0.03293627,-0.014514803,-0.004354432,-0.08661818,-0.037263718,0.05411525,0.03630023,0.024270609,-0.012688723,-0.0063330256,0.0010777116,0.037974395,-0.02499855,-0.021992404,-0.020124584,0.0076138102,-0.0117882965,0.03246952,-0.013467675,-0.007561224,0.014396092,-0.014279843,-0.0054104924,0.0123582445,0.020603005
Brent_vs_HFO_spread,0.037110284,0.012361726,-0.05848996,-0.038208235,0.026807543,0.017458461,-0.067142524,0.023293374,-0.059601977,0.01354791,-0.014806143,0.021800602,0.09776712,0.02997702,-0.0910984,-0.12090748,-0.017418703,0.0020135164,-0.029298361,-0.041803714,0.067208,-0.020038059,0.040158536,0.022680594,-0.06810554,0.027795363,-0.018449942
Cape_Atlantic_utilisation,-0.011386137,0.0021088033,-0.006652248,0.027463818,-0.02074579,0.039294515,-0.0036298877,0.052289147,0.02946823,-0.04328101,-0.109857254,0.0062545016,0.09425671,-0.00082225096,0.030149592,0.08617673,-0.065285355,-0.048443075,-0.011100412,0.044074036,0.03449887,-0.06530148,0.041223098,0.05151833,-0.13263299,-0.032504242,0.008284863
Cape_Pacific_utilisation,-0.014580135,-0.0063090213,-0.0033676452,0.016846078,0.0009463388,0.033482797,-0.016003352,0.06542437,-0.051683016,-0.05087315,-0.10016768,-0.022858895,0.088796414,-0.06643002,0.105150566,0.0022622007,-0.060592435,0.00125205,0.04020805,0.0145819625,0.029071411,-0.05687052,-0.03608482,-0.052138824,0.065404855,0.06187583,0.08443343
TF_AUS_CHN_IronOre_MT_7d_sum,-0.06378036,-0.016296394,-0.0020795928,0.028407691,0.014643231,0.050207518,-0.038680572,0.0030286843,0.0060504545,-0.02237672,-0.024197953,0.012456363,-0.038256582,0.007031246,0.038096737,0.075784974,0.014108216,0.047940496,-0.011458847,0.008731739,0.014997489,0.015081722,-0.0009739775,-0.06917386,-0.037464634,0.08504542,-0.04830106
TF_AUS_CHN_IronOre_MT_21d_sum,-0.06877096,-0.016614137,0.0022048522,0.024334727,0.00747528,0.055005953,-0.042125247,-0.0018088629,0.0054712067,-0.02411089,-0.016529359,0.007934013,-0.028368315,0.01735753,0.016477043,0.093537346,0.03359698,0.017075822,-0.010291137,0.0075427163,0.0076612616,-0.01975077,0.0057806326,-0.05588099,-0.013733385,0.08861357,-0.008604261
TF_AUS_CHN_IronOre_MT_mom_5d,0.0008294257,-0.0011522333,-0.008200861,0.013774994,0.02256996,-0.0023910191,-0.0010562699,0.010787292,0.0013839173,-0.0052718557,-0.016787173,0.007839217,-0.024963723,-0.025459133,0.059837006,-0.039992906,-0.03978885,0.08925554,-0.0013783451,0.0028814978,0.016344743,0.091700636,-0.010641743,-0.028889112,-0.055951495,-0.0014494106,-0.10815654
TF_Brazil_CHN_IronOre_MT_7d_sum,-0.0019083967,-0.021648161,0.025264021,0.05468699,-0.000856534,0.037154004,-0.04410174,0.03757276,-0.019157091,-0.014608045,0.07046831,0.04537006,-0.048930842,-0.0038442835,0.050969947,-0.025889685,0.07063441,0.054454617,0.05558874,0.074142896,0.06933438,0.00029781114,0.049987134,-0.071373604,0.02629926,-0.09144728,-0.026212068
TF_Brazil_CHN_IronOre_MT_21d_sum,-0.0031616974,-0.027708659,0.033826772,0.06676491,-0.014002732,0.062246297,-0.057134517,0.04683449,-0.023155041,-0.023417538,0.063226365,0.030978518,-0.019686531,-0.007285183,0.0601688,0.0042679026,0.077087976,-0.013410046,0.033709798,0.1026759,0.09355905,-0.014146493,0.038312178,-0.05753596,0.03675861,-0.10708144,-0.0058219642
TF_Brazil_CHN_IronOre_MT_mom_5d,0.000564813,-0.0016491171,-0.0012338577,0.006297944,0.010244571,-0.014955631,-0.003919822,0.0020892017,0.0016339879,0.0032592418,0.031261135,0.027553542,-0.048166353,0.008057775,0.0023406034,-0.048518002,0.024975115,0.09478593,0.039192013,-0.007731741,-0.00083845755,0.026678286,0.03891059,-0.030003604,0.00809254,-0.012230591,-0.041414592
C3_vs_C5_FFA_spread,0.063260205,0.03271396,-0.0068581654,0.059293177,0.026138932,0.025445603,0.006123476,-0.03917803,0.044977136,-0.023378136,-0.018128859,0.016738465,-0.032157592,0.054213077,0.0071833828,-0.02404546,-0.02170613,-0.0444202,0.0050051818,-0.002516151,0.016448218,-0.030369496,-0.008860401,-0.01800271,-0.015986264,0.0027469613,0.01334164
RiskAdj_IronOre,0.015525244,0.060888365,0.06204959,-0.03042517,-0.026676778,-0.06625236,-0.064262725,0.0029352668,-0.022707842,0.020050373,-0.03885404,-0.024516022,-0.015351134,0.032198846,-0.0023634543,-0.005407233,-0.0125052985,0.0013099986,0.030753968,0.019337548,-0.00935136,-0.013517139,0.0072112083,-0.02951105,0.011969777,-0.026707858,0.0009546152
Total_Congestion_proxy,-0.020908553,0.048381284,-0.023687461,-0.011569888,-0.045587435,0.037537083,0.10128449,-0.021596693,0.015880514,-0.090868086,0.069354415,0.038797956,0.02366058,-0.028792856,-0.033797514,0.049464963,-0.034435894,-0.02961111,-0.053512372,-0.003480649,-0.0021098687,-0.019165415,0.0034028227,-0.029163873,0.011657504,-0.0028146785,-0.061473977
C5_OBV_proxy,-0.05713107,0.054678544,-0.037866753,0.026847282,0.014802254,0.037358608,-0.011225623,-0.025762212,-0.041981786,-0.01316337,-0.017880866,0.01291111,-0.0014311454,-0.007912629,-0.0013897121,-0.014032081,-0.002190134,0.00527333,0.021761293,0.002326473,0.013892373,-0.008881007,-0.00020118513,0.01495922,0.0054853265,-0.018668853,0.011645339
DayOfWeek,6.15222e-05,7.425351e-05,0.0007460498,-0.0006550763,-0.00018519208,0.00053217367,0.001138972,-0.0012185287,-0.00030387912,0.0012153265,-0.00029188563,-0.00053516607,-0.002623923,0.0040665893,-0.0021495735,-0.0078545585,-0.0033983362,-0.002362292,0.002424013,0.0017888219,0.00841687,-0.0018881487,-0.003279855,-0.0036643862,0.0023735825,0.0035311983,0.008208738
MonthOfYear,2.327534e-05,-0.004038052,-0.016373888,0.07462743,-0.021428885,0.05753774,-0.07187948,0.0962327,-0.016441897,-0.036495753,0.030094368,0.07835542,-0.019160409,-0.008843534,0.036879223,-0.041683786,0.030907076,0.06063175,0.052972987,0.08839461,-0.027457014,0.065990984,0.035891578,0.048442993,0.051036485,0.0013966807,-0.03426563
QuarterOfYear,0.00024639926,-0.0045341193,-0.018000975,0.07405551,-0.028750211,0.060793657,-0.07581549,0.08755981,-0.008479697,-0.03013912,0.033619817,0.078060366,-0.013543955,0.00164584,0.0048914626,-0.016519548,0.02791604,0.035177078,0.054193534,0.105768315,-0.04817868,0.05444627,0.036413316,0.069110684,0.047649298,0.0010149423,-0.03234481
WeekOfYear,-0.0008183826,-0.0045462837,-0.015843714,0.074704945,-0.020691358,0.05618185,-0.072192214,0.095668755,-0.014471936,-0.037597228,0.03228755,0.077910036,-0.018600093,-0.008189686,0.036433216,-0.0434556,0.033182446,0.05832157,0.046562742,0.093295924,-0.031024452,0.07156161,0.031106727,0.03772482,0.050498556,-0.0021822616,-0.040839583
IsMonthEnd,0.00034274432,-0.00049974374,0.00073832984,-0.0033877816,0.0011234796,-0.0026479124,0.00031954606,-0.00030484676,0.0002169577,-0.0035112125,7.8613746e-05,0.004306144,-0.0007216256,0.011842716,-0.011833046,0.0037228174,0.00040105692,-0.015841654,0.027952718,0.019841056,0.007059063,-0.005768276,-0.010000031,0.017316535,0.00251059,0.040546697,-0.09666735
IsMonthStart,0.0004585588,0.000624714,-0.00012912297,-0.0023322906,-0.0010473778,-0.0014615702,-0.0025015154,0.0062077893,0.0026400872,-0.0015205975,0.0058817887,0.00088252226,-0.0021956638,0.01383585,-0.007998668,0.010221061,0.007370483,-0.003528068,0.023453679,-0.008449154,0.0012280019,0.0101795895,-0.01725947,0.0041889586,-0.0086929975,0.016665291,0.04571463
IsQtrEnd,-0.0015058116,0.0014702799,7.812491e-05,0.0012370308,0.00092805014,-0.000813523,0.0006930925,0.0036639825,0.008903479,-0.009784913,-0.015222774,0.0067147342,0.009638864,-0.0041466546,-0.0004272126,0.015129846,-0.0028674798,-0.014155677,0.030678445,0.022169864,0.021849332,-0.03081554,-0.0096748,0.01546853,-0.011298763,0.03534176,-0.06514877
CNY_season,-0.004836144,-0.0015635503,0.0027265574,-0.06698982,-0.028473886,-0.020789512,0.05472542,-0.06506571,-0.08823012,0.04322209,0.057939492,-0.0815473,0.050733864,0.032663308,-0.099088505,-0.0077651455,0.009141144,-0.09668885,-0.06121346,-0.0030507161,-0.058242634,0.019869491,-0.011860877,-0.08516064,-0.052996613,6.840857e-05,0.015691563
